X,Y,FID,Idaccident,Latitude,Longitude,Fecha,Hora,Cód_Regi,Región,Comuna,Tipo_Accid,Tipo__CONA,Zona,Ubicación,Causa,Causa__CON,Calle_Uno,Calle_Dos,Intersecci,Número,Calzada,Tipo_Calza,Estado_Cal,Condición,Estado_Atm,Fallecidos,Lesionados,Graves,Menos_Grav,Leves
-8121391.93106428,-4387693.65302144,105,1507728,-36.630255,-72.955705,2023/02/02 00:00:00+00,1899/12/30 00:00:00+00,8,REGION BIO BIO,TOME,CHOQUE FRENTE/POSTERIOR,CHOQUE,URBANA,CRUCE CON SEÑAL CEDA EL PASO,NO RESPETAR DERECHO PREFERENTE DE PASO A PEATON,IMPRUDENCIA DEL CONDUCTOR,LATORRE, ,- LATORRE,77,BIDIRECCIONAL CON BANDEJON,CONCRETO,BUENO,SECO,DESPEJADO,0,0,0,0,0
-8133809.95422074,-4413453.92838476,106,1510847,-36.815737,-73.067258,2023/02/02 00:00:00+00,1899/12/30 00:00:00+00,8,REGION BIO BIO,CONCEPCION,COLISION LATERAL,COLISION,URBANA,TRAMO DE VIA RECTA,CONDUCCION NO ATENTO CONDICIONES TRANSITO MOMENTO,IMPRUDENCIA DEL CONDUCTOR,21 DE MAYO,ARGOMEDO,21 DE MAYO - ARGOMEDO,0,BIDIRECCIONAL CON BANDEJON,CONCRETO,BUENO,SECO,DESPEJADO,0,1,0,0,1
-8127036.27452547,-4414942.43270546,107,1508068,-36.826441,-73.006409,2023/02/02 00:00:00+00,1899/12/30 00:00:00+00,8,REGION BIO BIO,CONCEPCION,ATROPELLO,ATROPELLO,URBANA,TRAMO DE VIA RECTA,CONDUCCION NO ATENTO CONDICIONES TRANSITO MOMENTO,IMPRUDENCIA DEL CONDUCTOR,CAMINO NONGUEN, ,- CAMINO NONGUEN,547,BIDIRECCIONAL,CONCRETO,BUENO,SECO,DESPEJADO,0,1,0,0,1
-8141914.34710897,-4423854.03469198,108,1509959,-36.890494,-73.140061,2023/02/02 00:00:00+00,1899/12/30 00:00:00+00,8,REGION BIO BIO,SAN PEDRO DE LA PAZ,ATROPELLO,ATROPELLO,URBANA,TRAMO DE VIA RECTA,PEATON CRUZA CALZADA FUERA PASO PEATONES,IMPRUDENCIA DEL PEATON,LOS MAÑIOS, ,- LOS MAÑIOS,7553,BIDIRECCIONAL,CONCRETO,BUENO,SECO,DESPEJADO,0,1,0,0,1
-8140819.63123651,-4400779.61810139,109,1508752,-36.724534,-73.130227,2023/02/02 00:00:00+00,1899/12/30 00:00:00+00,8,REGION BIO BIO,TALCAHUANO,COLISION LATERAL,COLISION,URBANA,CRUCE CON SEÑAL CEDA EL PASO,SEÑALIZACION DESOBEDECER SEÑAL CEDA EL PASO,DESOBEDIENCIA A SEÑALIZACION,PEDRO MONTT,LA MARINA,LA MARINA - PEDRO MONTT,0,BIDIRECCIONAL,CONCRETO,BUENO,SECO,DESPEJADO,0,0,0,0,0
-8052617.74777678,-4502539.89927451,110,1507346,-37.453722,-72.337896,2023/02/02 00:00:00+00,1899/12/30 00:00:00+00,8,REGION BIO BIO,LOS ANGELES,COLISION POR ALCANCE,COLISION,URBANA,TRAMO DE VIA RECTA,CONDUCCION NO ATENTO CONDICIONES TRANSITO MOMENTO,IMPRUDENCIA DEL CONDUCTOR,ORIENTE,GENOVA,GENOVA - ORIENTE,0,BIDIRECCIONAL CON BANDEJON,CONCRETO,BUENO,SECO,DESPEJADO,0,1,0,0,1
-8052287.57416709,-4506891.80540806,111,1509862,-37.48475,-72.33493,2023/02/02 00:00:00+00,1899/12/30 00:00:00+00,8,REGION BIO BIO,LOS ANGELES,COLISION LATERAL,COLISION,URBANA,TRAMO DE VIA RECTA,CONDUCCION NO ATENTO CONDICIONES TRANSITO MOMENTO,IMPRUDENCIA DEL CONDUCTOR,FRANCISCO ENCINA,LOS CARIBES,FRANCISCO ENCINA - LOS CARIBES,0,BIDIRECCIONAL,ASFALTO,REGULAR,SECO,DESPEJADO,0,1,0,0,1
-8056391.70115365,-4504955.18888789,112,1509873,-37.470944,-72.371798,2023/02/02 00:00:00+00,1899/12/30 00:00:00+00,8,REGION BIO BIO,LOS ANGELES,ATROPELLO,ATROPELLO,URBANA,OTROS NO CONSIDERADOS,CONDUCCION NO ATENTO CONDICIONES TRANSITO MOMENTO,IMPRUDENCIA DEL CONDUCTOR,CONTULMO, ,- CONTULMO,330,UNIDIRECCIONAL,CONCRETO,BUENO,SECO,DESPEJADO,0,1,0,0,1
-8130054.03460138,-4413426.67445423,113,1510852,-36.815541,-73.033518,2023/02/02 00:00:00+00,1899/12/30 00:00:00+00,8,REGION BIO BIO,CONCEPCION,COLISION POR ALCANCE,COLISION,URBANA,TRAMO DE VIA RECTA,CONDUCCION NO ATENTO CONDICIONES TRANSITO MOMENTO,IMPRUDENCIA DEL CONDUCTOR,LOS CARRERA,SARMIENTO,LOS CARRERA - SARMIENTO,0,BIDIRECCIONAL CON BANDEJON,CONCRETO,BUENO,SECO,DESPEJADO,0,0,0,0,0
-8160489.11734273,-4474154.43353839,114,1508693,-37.251025,-73.306921,2023/02/02 00:00:00+00,1899/12/30 00:00:00+00,8,REGION BIO BIO,ARAUCO,CHOQUE LATERAL,CHOQUE,URBANA,TRAMO DE VIA RECTA,CONDUCCION NO ATENTO CONDICIONES TRANSITO MOMENTO,IMPRUDENCIA DEL CONDUCTOR,VOLCAN LLAIMA, ,- VOLCAN LLAIMA,30,BIDIRECCIONAL,CONCRETO,BUENO,SECO,DESPEJADO,0,0,0,0,0
-8088080.01872236,-4510527.68021256,115,1508220,-37.510663,-72.656459,2023/02/03 00:00:00+00,1899/12/30 00:00:00+00,8,REGION BIO BIO,NACIMIENTO,COLISION,COLISION,URBANA,TRAMO DE VIA RECTA,CONDUCCION NO ATENTO CONDICIONES TRANSITO MOMENTO,IMPRUDENCIA DEL CONDUCTOR,JULIO HEMMELMANN,LOS CARRERA,JULIO HEMMELMANN - LOS CARRERA,0,BIDIRECCIONAL,ASFALTO,BUENO,SECO,DESPEJADO,0,9,1,0,8
-8042251.12019666,-4539478.58777751,116,1508101,-37.716676,-72.244771,2023/02/03 00:00:00+00,1899/12/30 00:00:00+00,8,REGION BIO BIO,MULCHEN,COLISION,COLISION,URBANA,CRUCE CON SEÑAL CEDA EL PASO,CONDUCCION CONTRA SENTIDO DEL TRANSITO,IMPRUDENCIA DEL CONDUCTOR,CAMPILLO,FUENZALIDA,CAMPILLO - FUENZALIDA,0,UNIDIRECCIONAL,CONCRETO,BUENO,SECO,DESPEJADO,0,5,0,0,5
-8124463.79241272,-4401997.15822435,117,1508333,-36.7333,-72.9833,2023/02/03 00:00:00+00,1899/12/30 00:00:00+00,8,REGION BIO BIO,PENCO,COLISION LATERAL,COLISION,URBANA,TRAMO DE VIA RECTA,PEATON CRUZA CALZADA FUERA PASO PEATONES,IMPRUDENCIA DEL PEATON,FREIRE, ,- FREIRE,200,UNIDIRECCIONAL,ASFALTO,BUENO,SECO,DESPEJADO,0,0,0,0,0
-8131943.01504065,-4415144.92097996,118,1510829,-36.827897,-73.050487,2023/02/03 00:00:00+00,1899/12/30 00:00:00+00,8,REGION BIO BIO,CONCEPCION,CHOQUE LADO/LADO,CHOQUE,URBANA,CRUCE CON SEMAFORO FUNCIONANDO,VELOCIDAD NO RAZONABLE NI PRUDENTE,VELOCIDAD IMPRUDENTE,CAUPOLICAN,O'HIGGINS,CAUPOLICAN - O'HIGGINS,0,UNIDIRECCIONAL,CONCRETO,BUENO,SECO,DESPEJADO,0,0,0,0,0
-8132697.53854925,-4415072.60329673,119,1508089,-36.827377,-73.057265,2023/02/03 00:00:00+00,1899/12/30 00:00:00+00,8,REGION BIO BIO,CONCEPCION,CHOQUE,CHOQUE,URBANA,TRAMO DE VIA RECTA,CONDUCIR VEHICULO EN RETROCESO,IMPRUDENCIA DEL CONDUCTOR,SALAS, ,- SALAS,655,UNIDIRECCIONAL,CONCRETO,BUENO,SECO,DESPEJADO,0,0,0,0,0
-8131383.63459941,-4415204.02714377,120,1508120,-36.828322,-73.045462,2023/02/03 00:00:00+00,1899/12/30 00:00:00+00,8,REGION BIO BIO,CONCEPCION,COLISION,COLISION,URBANA,CRUCE CON SEMAFORO FUNCIONANDO,CONDUCCION SIN MANTENER DISTANCIA RAZONABLE NI PRUDENTE,IMPRUDENCIA DEL CONDUCTOR,CASTELLON,COCHRANE,CASTELLON - COCHRANE,0,UNIDIRECCIONAL,CONCRETO,BUENO,SECO,DESPEJADO,0,0,0,0,0
-8125873.76508311,-4402456.79284446,121,1514453,-36.736609,-72.995966,2023/02/03 00:00:00+00,1899/12/30 00:00:00+00,8,REGION BIO BIO,PENCO,COLISION LATERAL,COLISION,URBANA,TRAMO DE VIA RECTA,CONDUCCION NO ATENTO CONDICIONES TRANSITO MOMENTO,IMPRUDENCIA DEL CONDUCTOR,FUERTE LA PLANCHADA, ,- FUERTE LA PLANCHADA,108,UNIDIRECCIONAL,ASFALTO,BUENO,SECO,DESPEJADO,0,0,0,0,0
-8136083.32086173,-4407679.18360551,122,1508755,-36.774196,-73.08768,2023/02/03 00:00:00+00,1899/12/30 00:00:00+00,8,REGION BIO BIO,TALCAHUANO,COLISION LATERAL,COLISION,URBANA,CRUCE CON SEÑAL CEDA EL PASO,SEÑALIZACION DESOBEDECER SEÑAL CEDA EL PASO,DESOBEDIENCIA A SEÑALIZACION,TALCAHUANO,LA MARINA,LA MARINA - TALCAHUANO,0,BIDIRECCIONAL,CONCRETO,BUENO,SECO,DESPEJADO,0,1,0,0,1
-8138697.7704225,-4400305.6122904,123,1513210,-36.721121,-73.111166,2023/02/03 00:00:00+00,1899/12/30 00:00:00+00,8,REGION BIO BIO,TALCAHUANO,COLISION LATERAL,COLISION,URBANA,CRUCE CON SEÑAL PARE,SEÑALIZACION DESOBEDECER SEÑAL PARE,DESOBEDIENCIA A SEÑALIZACION,GABRIEL TORO,RIQUELME,GABRIEL TORO - RIQUELME,0,BIDIRECCIONAL,CONCRETO,BUENO,SECO,DESPEJADO,0,0,0,0,0
-8134010.21798468,-4410578.74524245,124,1507585,-36.795057,-73.069057,2023/02/03 00:00:00+00,1899/12/30 00:00:00+00,8,REGION BIO BIO,HUALPEN,CHOQUE,CHOQUE,URBANA,TRAMO DE VIA CURVA HORIZONTAL,CONDUCCION EN ESTADO DE EBRIEDAD,ALCOHOL EN CONDUCTOR,JORGE ALESSANDRI RODRIGUEZ, ,- JORGE ALESSANDRI RODRIGUEZ,9000,BIDIRECCIONAL,CONCRETO,BUENO,SECO,DESPEJADO,0,1,0,0,1
-8076671.66334739,-4518150.79575062,125,1508293,-37.564964,-72.553976,2023/02/04 00:00:00+00,1899/12/30 00:00:00+00,8,REGION BIO BIO,NACIMIENTO,CHOQUE,CHOQUE,URBANA,TRAMO DE VIA RECTA,CONDUCCION EN ESTADO DE EBRIEDAD,ALCOHOL EN CONDUCTOR,CAMINO VECINAL SECTOR LA SUERTE, ,- CAMINO VECINAL SECTOR LA SUERTE,3,BIDIRECCIONAL,ASFALTO,BUENO,SECO,DESPEJADO,0,1,0,0,1
-8053048.33156717,-4505665.35228652,126,1509912,-37.476007,-72.341764,2023/02/04 00:00:00+00,1899/12/30 00:00:00+00,8,REGION BIO BIO,LOS ANGELES,VOLCADURA,VOLCADURA,URBANA,TRAMO DE VIA RECTA,CONDUCCION NO ATENTO CONDICIONES TRANSITO MOMENTO,IMPRUDENCIA DEL CONDUCTOR,GABRIELA MISTRAL, ,- GABRIELA MISTRAL,680,BIDIRECCIONAL CON BANDEJON,ASFALTO,BUENO,SECO,DESPEJADO,0,1,0,1,0
-8137244.49447019,-4403331.38958733,127,1510958,-36.742905,-73.098111,2023/02/04 00:00:00+00,1899/12/30 00:00:00+00,8,REGION BIO BIO,CONCEPCION,COLISION LATERAL,COLISION,URBANA,TRAMO DE VIA RECTA,CONDUCCION NO ATENTO CONDICIONES TRANSITO MOMENTO,IMPRUDENCIA DEL CONDUCTOR,AUTOPISTA CONCEPCION TALCAHUANO, ,- AUTOPISTA CONCEPCION TALCAHUANO,3280,BIDIRECCIONAL CON BANDEJON,CONCRETO,BUENO,SECO,DESPEJADO,0,0,0,0,0
-8135343.6028454,-4405919.76059703,128,1513549,-36.761535,-73.081035,2023/02/04 00:00:00+00,1899/12/30 00:00:00+00,8,REGION BIO BIO,TALCAHUANO,CHOQUE POSTERIOR/FRENTE,CHOQUE,URBANA,TRAMO DE VIA RECTA,CONDUCCION NO ATENTO CONDICIONES TRANSITO MOMENTO,IMPRUDENCIA DEL CONDUCTOR,JAIME REPULLO, ,- JAIME REPULLO,890,BIDIRECCIONAL,CONCRETO,BUENO,SECO,DESPEJADO,0,0,0,0,0
-8054027.94308615,-4503957.98354621,129,1509910,-37.463834,-72.350564,2023/02/04 00:00:00+00,1899/12/30 00:00:00+00,8,REGION BIO BIO,LOS ANGELES,COLISION LATERAL,COLISION,URBANA,CRUCE CON SEMAFORO APAGADO,CONDUCCION NO ATENTO CONDICIONES TRANSITO MOMENTO,IMPRUDENCIA DEL CONDUCTOR,CRISTOBAL COLON,GALVARINO,CRISTOBAL COLON - GALVARINO,0,UNIDIRECCIONAL,CONCRETO,BUENO,SECO,DESPEJADO,0,1,1,0,0
-8138513.09138727,-4409700.77345699,130,1507616,-36.788741,-73.109507,2023/02/04 00:00:00+00,1899/12/30 00:00:00+00,8,REGION BIO BIO,HUALPEN,COLISION,COLISION,URBANA,CRUCE CON SEMAFORO FUNCIONANDO,SEÑALIZACION DESOBEDECER LUZ ROJA DE SEMAFORO,DESOBEDIENCIA A SEÑALIZACION,GRAN BRETAÑA,LAS GOLONDRINAS,GRAN BRETAÑA - LAS GOLONDRINAS,0,BIDIRECCIONAL CON BANDEJON,CONCRETO,BUENO,SECO,DESPEJADO,0,0,0,0,0
-8139067.79640989,-4407113.84643957,131,1508765,-36.770128,-73.11449,2023/02/04 00:00:00+00,1899/12/30 00:00:00+00,8,REGION BIO BIO,TALCAHUANO,VOLCADURA,VOLCADURA,URBANA,TRAMO DE VIA RECTA,VELOCIDAD NO RAZONABLE NI PRUDENTE,VELOCIDAD IMPRUDENTE,GRAN BRETAÑA, ,- GRAN BRETAÑA,5061,BIDIRECCIONAL,CONCRETO,BUENO,SECO,DESPEJADO,0,1,1,0,0
-8138342.66124686,-4410405.39707314,132,1507635,-36.79381,-73.107976,2023/02/04 00:00:00+00,1899/12/30 00:00:00+00,8,REGION BIO BIO,HUALPEN,COLISION,COLISION,URBANA,CRUCE CON SEMAFORO FUNCIONANDO,"ADELANTAMIENTO EN CRUCE, CURVA, CUESTA, PUENTE",IMPRUDENCIA DEL CONDUCTOR,POSTDAM,GRAN BRETAÑA,GRAN BRETAÑA - POSTDAM,0,BIDIRECCIONAL CON BANDEJON,CONCRETO,BUENO,SECO,DESPEJADO,0,0,0,0,0
-8131897.26272994,-4415922.92345108,133,1508184,-36.833491,-73.050076,2023/02/04 00:00:00+00,1899/12/30 00:00:00+00,8,REGION BIO BIO,CONCEPCION,COLISION,COLISION,URBANA,TRAMO DE VIA RECTA,CONDUCCION BAJO LA INFLUENCIA DEL ALCOHOL,ALCOHOL EN CONDUCTOR,VICTOR LAMAS,LINCOYAN,LINCOYAN - VICTOR LAMAS,0,BIDIRECCIONAL CON BANDEJON,CONCRETO,BUENO,SECO,DESPEJADO,0,0,0,0,0
-8178095.29668711,-4526975.3927105,134,1508380,-37.627774,-73.46508,2023/02/04 00:00:00+00,1899/12/30 00:00:00+00,8,REGION BIO BIO,LOS ALAMOS,COLISION LATERAL,COLISION,URBANA,TRAMO DE VIA RECTA,CONDUCCION NO ATENTO CONDICIONES TRANSITO MOMENTO,IMPRUDENCIA DEL CONDUCTOR,IGNACIO CARRERA PINTO,GALVARINO,GALVARINO - IGNACIO CARRERA PINTO,0,BIDIRECCIONAL,ASFALTO,BUENO,SECO,DESPEJADO,0,1,0,0,1
-8199516.17234198,-4525072.29703531,135,1508421,-37.614233,-73.657507,2023/02/05 00:00:00+00,1899/12/30 00:00:00+00,8,REGION BIO BIO,LEBU,CHOQUE FRENTE/POSTERIOR,CHOQUE,URBANA,TRAMO DE VIA RECTA,CONDUCCION BAJO LA INFLUENCIA DEL ALCOHOL,ALCOHOL EN CONDUCTOR,SAAVEDRA, ,- SAAVEDRA,1023,BIDIRECCIONAL,CONCRETO,BUENO,SECO,DESPEJADO,0,0,0,0,0
-8139345.09326146,-4400814.20065655,136,1508758,-36.724783,-73.116981,2023/02/05 00:00:00+00,1899/12/30 00:00:00+00,8,REGION BIO BIO,TALCAHUANO,CHOQUE FRONTAL,CHOQUE,URBANA,TRAMO DE VIA RECTA,CONDUCCION NO ATENTO CONDICIONES TRANSITO MOMENTO,IMPRUDENCIA DEL CONDUCTOR,LAS GOLONDRINAS, ,- LAS GOLONDRINAS,5691,BIDIRECCIONAL,CONCRETO,BUENO,SECO,DESPEJADO,0,1,0,0,1
-8133085.59829415,-4415011.13365242,137,1510858,-36.826935,-73.060751,2023/02/05 00:00:00+00,1899/12/30 00:00:00+00,8,REGION BIO BIO,CONCEPCION,COLISION PERPENDICULAR,COLISION,URBANA,CRUCE CON SEMAFORO FUNCIONANDO,CONDUCCION NO ATENTO CONDICIONES TRANSITO MOMENTO,IMPRUDENCIA DEL CONDUCTOR,LOS CARRERA,ARTURO PRAT,ARTURO PRAT - LOS CARRERA,0,BIDIRECCIONAL CON BANDEJON,CONCRETO,BUENO,SECO,NUBLADO,0,1,0,0,1
-8132872.86674725,-4415253.81564946,138,1508285,-36.82868,-73.05884,2023/02/05 00:00:00+00,1899/12/30 00:00:00+00,8,REGION BIO BIO,CONCEPCION,COLISION,COLISION,URBANA,TRAMO DE VIA RECTA,CONDUCCION CAMBIAR SORPRESIVAMENTE PISTA CIRCULACION,IMPRUDENCIA DEL CONDUCTOR,FREIRE, ,- FREIRE,47,UNIDIRECCIONAL,CONCRETO,BUENO,SECO,DESPEJADO,0,0,0,0,0
-8055207.26177161,-4503838.49357289,139,1509946,-37.462982,-72.361158,2023/02/05 00:00:00+00,1899/12/30 00:00:00+00,8,REGION BIO BIO,LOS ANGELES,COLISION LATERAL,COLISION,URBANA,TRAMO DE VIA RECTA,ADELANTAMIENTO SIN EL ESPACIO O TIEMPO SUFICIENTE,IMPRUDENCIA DEL CONDUCTOR,BOMBERO FRANCISCO RIOSECO,LOS ANGELES,BOMBERO FRANCISCO RIOSECO - LOS ANGELES,0,BIDIRECCIONAL,CONCRETO,BUENO,SECO,DESPEJADO,0,2,2,0,0
-8136824.48603143,-4405690.76931575,140,1513211,-36.759887,-73.094338,2023/02/05 00:00:00+00,1899/12/30 00:00:00+00,8,REGION BIO BIO,TALCAHUANO,ATROPELLO,ATROPELLO,URBANA,TRAMO DE VIA RECTA,NO RESPETAR DERECHO PREFERENTE DE PASO A PEATON,IMPRUDENCIA DEL CONDUCTOR,RIO MAULE, ,- RIO MAULE,581,BIDIRECCIONAL,CONCRETO,BUENO,SECO,DESPEJADO,0,1,0,0,1
-8138562.73988017,-4409413.73853343,141,1508252,-36.786676,-73.109953,2023/02/05 00:00:00+00,1899/12/30 00:00:00+00,8,REGION BIO BIO,HUALPEN,VOLCADURA,VOLCADURA,URBANA,CRUCE CON SEÑAL PARE,"ADELANTAMIENTO EN CRUCE, CURVA, CUESTA, PUENTE",IMPRUDENCIA DEL CONDUCTOR,GRAN BRETAÑA,DOS,DOS - GRAN BRETAÑA,0,BIDIRECCIONAL,CONCRETO,BUENO,SECO,DESPEJADO,0,1,0,0,1
-8127869.16695558,-4432523.48776415,142,1512257,-36.952755,-73.013891,2023/02/05 00:00:00+00,1899/12/30 00:00:00+00,8,REGION BIO BIO,CHIGUAYANTE,COLISION PERPENDICULAR,COLISION,URBANA,CRUCE CON SEMAFORO FUNCIONANDO,CONDUCCION NO ATENTO CONDICIONES TRANSITO MOMENTO,IMPRUDENCIA DEL CONDUCTOR,MANUEL RODRIGUEZ,ITALIA,ITALIA - MANUEL RODRIGUEZ,0,BIDIRECCIONAL CON BANDEJON,CONCRETO,BUENO,SECO,DESPEJADO,0,1,0,0,1
-8051284.36291606,-4506748.43358465,143,1509943,-37.483728,-72.325918,2023/02/05 00:00:00+00,1899/12/30 00:00:00+00,8,REGION BIO BIO,LOS ANGELES,CHOQUE POSTERIOR/FRENTE,CHOQUE,URBANA,CRUCE CON SEMAFORO FUNCIONANDO,SEÑALIZACION DESOBEDECER LUZ ROJA DE SEMAFORO,DESOBEDIENCIA A SEÑALIZACION,FRANCISCO ENCINA,LAS INDUSTRIAS,FRANCISCO ENCINA - LAS INDUSTRIAS,0,BIDIRECCIONAL CON BANDEJON,CONCRETO,BUENO,SECO,NUBLADO,0,0,0,0,0
-8139315.92755487,-4415497.1985693,144,1508508,-36.83043,-73.116719,2023/02/05 00:00:00+00,1899/12/30 00:00:00+00,8,REGION BIO BIO,SAN PEDRO DE LA PAZ,COLISION,COLISION,URBANA,TRAMO DE VIA RECTA,VELOCIDAD NO RAZONABLE NI PRUDENTE,VELOCIDAD IMPRUDENTE,VENUS, ,- VENUS,745,BIDIRECCIONAL,CONCRETO,BUENO,SECO,NUBLADO,0,1,1,0,0
-8121605.7758061,-4386133.49560251,145,1507737,-36.619007,-72.957626,2023/02/05 00:00:00+00,1899/12/30 00:00:00+00,8,REGION BIO BIO,TOME,ATROPELLO,ATROPELLO,URBANA,CRUCE CON SEMAFORO FUNCIONANDO,CONDUCCION NO ATENTO CONDICIONES TRANSITO MOMENTO,IMPRUDENCIA DEL CONDUCTOR,MANUEL MONTT,IGNACIO SERRANO,IGNACIO SERRANO - MANUEL MONTT,0,UNIDIRECCIONAL,CONCRETO,BUENO,SECO,DESPEJADO,0,1,0,0,1
-8129037.35369196,-4413667.37357046,146,1508427,-36.817272,-73.024385,2023/02/05 00:00:00+00,1899/12/30 00:00:00+00,8,REGION BIO BIO,CONCEPCION,CHOQUE,CHOQUE,URBANA,OTROS NO CONSIDERADOS,CONDUCIR VEHICULO EN RETROCESO,IMPRUDENCIA DEL CONDUCTOR,COLLAO, ,- COLLAO,500,UNIDIRECCIONAL,CONCRETO,BUENO,SECO,NUBLADO,0,0,0,0,0
-8161733.89188878,-4473610.01094082,147,1508706,-37.247132,-73.318103,2023/02/05 00:00:00+00,1899/12/30 00:00:00+00,8,REGION BIO BIO,ARAUCO,COLISION LATERAL,COLISION,URBANA,TRAMO DE VIA RECTA,ADELANTAMIENTO POR LA BERMA,IMPRUDENCIA DEL CONDUCTOR,CAUPOLICAN, ,- CAUPOLICAN,404,UNIDIRECCIONAL,CONCRETO,BUENO,SECO,DESPEJADO,0,0,0,0,0
-8139184.45923624,-4399094.65294357,148,1508756,-36.712401,-73.115538,2023/02/05 00:00:00+00,1899/12/30 00:00:00+00,8,REGION BIO BIO,TALCAHUANO,CHOQUE FRONTAL,CHOQUE,URBANA,TRAMO DE VIA RECTA,CONDUCCION NO ATENTO CONDICIONES TRANSITO MOMENTO,IMPRUDENCIA DEL CONDUCTOR,VALDIVIA, ,- VALDIVIA,132,BIDIRECCIONAL,CONCRETO,BUENO,SECO,DESPEJADO,0,0,0,0,0
-8139023.71389154,-4398897.7461706,149,1509134,-36.710983,-73.114094,2023/02/05 00:00:00+00,1899/12/30 00:00:00+00,8,REGION BIO BIO,TALCAHUANO,ATROPELLO,ATROPELLO,URBANA,TRAMO DE VIA RECTA,CONDUCCION NO ATENTO CONDICIONES TRANSITO MOMENTO,IMPRUDENCIA DEL CONDUCTOR,ALMIRANTE VILLARROEL, ,- ALMIRANTE VILLARROEL,425,BIDIRECCIONAL,CONCRETO,BUENO,SECO,DESPEJADO,0,1,0,1,0
-8138277.98462271,-4402374.42108526,150,1513212,-36.736016,-73.107395,2023/02/05 00:00:00+00,1899/12/30 00:00:00+00,8,REGION BIO BIO,TALCAHUANO,CHOQUE POSTERIOR,CHOQUE,URBANA,TRAMO DE VIA RECTA,CONDUCCION EN ESTADO DE EBRIEDAD,ALCOHOL EN CONDUCTOR,VINICIO, ,- VINICIO,74,BIDIRECCIONAL,CONCRETO,BUENO,SECO,DESPEJADO,0,0,0,0,0
-8132465.77136942,-4416866.22692102,151,1508300,-36.840273,-73.055183,2023/02/05 00:00:00+00,1899/12/30 00:00:00+00,8,REGION BIO BIO,CONCEPCION,COLISION,COLISION,URBANA,TRAMO DE VIA RECTA,CONDUCIR VEHICULO EN RETROCESO,IMPRUDENCIA DEL CONDUCTOR,ARRAU MENDEZ, ,- ARRAU MENDEZ,450,BIDIRECCIONAL,ADOQUIN,REGULAR,SECO,NUBLADO,0,0,0,0,0
-8143015.74215088,-4452709.10688754,152,1512135,-37.097524,-73.149955,2023/02/05 00:00:00+00,1899/12/30 00:00:00+00,8,REGION BIO BIO,LOTA,OTRO TIPO,OTRO TIPO,URBANA,TRAMO DE VIA CURVA HORIZONTAL,IMPRUDENCIA DEL PASAJERO,IMPRUDENCIA DEL PASAJERO,FERNANDO MAIRA,PABLITO,FERNANDO MAIRA - PABLITO,0,BIDIRECCIONAL,ASFALTO,BUENO,SECO,DESPEJADO,0,1,0,1,0
-8132654.90318427,-4414084.95982104,153,1508318,-36.820275,-73.056882,2023/02/05 00:00:00+00,1899/12/30 00:00:00+00,8,REGION BIO BIO,CONCEPCION,COLISION,COLISION,URBANA,TRAMO DE VIA RECTA,CONDUCCION EN ESTADO DE EBRIEDAD,ALCOHOL EN CONDUCTOR,CRUZ,RENGO,CRUZ - RENGO,0,BIDIRECCIONAL,CONCRETO,REGULAR,SECO,DESPEJADO,0,0,0,0,0
-8124463.79241272,-4401997.15822435,154,1508351,-36.7333,-72.9833,2023/02/05 00:00:00+00,1899/12/30 00:00:00+00,8,REGION BIO BIO,PENCO,OTRO TIPO,OTRO TIPO,URBANA,TRAMO DE VIA RECTA,CONDUCCION EN ESTADO DE EBRIEDAD,ALCOHOL EN CONDUCTOR,FREIRE, ,- FREIRE,108,UNIDIRECCIONAL,ASFALTO,BUENO,SECO,DESPEJADO,0,1,0,0,1
-8142781.74858123,-4416512.23490888,155,1510031,-36.837728,-73.147853,2023/02/06 00:00:00+00,1899/12/30 00:00:00+00,8,REGION BIO BIO,SAN PEDRO DE LA PAZ,VOLCADURA,VOLCADURA,URBANA,TRAMO DE VIA RECTA,VELOCIDAD NO RAZONABLE NI PRUDENTE,VELOCIDAD IMPRUDENTE,CALLE UNO, ,- CALLE UNO,130,BIDIRECCIONAL,CONCRETO,BUENO,SECO,DESPEJADO,0,1,1,0,0
-8042340.0644698,-4539328.5765311,156,1508148,-37.71561,-72.24557,2023/02/06 00:00:00+00,1899/12/30 00:00:00+00,8,REGION BIO BIO,MULCHEN,COLISION,COLISION,URBANA,CRUCE CON SEÑAL CEDA EL PASO,CONDUCCION EN ESTADO DE EBRIEDAD,ALCOHOL EN CONDUCTOR,MANERA,SOTO,MANERA - SOTO,0,UNIDIRECCIONAL,ASFALTO,BUENO,SECO,DESPEJADO,0,1,0,0,1
-8143651.15380432,-4441177.86369951,157,1512843,-37.014857,-73.155663,2023/02/06 00:00:00+00,1899/12/30 00:00:00+00,8,REGION BIO BIO,CORONEL,VOLCADURA,VOLCADURA,URBANA,TRAMO DE VIA RECTA,CONDUCCION EN ESTADO DE EBRIEDAD,ALCOHOL EN CONDUCTOR,MANUEL MONTT,CENTRAL,CENTRAL - MANUEL MONTT,0,UNIDIRECCIONAL,CONCRETO,BUENO,SECO,DESPEJADO,0,1,0,0,1