X,Y,FID,Idaccident,Latitude,Longitude,Fecha,Hora,Cód_Regi,Región,Comuna,Tipo_Accid,Tipo__CONA,Zona,Ubicación,Causa,Causa__CON,Calle_Uno,Calle_Dos,Intersecci,Número,Calzada,Tipo_Calza,Estado_Cal,Condición,Estado_Atm,Fallecidos,Lesionados,Graves,Menos_Grav,Leves
-8041442.49541553,-4540655.8147515,416,1522663,-37.725041,-72.237507,2023/04/10 00:00:00+00,1899/12/30 00:00:00+00,8,REGION BIO BIO,MULCHEN,COLISION,COLISION,URBANA,CRUCE CON SEÑAL CEDA EL PASO,SEÑALIZACION DESOBEDECER SEÑAL CEDA EL PASO,DESOBEDIENCIA A SEÑALIZACION,JOSE MIGUEL CARRERA,ECKERS,ECKERS - JOSE MIGUEL CARRERA,0,UNIDIRECCIONAL,ASFALTO,BUENO,SECO,DESPEJADO,0,3,0,0,3
-8172515.2958916,-4525993.37398244,417,1523892,-37.620787,-73.414954,2023/04/10 00:00:00+00,1899/12/30 00:00:00+00,8,REGION BIO BIO,LOS ALAMOS,CHOQUE FRENTE/LADO,CHOQUE,URBANA,TRAMO DE VIA RECTA,CONDUCCION NO ATENTO CONDICIONES TRANSITO MOMENTO,IMPRUDENCIA DEL CONDUCTOR,DIEGO PORTALES, ,- DIEGO PORTALES,120,BIDIRECCIONAL CON BANDEJON,ASFALTO,BUENO,MOJADO,NUBLADO,0,0,0,0,0
-8138126.81275422,-4411277.30996886,418,1522973,-36.800082,-73.106037,2023/04/10 00:00:00+00,1899/12/30 00:00:00+00,8,REGION BIO BIO,HUALPEN,COLISION,COLISION,URBANA,CRUCE CON SEÑAL CEDA EL PASO,CONDUCCION SIN MANTENER DISTANCIA RAZONABLE NI PRUDENTE,IMPRUDENCIA DEL CONDUCTOR,ATENAS,GRAN BRETAÑA,ATENAS - GRAN BRETAÑA,0,BIDIRECCIONAL,CONCRETO,BUENO,SECO,DESPEJADO,0,0,0,0,0
-8051406.36907797,-4504834.42521899,419,1523062,-37.470083,-72.327014,2023/04/10 00:00:00+00,1899/12/30 00:00:00+00,8,REGION BIO BIO,LOS ANGELES,CHOQUE FRENTE/POSTERIOR,CHOQUE,URBANA,TRAMO DE VIA RECTA,CONDUCCION NO ATENTO CONDICIONES TRANSITO MOMENTO,IMPRUDENCIA DEL CONDUCTOR,LAS INDUSTRIAS, ,- LAS INDUSTRIAS,511,BIDIRECCIONAL,ASFALTO,BUENO,SECO,DESPEJADO,0,0,0,0,0
-8141535.97215976,-4416359.37520216,420,1523314,-36.836629,-73.136662,2023/04/10 00:00:00+00,1899/12/30 00:00:00+00,8,REGION BIO BIO,SAN PEDRO DE LA PAZ,CAIDA,CAIDA,URBANA,CRUCE CON SEMAFORO FUNCIONANDO,CONDUCCION NO ATENTO CONDICIONES TRANSITO MOMENTO,IMPRUDENCIA DEL CONDUCTOR,RODRIGUEZ ALDEA,DANIEL BELMAR,DANIEL BELMAR - RODRIGUEZ ALDEA,0,BIDIRECCIONAL,ASFALTO,BUENO,SECO,DESPEJADO,0,1,0,0,1
-8124662.05242583,-4413510.10507398,421,1525158,-36.816141,-72.985081,2023/04/10 00:00:00+00,1899/12/30 00:00:00+00,8,REGION BIO BIO,CONCEPCION,CAIDA,CAIDA,URBANA,TRAMO DE VIA RECTA,CONDUCCION NO ATENTO CONDICIONES TRANSITO MOMENTO,IMPRUDENCIA DEL CONDUCTOR,21 DE MAYO, ,- 21 DE MAYO,3225,BIDIRECCIONAL CON BANDEJON,CONCRETO,BUENO,SECO,NUBLADO,0,0,0,0,0
-8132357.34618538,-4416066.73635865,422,1522952,-36.834525,-73.054209,2023/04/10 00:00:00+00,1899/12/30 00:00:00+00,8,REGION BIO BIO,CONCEPCION,COLISION,COLISION,URBANA,CRUCE CON SEÑAL PARE,SEÑALIZACION DESOBEDECER SEÑAL PARE,DESOBEDIENCIA A SEÑALIZACION,SERRANO,VICTOR LAMAS,SERRANO - VICTOR LAMAS,0,UNIDIRECCIONAL,CONCRETO,BUENO,SECO,DESPEJADO,0,0,0,0,0
-8052675.41127301,-4504624.88041143,423,1523077,-37.468589,-72.338414,2023/04/10 00:00:00+00,1899/12/30 00:00:00+00,8,REGION BIO BIO,LOS ANGELES,COLISION FRONTAL,COLISION,URBANA,TRAMO DE VIA RECTA,CONDUCCION NO ATENTO CONDICIONES TRANSITO MOMENTO,IMPRUDENCIA DEL CONDUCTOR,ALEMANIA,MARCONI,ALEMANIA - MARCONI,0,BIDIRECCIONAL,CONCRETO,BUENO,SECO,DESPEJADO,0,0,0,0,0
-8053176.90557904,-4507305.2378808,424,1523089,-37.487697,-72.342919,2023/04/10 00:00:00+00,1899/12/30 00:00:00+00,8,REGION BIO BIO,LOS ANGELES,COLISION LATERAL,COLISION,URBANA,TRAMO DE VIA RECTA,CONDUCCION SIN MANTENER DISTANCIA RAZONABLE NI PRUDENTE,IMPRUDENCIA DEL CONDUCTOR,LOS CARRERA,FRANCISCO ENCINA,FRANCISCO ENCINA - LOS CARRERA,0,BIDIRECCIONAL CON BANDEJON,CONCRETO,BUENO,SECO,DESPEJADO,0,1,0,0,1
-8139165.86888128,-4416550.90222554,425,1525230,-36.838006,-73.115371,2023/04/10 00:00:00+00,1899/12/30 00:00:00+00,8,REGION BIO BIO,SAN PEDRO DE LA PAZ,COLISION PERPENDICULAR,COLISION,URBANA,CRUCE CON SEMAFORO FUNCIONANDO,SEÑALIZACION DESOBEDECER LUZ ROJA DE SEMAFORO,DESOBEDIENCIA A SEÑALIZACION,PEDRO AGUIRRE CERDA,LOS AVELLANOS,LOS AVELLANOS - PEDRO AGUIRRE CERDA,0,BIDIRECCIONAL CON BANDEJON,CONCRETO,BUENO,SECO,DESPEJADO,0,1,0,0,1
-8139345.09326146,-4400814.20065655,426,1526048,-36.724783,-73.116981,2023/04/10 00:00:00+00,1899/12/30 00:00:00+00,8,REGION BIO BIO,TALCAHUANO,COLISION LATERAL,COLISION,URBANA,CRUCE CON SEMAFORO FUNCIONANDO,CONDUCCION CAMBIAR SORPRESIVAMENTE PISTA CIRCULACION,IMPRUDENCIA DEL CONDUCTOR,CRISTOBAL COLON, ,- CRISTOBAL COLON,5556,BIDIRECCIONAL,CONCRETO,BUENO,SECO,DESPEJADO,0,0,0,0,0
-8131601.82080137,-4414775.82779762,427,1523163,-36.825243,-73.047422,2023/04/10 00:00:00+00,1899/12/30 00:00:00+00,8,REGION BIO BIO,CONCEPCION,COLISION,COLISION,URBANA,TRAMO DE VIA RECTA,CONDUCCION NO ATENTO CONDICIONES TRANSITO MOMENTO,IMPRUDENCIA DEL CONDUCTOR,CASTELLON,BARROS ARANA,BARROS ARANA - CASTELLON,0,UNIDIRECCIONAL,CONCRETO,BUENO,SECO,NUBLADO,0,0,0,0,0
-8138793.05990661,-4408035.24468007,428,1522997,-36.776758,-73.112022,2023/04/11 00:00:00+00,1899/12/30 00:00:00+00,8,REGION BIO BIO,HUALPEN,COLISION,COLISION,URBANA,CRUCE CON SEMAFORO FUNCIONANDO,CONDUCCION NO ATENTO CONDICIONES TRANSITO MOMENTO,IMPRUDENCIA DEL CONDUCTOR,LAS GOLONDRINAS,GRAN BRETAÑA,GRAN BRETAÑA - LAS GOLONDRINAS,0,BIDIRECCIONAL,CONCRETO,BUENO,SECO,DESPEJADO,0,1,1,0,0
-8137332.32554843,-4410956.86812123,429,1523028,-36.797777,-73.0989,2023/04/11 00:00:00+00,1899/12/30 00:00:00+00,8,REGION BIO BIO,HUALPEN,COLISION,COLISION,URBANA,TRAMO DE VIA RECTA,CONDUCCION NO ATENTO CONDICIONES TRANSITO MOMENTO,IMPRUDENCIA DEL CONDUCTOR,POSTDAM, ,- POSTDAM,751,BIDIRECCIONAL,CONCRETO,BUENO,SECO,DESPEJADO,0,0,0,0,0
-8137377.52126169,-4417471.1702034,430,1525235,-36.844622,-73.099306,2023/04/11 00:00:00+00,1899/12/30 00:00:00+00,8,REGION BIO BIO,SAN PEDRO DE LA PAZ,COLISION PERPENDICULAR,COLISION,URBANA,CRUCE SIN SEÑALIZACION,NO RESPETAR DERECHO PREFERENTE DE PASO A VEHICULO,IMPRUDENCIA DEL CONDUCTOR,FRANCISCO RODRIGUEZ,GASPAR DE VERDUGO,FRANCISCO RODRIGUEZ - GASPAR DE VERDUGO,0,BIDIRECCIONAL,CONCRETO,BUENO,HUMEDO,NUBLADO,0,2,0,0,2
-8118621.30025793,-4375707.45005384,431,1523816,-36.543798,-72.930816,2023/04/11 00:00:00+00,1899/12/30 00:00:00+00,8,REGION BIO BIO,TOME,VOLCADURA,VOLCADURA,URBANA,TRAMO DE VIA RECTA,VELOCIDAD NO RAZONABLE NI PRUDENTE,VELOCIDAD IMPRUDENTE,DANIEL VERA,EL SAUCE,DANIEL VERA - EL SAUCE,0,UNIDIRECCIONAL,CONCRETO,BUENO,SECO,DESPEJADO,0,1,0,0,1
-8145309.92553663,-4437044.61615202,432,1523447,-36.985204,-73.170564,2023/04/11 00:00:00+00,1899/12/30 00:00:00+00,8,REGION BIO BIO,CORONEL,CHOQUE,CHOQUE,URBANA,TRAMO DE VIA RECTA,CONDUCCION NO ATENTO CONDICIONES TRANSITO MOMENTO,IMPRUDENCIA DEL CONDUCTOR,VOLCAN LONQUIMAY,VOLCAN VILLARRICA,VOLCAN LONQUIMAY - VOLCAN VILLARRICA,0,BIDIRECCIONAL,ASFALTO,BUENO,SECO,DESPEJADO,0,0,0,0,0
-8130696.34806326,-4413761.23518631,433,1523206,-36.817947,-73.039288,2023/04/11 00:00:00+00,1899/12/30 00:00:00+00,8,REGION BIO BIO,CONCEPCION,COLISION PERPENDICULAR,COLISION,URBANA,CRUCE CON SEMAFORO FUNCIONANDO,SEÑALIZACION DESOBEDECER LUZ ROJA DE SEMAFORO,DESOBEDIENCIA A SEÑALIZACION,LOS CARRERA,AINAVILLO,AINAVILLO - LOS CARRERA,0,BIDIRECCIONAL CON BANDEJON,CONCRETO,BUENO,SECO,DESPEJADO,0,2,0,0,2
-8129406.15516496,-4429861.23019167,434,1525406,-36.933641,-73.027698,2023/04/11 00:00:00+00,1899/12/30 00:00:00+00,8,REGION BIO BIO,CHIGUAYANTE,COLISION LATERAL,COLISION,URBANA,CRUCE CON SEÑAL CEDA EL PASO,SEÑALIZACION DESOBEDECER SEÑAL CEDA EL PASO,DESOBEDIENCIA A SEÑALIZACION,PINARES,LA MARINA,LA MARINA - PINARES,0,BIDIRECCIONAL,CONCRETO,BUENO,SECO,NUBLADO,0,0,0,0,0
-8171082.72536458,-4551687.2562397,435,1528309,-37.803381,-73.402085,2023/04/11 00:00:00+00,1899/12/30 00:00:00+00,8,REGION BIO BIO,CAÑETE,CHOQUE,CHOQUE,URBANA,TRAMO DE VIA RECTA,CONDUCCION NO ATENTO CONDICIONES TRANSITO MOMENTO,IMPRUDENCIA DEL CONDUCTOR,SEPTIMO DE LINEA, ,- SEPTIMO DE LINEA,349,UNIDIRECCIONAL,CONCRETO,BUENO,SECO,DESPEJADO,0,0,0,0,0
-8133502.04450921,-4412760.50441344,436,1525162,-36.81075,-73.064492,2023/04/11 00:00:00+00,1899/12/30 00:00:00+00,8,REGION BIO BIO,CONCEPCION,CHOQUE FRENTE/POSTERIOR,CHOQUE,URBANA,TRAMO DE VIA RECTA,CONDUCCION NO ATENTO CONDICIONES TRANSITO MOMENTO,IMPRUDENCIA DEL CONDUCTOR,ALMIRANTE RIVEROS NORTE,GOLF,ALMIRANTE RIVEROS NORTE - GOLF,0,BIDIRECCIONAL,CONCRETO,BUENO,SECO,DESPEJADO,0,0,0,0,0
-8129247.3022516,-4428394.02867403,437,1525420,-36.923105,-73.026271,2023/04/11 00:00:00+00,1899/12/30 00:00:00+00,8,REGION BIO BIO,CHIGUAYANTE,COLISION LATERAL,COLISION,URBANA,TRAMO DE VIA RECTA,CONDUCCION SIN MANTENER DISTANCIA RAZONABLE NI PRUDENTE,IMPRUDENCIA DEL CONDUCTOR,MANUEL RODRIGUEZ,LOS HEROES,LOS HEROES - MANUEL RODRIGUEZ,0,BIDIRECCIONAL CON BANDEJON,CONCRETO,BUENO,SECO,NUBLADO,0,0,0,0,0
-8132723.25335162,-4415719.86404845,438,1523221,-36.832031,-73.057496,2023/04/11 00:00:00+00,1899/12/30 00:00:00+00,8,REGION BIO BIO,CONCEPCION,COLISION LATERAL,COLISION,URBANA,TRAMO DE VIA RECTA,NO RESPETAR DERECHO PREFERENTE DE PASO A VEHICULO,IMPRUDENCIA DEL CONDUCTOR,ARTURO PRAT,SAN MARTIN,ARTURO PRAT - SAN MARTIN,0,UNIDIRECCIONAL,CONCRETO,BUENO,SECO,NUBLADO,0,0,0,0,0
-8172733.70473254,-4524560.9193592,439,1529561,-37.610594,-73.416916,2023/04/11 00:00:00+00,1899/12/30 00:00:00+00,8,REGION BIO BIO,ARAUCO,COLISION FRONTAL,COLISION,URBANA,CRUCE CON SEÑAL PARE,SEÑALIZACION DESOBEDECER SEÑAL PARE,DESOBEDIENCIA A SEÑALIZACION,COCHRANE,BERNARDO O'HIGGINS,BERNARDO O'HIGGINS - COCHRANE,0,UNIDIRECCIONAL,ASFALTO,BUENO,SECO,DESPEJADO,0,2,0,0,2
-8132536.23660709,-4414884.57962046,440,1525163,-36.826025,-73.055816,2023/04/12 00:00:00+00,1899/12/30 00:00:00+00,8,REGION BIO BIO,CONCEPCION,CHOQUE POSTERIOR/LADO,CHOQUE,URBANA,TRAMO DE VIA RECTA,CONDUCCION NO ATENTO CONDICIONES TRANSITO MOMENTO,IMPRUDENCIA DEL CONDUCTOR,MAIPU, ,- MAIPU,349,BIDIRECCIONAL,CONCRETO,BUENO,SECO,DESPEJADO,0,0,0,0,0
-8077417.94921367,-4452857.32735679,441,1524808,-37.098586,-72.56068,2023/04/12 00:00:00+00,1899/12/30 00:00:00+00,8,REGION BIO BIO,YUMBEL,CHOQUE LADO/LADO,CHOQUE,URBANA,TRAMO DE VIA RECTA,CONDUCCION NO ATENTO CONDICIONES TRANSITO MOMENTO,IMPRUDENCIA DEL CONDUCTOR,VALDIVIA, ,- VALDIVIA,450,UNIDIRECCIONAL,CONCRETO,BUENO,SECO,DESPEJADO,0,0,0,0,0
-8129831.50693928,-4426161.02962194,442,1527598,-36.907067,-73.031519,2023/04/12 00:00:00+00,1899/12/30 00:00:00+00,8,REGION BIO BIO,CHIGUAYANTE,VOLCADURA,VOLCADURA,URBANA,ENLACE A NIVEL,VELOCIDAD NO RAZONABLE NI PRUDENTE,VELOCIDAD IMPRUDENTE,COSTANERA,8 ORIENTE,8 ORIENTE - COSTANERA,0,UNIDIRECCIONAL,CONCRETO,BUENO,SECO,DESPEJADO,0,1,0,0,1
-8128587.1776712,-4430345.32863984,443,1525431,-36.937117,-73.020341,2023/04/12 00:00:00+00,1899/12/30 00:00:00+00,8,REGION BIO BIO,CHIGUAYANTE,COLISION LATERAL,COLISION,URBANA,CRUCE CON SEMAFORO FUNCIONANDO,SEÑALIZACION DESOBEDECER LUZ ROJA DE SEMAFORO,DESOBEDIENCIA A SEÑALIZACION,MANUEL RODRIGUEZ,BIO BIO,BIO BIO - MANUEL RODRIGUEZ,0,BIDIRECCIONAL,CONCRETO,BUENO,SECO,NUBLADO,0,1,0,0,1
-8129731.87599502,-4413718.68448456,444,1523227,-36.817641,-73.030624,2023/04/12 00:00:00+00,1899/12/30 00:00:00+00,8,REGION BIO BIO,CONCEPCION,CHOQUE,CHOQUE,URBANA,OTROS NO CONSIDERADOS,"CONDICIONES FISICAS DEFICIENTES (CANSANCIO, SUEÑO)",DROGAS Y/O FATIGA EN CONDUCTOR,JUAN BOSCO, ,- JUAN BOSCO,2084,BIDIRECCIONAL,CONCRETO,BUENO,SECO,DESPEJADO,0,0,0,0,0
-8128780.5396267,-4429157.96194278,445,1525206,-36.928591,-73.022078,2023/04/12 00:00:00+00,1899/12/30 00:00:00+00,8,REGION BIO BIO,CHIGUAYANTE,COLISION,COLISION,URBANA,CRUCE CON SEMAFORO FUNCIONANDO,SEÑALIZACION DESOBEDECER LUZ ROJA DE SEMAFORO,DESOBEDIENCIA A SEÑALIZACION,21 DE MAYO,IV CENTENARIO,21 DE MAYO - IV CENTENARIO,0,BIDIRECCIONAL CON BANDEJON,CONCRETO,BUENO,SECO,DESPEJADO,0,0,0,0,0
-8051970.31361833,-4501265.72225846,446,1524234,-37.444635,-72.33208,2023/04/12 00:00:00+00,1899/12/30 00:00:00+00,8,REGION BIO BIO,LOS ANGELES,COLISION LATERAL,COLISION,URBANA,TRAMO DE VIA RECTA,CONDUCCION NO ATENTO CONDICIONES TRANSITO MOMENTO,IMPRUDENCIA DEL CONDUCTOR,SOR VICENTA, ,- SOR VICENTA,2630,BIDIRECCIONAL,CONCRETO,BUENO,SECO,NUBLADO,0,0,0,0,0
-8138468.11831299,-4416821.85556728,447,1525485,-36.839954,-73.109103,2023/04/12 00:00:00+00,1899/12/30 00:00:00+00,8,REGION BIO BIO,SAN PEDRO DE LA PAZ,COLISION PERPENDICULAR,COLISION,URBANA,CRUCE CON SEÑAL CEDA EL PASO,NO RESPETAR DERECHO PREFERENTE DE PASO A VEHICULO,IMPRUDENCIA DEL CONDUCTOR,SAN PEDRO,AMBROSIO O'HIGGINS,AMBROSIO O'HIGGINS - SAN PEDRO,0,BIDIRECCIONAL,CONCRETO,BUENO,SECO,DESPEJADO,0,0,0,0,0
-8138513.09138727,-4409700.77345699,448,1523165,-36.788741,-73.109507,2023/04/12 00:00:00+00,1899/12/30 00:00:00+00,8,REGION BIO BIO,HUALPEN,CHOQUE FRENTE/POSTERIOR,CHOQUE,URBANA,CRUCE CON SEMAFORO FUNCIONANDO,CONDUCCION NO ATENTO CONDICIONES TRANSITO MOMENTO,IMPRUDENCIA DEL CONDUCTOR,GRAN BRETAÑA,LAS GOLONDRINAS,GRAN BRETAÑA - LAS GOLONDRINAS,0,BIDIRECCIONAL CON BANDEJON,CONCRETO,BUENO,SECO,DESPEJADO,0,0,0,0,0
-8121491.45068905,-4385935.85677089,449,1523854,-36.617582,-72.956599,2023/04/12 00:00:00+00,1899/12/30 00:00:00+00,8,REGION BIO BIO,TOME,CHOQUE FRENTE/POSTERIOR,CHOQUE,URBANA,TRAMO DE VIA RECTA,CONDUCCION NO ATENTO CONDICIONES TRANSITO MOMENTO,IMPRUDENCIA DEL CONDUCTOR,ENRIQUE MOLINA,PRACTICANTE TOLEDO,ENRIQUE MOLINA - PRACTICANTE TOLEDO,0,BIDIRECCIONAL,CONCRETO,BUENO,SECO,DESPEJADO,0,0,0,0,0
-8121432.8966369,-4386179.12642024,450,1523832,-36.619336,-72.956073,2023/04/12 00:00:00+00,1899/12/30 00:00:00+00,8,REGION BIO BIO,TOME,CHOQUE LATERAL,CHOQUE,URBANA,TRAMO DE VIA RECTA,CONDUCCION NO ATENTO CONDICIONES TRANSITO MOMENTO,IMPRUDENCIA DEL CONDUCTOR,MARIANO EGAÑA,VICUÑA MACKENNA,MARIANO EGAÑA - VICUÑA MACKENNA,0,UNIDIRECCIONAL,CONCRETO,BUENO,SECO,DESPEJADO,0,0,0,0,0
-8128716.30828052,-4431275.00998861,451,1525983,-36.943792,-73.021501,2023/04/12 00:00:00+00,1899/12/30 00:00:00+00,8,REGION BIO BIO,CHIGUAYANTE,ATROPELLO,ATROPELLO,URBANA,TRAMO DE VIA RECTA,CONDUCCION EN ESTADO DE EBRIEDAD,ALCOHOL EN CONDUCTOR,LOS AROMOS, ,- LOS AROMOS,265,BIDIRECCIONAL,CONCRETO,BUENO,SECO,NUBLADO,0,1,0,0,1
-8053300.24757483,-4507151.47893827,452,1524240,-37.486601,-72.344027,2023/04/12 00:00:00+00,1899/12/30 00:00:00+00,8,REGION BIO BIO,LOS ANGELES,COLISION LATERAL,COLISION,URBANA,CRUCE CON SEÑAL PARE,CONDUCCION NO ATENTO CONDICIONES TRANSITO MOMENTO,IMPRUDENCIA DEL CONDUCTOR,LOS CARRERA,RIO HUAQUI,LOS CARRERA - RIO HUAQUI,0,BIDIRECCIONAL,ASFALTO,BUENO,SECO,DESPEJADO,0,1,0,0,1
-8165240.78980724,-4506597.6287439,453,1525673,-37.482653,-73.349606,2023/04/12 00:00:00+00,1899/12/30 00:00:00+00,8,REGION BIO BIO,CURANILAHUE,ATROPELLO,ATROPELLO,URBANA,TRAMO DE VIA RECTA,CONDUCCION BAJO LA INFLUENCIA DEL ALCOHOL,ALCOHOL EN CONDUCTOR,EFRAIN ZENTENO, ,- EFRAIN ZENTENO,600,UNIDIRECCIONAL,CONCRETO,REGULAR,SECO,DESPEJADO,0,1,0,1,0
-8089595.18831155,-4509286.20835491,454,1523604,-37.501816,-72.67007,2023/04/12 00:00:00+00,1899/12/30 00:00:00+00,8,REGION BIO BIO,NACIMIENTO,CHOQUE,CHOQUE,URBANA,TRAMO DE VIA RECTA,CONDUCCION NO ATENTO CONDICIONES TRANSITO MOMENTO,IMPRUDENCIA DEL CONDUCTOR,SAN MARTIN, ,- SAN MARTIN,360,UNIDIRECCIONAL,CONCRETO,BUENO,SECO,DESPEJADO,0,0,0,0,0
-8139605.35823093,-4416298.73265132,455,1525502,-36.836193,-73.119319,2023/04/12 00:00:00+00,1899/12/30 00:00:00+00,8,REGION BIO BIO,SAN PEDRO DE LA PAZ,ATROPELLO,ATROPELLO,URBANA,CRUCE SIN SEÑALIZACION,NO RESPETAR DERECHO PREFERENTE DE PASO A PEATON,IMPRUDENCIA DEL CONDUCTOR,LAS TORCAZAS,DIAGONAL BIO BIO,DIAGONAL BIO BIO - LAS TORCAZAS,0,BIDIRECCIONAL,CONCRETO,BUENO,SECO,NUBLADO,0,1,0,0,1
-8088114.86172298,-4509219.13629793,456,1523607,-37.501338,-72.656772,2023/04/13 00:00:00+00,1899/12/30 00:00:00+00,8,REGION BIO BIO,NACIMIENTO,VOLCADURA,VOLCADURA,URBANA,TRAMO DE VIA CURVA VERTICAL,"VELOCIDAD NO REDUCIR CRUCE DE CALLES, CUMBRE, CURVA, ETC.",VELOCIDAD IMPRUDENTE,CAMINO VECINAL LA SUERTE, ,- CAMINO VECINAL LA SUERTE,6,BIDIRECCIONAL,ASFALTO,BUENO,SECO,DESPEJADO,0,1,0,0,1
-8198476.89357594,-4524490.37677981,457,1525002,-37.610092,-73.648171,2023/04/13 00:00:00+00,1899/12/30 00:00:00+00,8,REGION BIO BIO,LEBU,CHOQUE FRENTE/FRENTE,CHOQUE,URBANA,TRAMO DE VIA RECTA,CONDUCCION SIN MANTENER DISTANCIA RAZONABLE NI PRUDENTE,IMPRUDENCIA DEL CONDUCTOR,PROLONGACION PRAT, ,- PROLONGACION PRAT,230,BIDIRECCIONAL,ASFALTO,BUENO,SECO,DESPEJADO,0,0,0,0,0
-8126757.64184001,-4416527.39581845,458,1523562,-36.837837,-73.003906,2023/04/13 00:00:00+00,1899/12/30 00:00:00+00,8,REGION BIO BIO,CONCEPCION,CHOQUE,CHOQUE,URBANA,TRAMO DE VIA RECTA,CONDUCCION NO ATENTO CONDICIONES TRANSITO MOMENTO,IMPRUDENCIA DEL CONDUCTOR,CAMINO NONGUEN, ,- CAMINO NONGUEN,1759,UNIDIRECCIONAL,CONCRETO,BUENO,SECO,NUBLADO,0,0,0,0,0
-8051284.36291606,-4506748.43358465,459,1524255,-37.483728,-72.325918,2023/04/13 00:00:00+00,1899/12/30 00:00:00+00,8,REGION BIO BIO,LOS ANGELES,CHOQUE FRENTE/POSTERIOR,CHOQUE,URBANA,CRUCE CON SEMAFORO FUNCIONANDO,CONDUCCION NO ATENTO CONDICIONES TRANSITO MOMENTO,IMPRUDENCIA DEL CONDUCTOR,LAS INDUSTRIAS,FRANCISCO ENCINA,FRANCISCO ENCINA - LAS INDUSTRIAS,0,BIDIRECCIONAL CON BANDEJON,ASFALTO,BUENO,SECO,NUBLADO,0,1,0,0,1
-8131591.69072771,-4415476.61511257,460,1525986,-36.830282,-73.047331,2023/04/13 00:00:00+00,1899/12/30 00:00:00+00,8,REGION BIO BIO,CONCEPCION,CHOQUE,CHOQUE,URBANA,TRAMO DE VIA RECTA,CONDUCCION NO ATENTO CONDICIONES TRANSITO MOMENTO,IMPRUDENCIA DEL CONDUCTOR,ANIBAL PINTO,CHACABUCO,ANIBAL PINTO - CHACABUCO,0,UNIDIRECCIONAL,CONCRETO,BUENO,SECO,DESPEJADO,0,0,0,0,0
-8121242.31766866,-4462952.93419708,461,1523739,-37.170886,-72.954361,2023/04/13 00:00:00+00,1899/12/30 00:00:00+00,8,REGION BIO BIO,SANTA JUANA,COLISION POR ALCANCE,COLISION,URBANA,TRAMO DE VIA RECTA,CONDUCCION NO ATENTO CONDICIONES TRANSITO MOMENTO,IMPRUDENCIA DEL CONDUCTOR,LOS ALERCES,PEDRO DE VALDIVIA,LOS ALERCES - PEDRO DE VALDIVIA,0,BIDIRECCIONAL,CONCRETO,BUENO,SECO,DESPEJADO,0,1,0,0,1
-8132355.67639302,-4413296.2458957,462,1525207,-36.814603,-73.054194,2023/04/13 00:00:00+00,1899/12/30 00:00:00+00,8,REGION BIO BIO,CONCEPCION,CHOQUE FRENTE/POSTERIOR,CHOQUE,URBANA,ACERA O BERMA,CONDUCCION NO ATENTO CONDICIONES TRANSITO MOMENTO,IMPRUDENCIA DEL CONDUCTOR,VICUÑA MACKENNA, ,- VICUÑA MACKENNA,899,BIDIRECCIONAL,CONCRETO,BUENO,SECO,DESPEJADO,0,0,0,0,0
-8054269.06110321,-4504618.0078615,463,1524249,-37.46854,-72.35273,2023/04/13 00:00:00+00,1899/12/30 00:00:00+00,8,REGION BIO BIO,LOS ANGELES,CHOQUE FRENTE/FRENTE,CHOQUE,URBANA,TRAMO DE VIA RECTA,CONDUCCION NO ATENTO CONDICIONES TRANSITO MOMENTO,IMPRUDENCIA DEL CONDUCTOR,VALDIVIA, ,- VALDIVIA,440,UNIDIRECCIONAL,ASFALTO,BUENO,SECO,DESPEJADO,0,0,0,0,0
-8016621.81119234,-4532967.46822293,464,1523942,-37.670393,-72.014539,2023/04/13 00:00:00+00,1899/12/30 00:00:00+00,8,REGION BIO BIO,SANTA BARBARA,COLISION,COLISION,URBANA,CRUCE CON SEÑAL PARE,NO RESPETAR DERECHO PREFERENTE DE PASO A VEHICULO,IMPRUDENCIA DEL CONDUCTOR,ARTURO PRAT, ,- ARTURO PRAT,1020,BIDIRECCIONAL,CONCRETO,BUENO,SECO,DESPEJADO,0,1,0,0,1
-8055191.00912596,-4504707.35136202,465,1524261,-37.469177,-72.361012,2023/04/13 00:00:00+00,1899/12/30 00:00:00+00,8,REGION BIO BIO,LOS ANGELES,ATROPELLO,ATROPELLO,URBANA,CRUCE SIN SEÑALIZACION,CONDUCCION NO ATENTO CONDICIONES TRANSITO MOMENTO,IMPRUDENCIA DEL CONDUCTOR,VILLAGRAN,RICARDO VICUÑA,RICARDO VICUÑA - VILLAGRAN,0,BIDIRECCIONAL CON BANDEJON,ASFALTO,BUENO,SECO,DESPEJADO,0,1,0,0,1
-8143071.84717424,-4430917.05561779,466,1524988,-36.941222,-73.150459,2023/04/13 00:00:00+00,1899/12/30 00:00:00+00,8,REGION BIO BIO,CORONEL,COLISION,COLISION,URBANA,CRUCE CON SEÑAL PARE,SEÑALIZACION DESOBEDECER SEÑAL PARE,DESOBEDIENCIA A SEÑALIZACION,GALVARINO,VILLA VERDE,GALVARINO - VILLA VERDE,0,BIDIRECCIONAL,RIPIO,REGULAR, ,DESPEJADO,0,1,1,0,0