X,Y,FID,Idaccident,Latitude,Longitude,Fecha,Hora,Cód_Regi,Región,Comuna,Tipo_Accid,Tipo__CONA,Zona,Ubicación,Causa,Causa__CON,Calle_Uno,Calle_Dos,Intersecci,Número,Calzada,Tipo_Calza,Estado_Cal,Condición,Estado_Atm,Fallecidos,Lesionados,Graves,Menos_Grav,Leves
-8132723.25335162,-4415719.86404845,467,1525612,-36.832031,-73.057496,2023/04/13 00:00:00+00,1899/12/30 00:00:00+00,8,REGION BIO BIO,CONCEPCION,COLISION PERPENDICULAR,COLISION,URBANA,CRUCE CON SEMAFORO FUNCIONANDO,SEÑALIZACION DESOBEDECER LUZ INTERMITENTE SEMAFORO,DESOBEDIENCIA A SEÑALIZACION,SAN MARTIN,ARTURO PRAT,ARTURO PRAT - SAN MARTIN,0,UNIDIRECCIONAL,CONCRETO,BUENO,SECO,NUBLADO,0,1,0,0,1
-8139345.09326146,-4400814.20065655,468,1523427,-36.724783,-73.116981,2023/04/13 00:00:00+00,1899/12/30 00:00:00+00,8,REGION BIO BIO,TALCAHUANO,CAIDA,CAIDA,URBANA,CRUCE SIN SEÑALIZACION,PASAJERO SUBE O DESCIENDE DE VEHICULO MOVIMIENTO,IMPRUDENCIA DEL PASAJERO,CRISTOBAL COLON,AVIACION,AVIACION - CRISTOBAL COLON,0,BIDIRECCIONAL,CONCRETO,BUENO,SECO,DESPEJADO,0,1,0,0,1
-8139524.20632215,-4402106.47418218,469,1526049,-36.734087,-73.11859,2023/04/13 00:00:00+00,1899/12/30 00:00:00+00,8,REGION BIO BIO,TALCAHUANO,CHOQUE POSTERIOR/FRENTE,CHOQUE,URBANA,TRAMO DE VIA RECTA,CONDUCCION NO ATENTO CONDICIONES TRANSITO MOMENTO,IMPRUDENCIA DEL CONDUCTOR,ISLA SANTA MARIA, ,- ISLA SANTA MARIA,51,BIDIRECCIONAL,CONCRETO,BUENO,SECO,DESPEJADO,0,0,0,0,0
-8140296.76358825,-4415074.13308879,470,1523559,-36.827388,-73.12553,2023/04/13 00:00:00+00,1899/12/30 00:00:00+00,8,REGION BIO BIO,CONCEPCION,COLISION LATERAL,COLISION,URBANA,TRAMO DE VIA RECTA,CONDUCCION SIN MANTENER DISTANCIA RAZONABLE NI PRUDENTE,IMPRUDENCIA DEL CONDUCTOR,JUAN BOSCO,GENERAL BONILLA,GENERAL BONILLA - JUAN BOSCO,0,UNIDIRECCIONAL,CONCRETO,BUENO,SECO,DESPEJADO,0,0,0,0,0
-8135987.25214117,-4409776.25172141,471,1524054,-36.789284,-73.086817,2023/04/14 00:00:00+00,1899/12/30 00:00:00+00,8,REGION BIO BIO,HUALPEN,COLISION,COLISION,URBANA,CRUCE CON SEÑAL PARE,CONDUCCION EN ESTADO DE EBRIEDAD,ALCOHOL EN CONDUCTOR,CRISTOBAL COLON,PATRIA VIEJA,CRISTOBAL COLON - PATRIA VIEJA,0,BIDIRECCIONAL,CONCRETO,BUENO,SECO,LLOVIZNA,0,6,1,0,5
-8128658.97874276,-4432276.64998194,472,1525837,-36.950983,-73.020986,2023/04/14 00:00:00+00,1899/12/30 00:00:00+00,8,REGION BIO BIO,CHIGUAYANTE,COLISION LATERAL,COLISION,URBANA,CRUCE SIN SEÑALIZACION,CONDUCCION NO ATENTO CONDICIONES TRANSITO MOMENTO,IMPRUDENCIA DEL CONDUCTOR,PASAJE VEINTIDOS,PASAJE SEIS,PASAJE SEIS - PASAJE VEINTIDOS,0,BIDIRECCIONAL,CONCRETO,BUENO,SECO,NUBLADO,0,0,0,0,0
-8053522.21863948,-4502775.06474215,473,1524283,-37.455399,-72.346021,2023/04/14 00:00:00+00,1899/12/30 00:00:00+00,8,REGION BIO BIO,LOS ANGELES,COLISION,COLISION,URBANA,CRUCE CON SEÑAL PARE,CONDUCCION NO ATENTO CONDICIONES TRANSITO MOMENTO,IMPRUDENCIA DEL CONDUCTOR,GUACOLDA,ESMERALDA,ESMERALDA - GUACOLDA,0,UNIDIRECCIONAL,CONCRETO,BUENO,SECO,DESPEJADO,0,2,0,0,2
-8139345.09326146,-4400814.20065655,474,1526035,-36.724783,-73.116981,2023/04/14 00:00:00+00,1899/12/30 00:00:00+00,8,REGION BIO BIO,TALCAHUANO,COLISION LATERAL,COLISION,URBANA,TRAMO DE VIA RECTA,CONDUCCION CAMBIAR SORPRESIVAMENTE PISTA CIRCULACION,IMPRUDENCIA DEL CONDUCTOR,CRISTOBAL COLON, ,- CRISTOBAL COLON,1778,UNIDIRECCIONAL,CONCRETO,BUENO,SECO,DESPEJADO,0,1,0,0,1
-8052812.55688567,-4502320.02363089,475,1524284,-37.452154,-72.339646,2023/04/14 00:00:00+00,1899/12/30 00:00:00+00,8,REGION BIO BIO,LOS ANGELES,COLISION LATERAL,COLISION,URBANA,TRAMO DE VIA RECTA,CONDUCCION NO ATENTO CONDICIONES TRANSITO MOMENTO,IMPRUDENCIA DEL CONDUCTOR,SOR VICENTA, ,- SOR VICENTA,2051,BIDIRECCIONAL CON BANDEJON,ASFALTO,BUENO,SECO,NUBLADO,0,0,0,0,0
-8053723.70691781,-4505426.33478224,476,1524282,-37.474303,-72.347831,2023/04/14 00:00:00+00,1899/12/30 00:00:00+00,8,REGION BIO BIO,LOS ANGELES,ATROPELLO,ATROPELLO,URBANA,TRAMO DE VIA RECTA,CONDUCCION NO ATENTO CONDICIONES TRANSITO MOMENTO,IMPRUDENCIA DEL CONDUCTOR,LOS CARRERA, ,- LOS CARRERA,200,UNIDIRECCIONAL,CONCRETO,BUENO,SECO,DESPEJADO,0,1,0,0,1
-8128946.85094595,-4413660.00373049,477,1524332,-36.817219,-73.023572,2023/04/14 00:00:00+00,1899/12/30 00:00:00+00,8,REGION BIO BIO,CONCEPCION,ATROPELLO,ATROPELLO,URBANA,TRAMO DE VIA RECTA,PEATON CRUZA CALZADA FORMA SORPRESIVA O DESCUIDADA,IMPRUDENCIA DEL PEATON,COLLAO,TEGUALDA,COLLAO - TEGUALDA,0,UNIDIRECCIONAL,CONCRETO,REGULAR,SECO,DESPEJADO,0,1,0,1,0
-8138611.38649764,-4399412.79420271,478,1526036,-36.714692,-73.11039,2023/04/14 00:00:00+00,1899/12/30 00:00:00+00,8,REGION BIO BIO,TALCAHUANO,COLISION LATERAL,COLISION,URBANA,CRUCE CON SEMAFORO FUNCIONANDO,SEÑALIZACION DESOBEDECER LUZ ROJA DE SEMAFORO,DESOBEDIENCIA A SEÑALIZACION,BLANCO ENCALADA,ESMERALDA,BLANCO ENCALADA - ESMERALDA,0,BIDIRECCIONAL,CONCRETO,BUENO,SECO,DESPEJADO,0,1,0,0,1
-8078041.56100109,-4452455.93661614,479,1524829,-37.09571,-72.566282,2023/04/14 00:00:00+00,1899/12/30 00:00:00+00,8,REGION BIO BIO,YUMBEL,CHOQUE POSTERIOR,CHOQUE,URBANA,TRAMO DE VIA RECTA,CONDUCCION NO ATENTO CONDICIONES TRANSITO MOMENTO,IMPRUDENCIA DEL CONDUCTOR,ARTURO PRAT, ,- ARTURO PRAT,210,BIDIRECCIONAL,ASFALTO,BUENO,SECO,DESPEJADO,0,0,0,0,0
-8132232.66835569,-4412000.80720431,480,1523984,-36.805286,-73.053089,2023/04/14 00:00:00+00,1899/12/30 00:00:00+00,8,REGION BIO BIO,CONCEPCION,CHOQUE FRENTE/POSTERIOR,CHOQUE,URBANA,TRAMO DE VIA RECTA,CONDUCCION NO ATENTO CONDICIONES TRANSITO MOMENTO,IMPRUDENCIA DEL CONDUCTOR,PAICAVI, ,- PAICAVI,2222,BIDIRECCIONAL,CONCRETO,BUENO,SECO,DESPEJADO,0,0,0,0,0
-8172507.39220776,-4525351.67523922,481,1525006,-37.616221,-73.414883,2023/04/14 00:00:00+00,1899/12/30 00:00:00+00,8,REGION BIO BIO,LOS ALAMOS,COLISION POR ALCANCE,COLISION,URBANA,TRAMO DE VIA RECTA,CONDUCCION NO ATENTO CONDICIONES TRANSITO MOMENTO,IMPRUDENCIA DEL CONDUCTOR,DIEGO PORTALES,LOS MAITENES,DIEGO PORTALES - LOS MAITENES,0,UNIDIRECCIONAL,ASFALTO,BUENO,SECO,DESPEJADO,0,0,0,0,0
-8138696.10063013,-4400580.18033253,482,1525350,-36.723098,-73.111151,2023/04/14 00:00:00+00,1899/12/30 00:00:00+00,8,REGION BIO BIO,TALCAHUANO,COLISION LATERAL,COLISION,URBANA,CRUCE SIN SEÑALIZACION,NO RESPETAR DERECHO PREFERENTE DE PASO A VEHICULO,IMPRUDENCIA DEL CONDUCTOR,THOMPSON,GABRIEL TORO,GABRIEL TORO - THOMPSON,0,BIDIRECCIONAL,CONCRETO,BUENO,SECO,DESPEJADO,0,0,0,0,0
-8054655.56237524,-4503498.96435469,483,1524272,-37.460561,-72.356202,2023/04/14 00:00:00+00,1899/12/30 00:00:00+00,8,REGION BIO BIO,LOS ANGELES,VOLCADURA,VOLCADURA,URBANA,TRAMO DE VIA RECTA,CONDUCCION NO ATENTO CONDICIONES TRANSITO MOMENTO,IMPRUDENCIA DEL CONDUCTOR,OROMPELLO, ,- OROMPELLO,665,UNIDIRECCIONAL,CONCRETO,REGULAR,SECO,DESPEJADO,0,0,0,0,0
-8133353.32166951,-4414467.37918547,484,1525208,-36.823025,-73.063156,2023/04/14 00:00:00+00,1899/12/30 00:00:00+00,8,REGION BIO BIO,CONCEPCION,CHOQUE FRENTE/POSTERIOR,CHOQUE,URBANA,CRUCE CON SEMAFORO FUNCIONANDO,CONDUCCION NO ATENTO CONDICIONES TRANSITO MOMENTO,IMPRUDENCIA DEL CONDUCTOR,ARTURO PRAT,CRUZ,ARTURO PRAT - CRUZ,0,UNIDIRECCIONAL,CONCRETO,BUENO,SECO,DESPEJADO,0,0,0,0,0
-8121491.45068905,-4385935.85677089,485,1523916,-36.617582,-72.956599,2023/04/14 00:00:00+00,1899/12/30 00:00:00+00,8,REGION BIO BIO,TOME,COLISION FRONTAL,COLISION,URBANA,TRAMO DE VIA RECTA,CONDUCCION EN ESTADO DE EBRIEDAD,ALCOHOL EN CONDUCTOR,ENRIQUE MOLINA,NESTOR GONZALEZ,ENRIQUE MOLINA - NESTOR GONZALEZ,0,BIDIRECCIONAL,CONCRETO,BUENO,SECO,DESPEJADO,0,1,0,0,1
-8052842.50182869,-4502336.99091121,486,1524286,-37.452275,-72.339915,2023/04/14 00:00:00+00,1899/12/30 00:00:00+00,8,REGION BIO BIO,LOS ANGELES,COLISION,COLISION,URBANA,TRAMO DE VIA RECTA,CONDUCCION NO ATENTO CONDICIONES TRANSITO MOMENTO,IMPRUDENCIA DEL CONDUCTOR,ORIENTE,SOR VICENTA,ORIENTE - SOR VICENTA,0,BIDIRECCIONAL,CONCRETO,BUENO,SECO,DESPEJADO,0,0,0,0,0
-8076976.67875216,-4452602.75788749,487,1524833,-37.096762,-72.556716,2023/04/15 00:00:00+00,1899/12/30 00:00:00+00,8,REGION BIO BIO,YUMBEL,COLISION,COLISION,URBANA,CRUCE CON SEÑAL PARE,CONDUCCION EN ESTADO DE EBRIEDAD,ALCOHOL EN CONDUCTOR,PEDRO AGUIRRE CERDA,CASTELLON,CASTELLON - PEDRO AGUIRRE CERDA,0,UNIDIRECCIONAL,CONCRETO,BUENO,SECO,DESPEJADO,0,2,0,0,2
-8053161.32085032,-4502613.51938166,488,1524290,-37.454247,-72.342779,2023/04/15 00:00:00+00,1899/12/30 00:00:00+00,8,REGION BIO BIO,LOS ANGELES,COLISION POR ALCANCE,COLISION,URBANA,TRAMO DE VIA RECTA,CONDUCCION EN ESTADO DE EBRIEDAD,ALCOHOL EN CONDUCTOR,SOR VICENTA, ,- SOR VICENTA,1768,BIDIRECCIONAL CON BANDEJON,CONCRETO,BUENO,SECO,DESPEJADO,0,0,0,0,0
-8132943.33198492,-4413875.39983774,489,1529540,-36.818768,-73.059473,2023/04/15 00:00:00+00,1899/12/30 00:00:00+00,8,REGION BIO BIO,CONCEPCION,COLISION,COLISION,URBANA,CRUCE CON SEÑAL CEDA EL PASO,CONDUCCION NO ATENTO CONDICIONES TRANSITO MOMENTO,IMPRUDENCIA DEL CONDUCTOR,MANUEL RODRIGUEZ,LINCOYAN,LINCOYAN - MANUEL RODRIGUEZ,0,BIDIRECCIONAL,CONCRETO,BUENO,SECO,DESPEJADO,0,0,0,0,0
-8060070.4763659,-4443910.45855664,490,1524836,-37.034455,-72.404845,2023/04/15 00:00:00+00,1899/12/30 00:00:00+00,8,REGION BIO BIO,CABRERO,ATROPELLO,ATROPELLO,URBANA,CRUCE CON SEÑAL PARE,NO RESPETAR DERECHO PREFERENTE DE PASO A PEATON,IMPRUDENCIA DEL CONDUCTOR,MANUEL PALACIOS,RIO CLARO,MANUEL PALACIOS - RIO CLARO,0,UNIDIRECCIONAL,ASFALTO,BUENO,SECO,DESPEJADO,0,1,0,0,1
-8124662.05242583,-4413510.10507398,491,1524374,-36.816141,-72.985081,2023/04/15 00:00:00+00,1899/12/30 00:00:00+00,8,REGION BIO BIO,CONCEPCION,CHOQUE POSTERIOR,CHOQUE,URBANA,OTROS NO CONSIDERADOS,CONDUCCION NO ATENTO CONDICIONES TRANSITO MOMENTO,IMPRUDENCIA DEL CONDUCTOR,21 DE MAYO, ,- 21 DE MAYO,3225,BIDIRECCIONAL,CONCRETO,BUENO,SECO,DESPEJADO,0,0,0,0,0
-8136357.38944806,-4408732.947646,492,1524203,-36.781778,-73.090142,2023/04/15 00:00:00+00,1899/12/30 00:00:00+00,8,REGION BIO BIO,TALCAHUANO,COLISION,COLISION,URBANA,CRUCE CON SEÑAL CEDA EL PASO,VIRAJES INDEBIDOS,IMPRUDENCIA DEL CONDUCTOR,LAS GOLONDRINAS,2 PONIENTE,2 PONIENTE - LAS GOLONDRINAS,0,BIDIRECCIONAL CON BANDEJON,CONCRETO,BUENO,SECO,DESPEJADO,0,1,0,0,1
-8129604.74913654,-4413479.79187316,493,1525700,-36.815923,-73.029482,2023/04/15 00:00:00+00,1899/12/30 00:00:00+00,8,REGION BIO BIO,CONCEPCION,COLISION LATERAL,COLISION,URBANA,CRUCE CON SEMAFORO FUNCIONANDO,VIRAJES INDEBIDOS,IMPRUDENCIA DEL CONDUCTOR,GENERAL NOVOA,CHACABUCO,CHACABUCO - GENERAL NOVOA,0,UNIDIRECCIONAL,CONCRETO,BUENO,SECO,DESPEJADO,0,0,0,0,0
-8131594.36239549,-4415133.37793217,494,1525621,-36.827814,-73.047355,2023/04/15 00:00:00+00,1899/12/30 00:00:00+00,8,REGION BIO BIO,CONCEPCION,ATROPELLO,ATROPELLO,URBANA,CRUCE CON SEMAFORO FUNCIONANDO,NO RESPETAR DERECHO PREFERENTE DE PASO A PEATON,IMPRUDENCIA DEL CONDUCTOR,COLO COLO,SAN MARTIN,COLO COLO - SAN MARTIN,0,UNIDIRECCIONAL,CONCRETO,BUENO,SECO,DESPEJADO,0,1,0,0,1
-8139345.09326146,-4400814.20065655,495,1526038,-36.724783,-73.116981,2023/04/15 00:00:00+00,1899/12/30 00:00:00+00,8,REGION BIO BIO,TALCAHUANO,COLISION LATERAL,COLISION,URBANA,TRAMO DE VIA RECTA,SEÑALIZACION DESOBEDECER LUZ ROJA DE SEMAFORO,DESOBEDIENCIA A SEÑALIZACION,CRISTOBAL COLON, ,- CRISTOBAL COLON,2194,BIDIRECCIONAL,CONCRETO,BUENO,SECO,DESPEJADO,0,1,0,0,1
-8170646.90955813,-4551296.71772716,496,1529803,-37.800609,-73.39817,2023/04/15 00:00:00+00,1899/12/30 00:00:00+00,8,REGION BIO BIO,CAÑETE,COLISION,COLISION,URBANA,TRAMO DE VIA RECTA,CONDUCCION NO ATENTO CONDICIONES TRANSITO MOMENTO,IMPRUDENCIA DEL CONDUCTOR,VILLAGRAN, ,- VILLAGRAN,750,BIDIRECCIONAL,CONCRETO,BUENO,SECO,DESPEJADO,0,1,0,0,1
-8126556.93279811,-4402872.41183031,497,1527936,-36.739601,-73.002103,2023/04/15 00:00:00+00,1899/12/30 00:00:00+00,8,REGION BIO BIO,PENCO,COLISION FRONTAL,COLISION,URBANA,TRAMO DE VIA RECTA,ADELANTAMIENTO SIN EL ESPACIO O TIEMPO SUFICIENTE,IMPRUDENCIA DEL CONDUCTOR,FREIRE, ,- FREIRE,5,UNIDIRECCIONAL,CONCRETO,BUENO,SECO,DESPEJADO,0,0,0,0,0
-8130629.77900776,-4411138.9835632,498,1525211,-36.799087,-73.03869,2023/04/15 00:00:00+00,1899/12/30 00:00:00+00,8,REGION BIO BIO,CONCEPCION,COLISION,COLISION,URBANA,TRAMO DE VIA RECTA,CONDUCCION SIN MANTENER DISTANCIA RAZONABLE NI PRUDENTE,IMPRUDENCIA DEL CONDUCTOR,PADRE HURTADO, ,- PADRE HURTADO,2476,UNIDIRECCIONAL,CONCRETO,BUENO,SECO,DESPEJADO,0,0,0,0,0
-8143094.55635036,-4449427.57447853,499,1524773,-37.074008,-73.150663,2023/04/15 00:00:00+00,1899/12/30 00:00:00+00,8,REGION BIO BIO,LOTA,ATROPELLO,ATROPELLO,URBANA,TRAMO DE VIA RECTA,PEATON CRUZA CALZADA FORMA SORPRESIVA O DESCUIDADA,IMPRUDENCIA DEL PEATON,SAN PEDRO, ,- SAN PEDRO,12,BIDIRECCIONAL,CONCRETO,BUENO,SECO,DESPEJADO,0,1,0,1,0
-8129831.50693928,-4426161.02962194,500,1524640,-36.907067,-73.031519,2023/04/15 00:00:00+00,1899/12/30 00:00:00+00,8,REGION BIO BIO,CHIGUAYANTE,CHOQUE FRONTAL,CHOQUE,URBANA,TRAMO DE VIA CURVA HORIZONTAL,CONDUCCION NO ATENTO CONDICIONES TRANSITO MOMENTO,IMPRUDENCIA DEL CONDUCTOR,COSTANERA,8 ORIENTE,8 ORIENTE - COSTANERA,0,BIDIRECCIONAL CON BANDEJON,CONCRETO,BUENO,SECO,DESPEJADO,1,0,0,0,0
-8063766.50609922,-4450670.09998328,501,1524861,-37.082913,-72.438047,2023/04/15 00:00:00+00,1899/12/30 00:00:00+00,8,REGION BIO BIO,CABRERO,COLISION,COLISION,URBANA,CRUCE CON SEÑAL PARE,SEÑALIZACION DESOBEDECER SEÑAL PARE,DESOBEDIENCIA A SEÑALIZACION,JACINTO FARFAN ZAPATA,JOSE MARIA ECHEVERRIA,JACINTO FARFAN ZAPATA - JOSE MARIA ECHEVERRIA,0,BIDIRECCIONAL,ASFALTO,BUENO,SECO,DESPEJADO,0,0,0,0,0
-8145416.23565034,-4406676.24492754,502,1524217,-36.766979,-73.171519,2023/04/15 00:00:00+00,1899/12/30 00:00:00+00,8,REGION BIO BIO,HUALPEN,COLISION,COLISION,URBANA,ENLACE A NIVEL,CONDUCCION NO ATENTO CONDICIONES TRANSITO MOMENTO,IMPRUDENCIA DEL CONDUCTOR,CALETA LENGA,LENGA,CALETA LENGA - LENGA,0,BIDIRECCIONAL,CONCRETO,BUENO,SECO,DESPEJADO,0,0,0,0,0
-8051545.40712197,-4506814.22726012,503,1524288,-37.484197,-72.328263,2023/04/15 00:00:00+00,1899/12/30 00:00:00+00,8,REGION BIO BIO,LOS ANGELES,COLISION LATERAL,COLISION,URBANA,OTROS NO CONSIDERADOS,CONDUCCION NO ATENTO CONDICIONES TRANSITO MOMENTO,IMPRUDENCIA DEL CONDUCTOR,FRANCISCO ENCINA, ,- FRANCISCO ENCINA,1420,BIDIRECCIONAL,ASFALTO,BUENO,SECO,DESPEJADO,0,0,0,0,0
-8060312.37361939,-4443574.38861497,504,1524847,-37.032045,-72.407018,2023/04/15 00:00:00+00,1899/12/30 00:00:00+00,8,REGION BIO BIO,CABRERO,COLISION,COLISION,URBANA,CRUCE CON SEÑAL CEDA EL PASO,CONDUCCION EN ESTADO DE EBRIEDAD,ALCOHOL EN CONDUCTOR,QUINEL,MARTINEZ DE ROZAS,MARTINEZ DE ROZAS - QUINEL,0,BIDIRECCIONAL,ASFALTO,BUENO,SECO,DESPEJADO,0,0,0,0,0
-8129095.68510514,-4412993.40195237,505,1525713,-36.812425,-73.024909,2023/04/15 00:00:00+00,1899/12/30 00:00:00+00,8,REGION BIO BIO,CONCEPCION,COLISION LATERAL,COLISION,URBANA,ROTONDA,CONDUCCION SIN MANTENER DISTANCIA RAZONABLE NI PRUDENTE,IMPRUDENCIA DEL CONDUCTOR,GENERAL BONILLA,ALONSO DE RIBERA,ALONSO DE RIBERA - GENERAL BONILLA,0,UNIDIRECCIONAL,CONCRETO,BUENO,SECO,DESPEJADO,0,0,0,0,0
-8138100.09607643,-4403434.32889734,506,1526050,-36.743646,-73.105797,2023/04/15 00:00:00+00,1899/12/30 00:00:00+00,8,REGION BIO BIO,TALCAHUANO,CHOQUE LADO/LADO,CHOQUE,URBANA,TRAMO DE VIA RECTA,CONDUCCION NO ATENTO CONDICIONES TRANSITO MOMENTO,IMPRUDENCIA DEL CONDUCTOR,ALTO HORNO, ,- ALTO HORNO,438,BIDIRECCIONAL CON BANDEJON,CONCRETO,BUENO,SECO,DESPEJADO,0,0,0,0,0
-8132368.47813446,-4414657.48148854,507,1524383,-36.824392,-73.054309,2023/04/15 00:00:00+00,1899/12/30 00:00:00+00,8,REGION BIO BIO,CONCEPCION,CHOQUE POSTERIOR,CHOQUE,URBANA,TRAMO DE VIA RECTA,CONDUCCION EN ESTADO DE EBRIEDAD,ALCOHOL EN CONDUCTOR,RENGO,LOS CARRERA,LOS CARRERA - RENGO,0,UNIDIRECCIONAL,CONCRETO,BUENO,SECO,DESPEJADO,0,0,0,0,0
-8134239.42481623,-4410182.42571016,508,1524396,-36.792206,-73.071116,2023/04/16 00:00:00+00,1899/12/30 00:00:00+00,8,REGION BIO BIO,HUALPEN,COLISION,COLISION,URBANA,TRAMO DE VIA RECTA,CONDUCCION NO ATENTO CONDICIONES TRANSITO MOMENTO,IMPRUDENCIA DEL CONDUCTOR,JORGE ALESSANDRI RODRIGUEZ, ,- JORGE ALESSANDRI RODRIGUEZ,8590,BIDIRECCIONAL CON BANDEJON,CONCRETO,BUENO,SECO,DESPEJADO,0,1,1,0,0
-8135502.12180029,-4411603.46155276,509,1524262,-36.802428,-73.082459,2023/04/16 00:00:00+00,1899/12/30 00:00:00+00,8,REGION BIO BIO,HUALPEN,CHOQUE FRENTE/POSTERIOR,CHOQUE,URBANA,CRUCE CON SEMAFORO FUNCIONANDO,CONDUCCION NO ATENTO CONDICIONES TRANSITO MOMENTO,IMPRUDENCIA DEL CONDUCTOR,PUERTO SAAVEDRA,CRISTOBAL COLON,CRISTOBAL COLON - PUERTO SAAVEDRA,0,BIDIRECCIONAL,CONCRETO,BUENO,SECO,DESPEJADO,0,0,0,0,0
-8051298.05521343,-4503864.57929596,510,1524291,-37.463168,-72.326041,2023/04/16 00:00:00+00,1899/12/30 00:00:00+00,8,REGION BIO BIO,LOS ANGELES,CHOQUE FRONTAL,CHOQUE,URBANA,CRUCE CON SEMAFORO FUNCIONANDO,VELOCIDAD NO RAZONABLE NI PRUDENTE,VELOCIDAD IMPRUDENTE,LAS INDUSTRIAS, ,- LAS INDUSTRIAS,1690,BIDIRECCIONAL CON BANDEJON,ASFALTO,BUENO,SECO,DESPEJADO,0,1,0,0,1
-8137021.96680809,-4408547.12069821,511,1524355,-36.780441,-73.096112,2023/04/16 00:00:00+00,1899/12/30 00:00:00+00,8,REGION BIO BIO,HUALPEN,CHOQUE,CHOQUE,URBANA,CRUCE CON SEMAFORO FUNCIONANDO,CONDUCCION NO ATENTO CONDICIONES TRANSITO MOMENTO,IMPRUDENCIA DEL CONDUCTOR,LAS GOLONDRINAS,SUECIA,LAS GOLONDRINAS - SUECIA,0,BIDIRECCIONAL,CONCRETO,BUENO,SECO,DESPEJADO,0,2,1,0,1
-8121616.35115772,-4386169.14032798,512,1524368,-36.619264,-72.957721,2023/04/16 00:00:00+00,1899/12/30 00:00:00+00,8,REGION BIO BIO,TOME,COLISION LATERAL,COLISION,URBANA,TRAMO DE VIA RECTA,ADELANTAMIENTO SIN EFECTUAR LA SEÑAL RESPECTIVA,IMPRUDENCIA DEL CONDUCTOR,IGNACIO SERRANO, ,- IGNACIO SERRANO,977,UNIDIRECCIONAL,CONCRETO,BUENO,SECO,DESPEJADO,0,0,0,0,0
-8127804.37901194,-4432794.29157597,513,1525862,-36.954699,-73.013309,2023/04/16 00:00:00+00,1899/12/30 00:00:00+00,8,REGION BIO BIO,CHIGUAYANTE,CHOQUE FRENTE/POSTERIOR,CHOQUE,URBANA,CRUCE CON SEMAFORO FUNCIONANDO,CONDUCCION NO ATENTO CONDICIONES TRANSITO MOMENTO,IMPRUDENCIA DEL CONDUCTOR,MANUEL RODRIGUEZ,LOS ANDES,LOS ANDES - MANUEL RODRIGUEZ,0,BIDIRECCIONAL CON BANDEJON,CONCRETO,BUENO,SECO,DESPEJADO,0,0,0,0,0
-8137342.56694158,-4402957.01005876,514,1534505,-36.74021,-73.098992,2023/04/16 00:00:00+00,1899/12/30 00:00:00+00,8,REGION BIO BIO,TALCAHUANO,COLISION LATERAL,COLISION,URBANA,TRAMO DE VIA RECTA,CONDUCCION CAMBIAR SORPRESIVAMENTE PISTA CIRCULACION,IMPRUDENCIA DEL CONDUCTOR,GOMEZ CARREÑO, ,- GOMEZ CARREÑO,3131,BIDIRECCIONAL,CONCRETO,BUENO,SECO,DESPEJADO,0,0,0,0,0
-8135695.37243631,-4413501.76198257,515,1524236,-36.816081,-73.084195,2023/04/16 00:00:00+00,1899/12/30 00:00:00+00,8,REGION BIO BIO,CONCEPCION,CHOQUE,CHOQUE,URBANA,ENLACE A DESNIVEL,CONDUCCION NO ATENTO CONDICIONES TRANSITO MOMENTO,IMPRUDENCIA DEL CONDUCTOR,PUENTE JUAN PABLO II,JORGE ALESSANDRI,JORGE ALESSANDRI - PUENTE JUAN PABLO II,0,BIDIRECCIONAL CON BANDEJON,CONCRETO,BUENO,SECO,DESPEJADO,0,0,0,0,0
-8136374.53264964,-4404689.2681771,516,1526059,-36.752679,-73.090296,2023/04/17 00:00:00+00,1899/12/30 00:00:00+00,8,REGION BIO BIO,TALCAHUANO,CHOQUE POSTERIOR/FRENTE,CHOQUE,URBANA,TRAMO DE VIA RECTA,CONDUCCION NO ATENTO CONDICIONES TRANSITO MOMENTO,IMPRUDENCIA DEL CONDUCTOR,JUAN GUILLERMO SOSA, ,- JUAN GUILLERMO SOSA,115,BIDIRECCIONAL,CONCRETO,BUENO,SECO,DESPEJADO,0,0,0,0,0
-8135703.38743965,-4404542.27440338,517,1526039,-36.751621,-73.084267,2023/04/17 00:00:00+00,1899/12/30 00:00:00+00,8,REGION BIO BIO,TALCAHUANO,CHOQUE LADO/LADO,CHOQUE,URBANA,TRAMO DE VIA RECTA,ADELANTAMIENTO SIN EL ESPACIO O TIEMPO SUFICIENTE,IMPRUDENCIA DEL CONDUCTOR,CLAUDIO GAY, ,- CLAUDIO GAY,4511,BIDIRECCIONAL,CONCRETO,BUENO,SECO,DESPEJADO,0,0,0,0,0
-8132499.50117513,-4416249.49560515,518,1525959,-36.835839,-73.055486,2023/04/17 00:00:00+00,1899/12/30 00:00:00+00,8,REGION BIO BIO,CONCEPCION,CHOQUE,CHOQUE,URBANA,CRUCE CON SEMAFORO FUNCIONANDO,CONDUCIR VEHICULO EN RETROCESO,IMPRUDENCIA DEL CONDUCTOR,PEDRO DE VALDIVIA, ,- PEDRO DE VALDIVIA,41,BIDIRECCIONAL CON BANDEJON,CONCRETO,BUENO,SECO,NUBLADO,0,0,0,0,0