X,Y,FID,Idaccident,Latitude,Longitude,Fecha,Hora,Cód_Regi,Región,Comuna,Tipo_Accid,Tipo__CONA,Zona,Ubicación,Causa,Causa__CON,Calle_Uno,Calle_Dos,Intersecci,Número,Calzada,Tipo_Calza,Estado_Cal,Condición,Estado_Atm,Fallecidos,Lesionados,Graves,Menos_Grav,Leves
-8120394.39710728,-4463253.29713232,570,1525823,-37.173036,-72.946744,2023/04/19 00:00:00+00,1899/12/30 00:00:00+00,8,REGION BIO BIO,SANTA JUANA,CHOQUE POSTERIOR,CHOQUE,URBANA,CRUCE SIN SEÑALIZACION,VELOCIDAD NO RAZONABLE NI PRUDENTE,VELOCIDAD IMPRUDENTE,PEDRO DE VALDIVIA,LAS ARAUCARIAS,LAS ARAUCARIAS - PEDRO DE VALDIVIA,0,UNIDIRECCIONAL,ASFALTO,BUENO,SECO,DESPEJADO,0,1,0,1,0
-8053767.01019973,-4505815.44235463,571,1525174,-37.477077,-72.34822,2023/04/20 00:00:00+00,1899/12/30 00:00:00+00,8,REGION BIO BIO,LOS ANGELES,CHOQUE POSTERIOR/FRENTE,CHOQUE,URBANA,TRAMO DE VIA RECTA,NO RESPETAR DERECHO PREFERENTE DE PASO A VEHICULO,IMPRUDENCIA DEL CONDUCTOR,LOS CARRERA,PATRICIO LYNCH,LOS CARRERA - PATRICIO LYNCH,0,UNIDIRECCIONAL,CONCRETO,BUENO,SECO,DESPEJADO,0,0,0,0,0
-8131667.9445789,-4415001.39867344,572,1526083,-36.826865,-73.048016,2023/04/20 00:00:00+00,1899/12/30 00:00:00+00,8,REGION BIO BIO,CONCEPCION,COLISION LATERAL,COLISION,URBANA,CRUCE CON SEMAFORO FUNCIONANDO,CONDUCCION CAMBIAR SORPRESIVAMENTE PISTA CIRCULACION,IMPRUDENCIA DEL CONDUCTOR,O'HIGGINS,COLO COLO,COLO COLO - O'HIGGINS,0,UNIDIRECCIONAL,CONCRETO,BUENO,SECO,NUBLADO,0,0,0,0,0
-8127937.8510814,-4432230.12476777,573,1526088,-36.950649,-73.014508,2023/04/20 00:00:00+00,1899/12/30 00:00:00+00,8,REGION BIO BIO,CHIGUAYANTE,CAIDA,CAIDA,URBANA,OTROS NO CONSIDERADOS,IMPRUDENCIA DEL PASAJERO,IMPRUDENCIA DEL PASAJERO,MANUEL RODRIGUEZ,LOS PINOS,LOS PINOS - MANUEL RODRIGUEZ,0,BIDIRECCIONAL CON BANDEJON,CONCRETO,BUENO,SECO,DESPEJADO,0,1,0,0,1
-8126570.40245649,-4416426.83349168,574,1526210,-36.837114,-73.002224,2023/04/20 00:00:00+00,1899/12/30 00:00:00+00,8,REGION BIO BIO,CONCEPCION,CHOQUE,CHOQUE,URBANA,TRAMO DE VIA RECTA,CONDUCCION EN ESTADO DE EBRIEDAD,ALCOHOL EN CONDUCTOR,LAS VERTIENTES, ,- LAS VERTIENTES,108,BIDIRECCIONAL,CONCRETO,BUENO,SECO,NUBLADO,0,0,0,0,0
-8090009.07417831,-4509860.12698504,575,1526078,-37.505906,-72.673788,2023/04/20 00:00:00+00,1899/12/30 00:00:00+00,8,REGION BIO BIO,NACIMIENTO,ATROPELLO,ATROPELLO,URBANA,TRAMO DE VIA RECTA,SEÑALIZACION DESOBEDECER OTRA,DESOBEDIENCIA A SEÑALIZACION,ESPAÑA,LOS CASTAÑOS,ESPAÑA - LOS CASTAÑOS,0,UNIDIRECCIONAL,CONCRETO,BUENO,SECO,DESPEJADO,0,1,0,0,1
-8124463.79241272,-4401997.15822435,576,1526044,-36.7333,-72.9833,2023/04/20 00:00:00+00,1899/12/30 00:00:00+00,8,REGION BIO BIO,PENCO,COLISION LATERAL,COLISION,URBANA,TRAMO DE VIA RECTA,CONDUCCION CAMBIAR SORPRESIVAMENTE PISTA CIRCULACION,IMPRUDENCIA DEL CONDUCTOR,BLANCO ENCALADA, ,- BLANCO ENCALADA,425,BIDIRECCIONAL,CONCRETO,BUENO,SECO,DESPEJADO,0,0,0,0,0
-8131066.81932862,-4420709.71113557,577,1527289,-36.8679,-73.042616,2023/04/20 00:00:00+00,1899/12/30 00:00:00+00,8,REGION BIO BIO,CHIGUAYANTE,COLISION PERPENDICULAR,COLISION,URBANA,CRUCE CON SEMAFORO FUNCIONANDO,SEÑALIZACION DESOBEDECER LUZ ROJA DE SEMAFORO,DESOBEDIENCIA A SEÑALIZACION,CAMINO A CHIGUAYANTE,PASCUAL BINIMELIS,CAMINO A CHIGUAYANTE - PASCUAL BINIMELIS,0,BIDIRECCIONAL CON BANDEJON,CONCRETO,BUENO,SECO,NUBLADO,0,1,1,0,0
-8131457.43942181,-4414351.12224488,578,1526222,-36.822189,-73.046125,2023/04/20 00:00:00+00,1899/12/30 00:00:00+00,8,REGION BIO BIO,CONCEPCION,COLISION LATERAL,COLISION,URBANA,TRAMO DE VIA RECTA,ADELANTAMIENTO SIN EL ESPACIO O TIEMPO SUFICIENTE,IMPRUDENCIA DEL CONDUCTOR,MAIPU,OROMPELLO,MAIPU - OROMPELLO,0,UNIDIRECCIONAL,CONCRETO,BUENO,MOJADO,LLOVIZNA,0,0,0,0,0
-8137660.71804626,-4416724.76779619,579,1527729,-36.839256,-73.10185,2023/04/20 00:00:00+00,1899/12/30 00:00:00+00,8,REGION BIO BIO,SAN PEDRO DE LA PAZ,COLISION PERPENDICULAR,COLISION,URBANA,CRUCE SIN SEÑALIZACION,NO RESPETAR DERECHO PREFERENTE DE PASO A VEHICULO,IMPRUDENCIA DEL CONDUCTOR,LOS RAULIES,LAS TORRES,LAS TORRES - LOS RAULIES,0,BIDIRECCIONAL,CONCRETO,BUENO,HUMEDO,NUBLADO,0,1,0,0,1
-8135573.92287186,-4407379.13981561,580,1527800,-36.772037,-73.083104,2023/04/20 00:00:00+00,1899/12/30 00:00:00+00,8,REGION BIO BIO,TALCAHUANO,COLISION LATERAL,COLISION,URBANA,TRAMO DE VIA RECTA,VIRAJES INDEBIDOS,IMPRUDENCIA DEL CONDUCTOR,SANTA MARIA, ,- SANTA MARIA,3177,BIDIRECCIONAL,CONCRETO,BUENO,SECO,DESPEJADO,0,0,0,0,0
-8132289.88657396,-4415838.63942035,581,1526070,-36.832885,-73.053603,2023/04/20 00:00:00+00,1899/12/30 00:00:00+00,8,REGION BIO BIO,CONCEPCION,COLISION LATERAL,COLISION,URBANA,CRUCE CON SEMAFORO FUNCIONANDO,CONDUCCION NO ATENTO CONDICIONES TRANSITO MOMENTO,IMPRUDENCIA DEL CONDUCTOR,CHACABUCO,SALAS,CHACABUCO - SALAS,0,BIDIRECCIONAL CON BANDEJON,CONCRETO,BUENO,MOJADO,LLUVIA,0,0,0,0,0
-8137380.19292947,-4411609.16164796,582,1525232,-36.802469,-73.09933,2023/04/20 00:00:00+00,1899/12/30 00:00:00+00,8,REGION BIO BIO,HUALPEN,COLISION,COLISION,URBANA,TRAMO DE VIA RECTA,CONDUCCION NO ATENTO CONDICIONES TRANSITO MOMENTO,IMPRUDENCIA DEL CONDUCTOR,CALLE DOS,CALLE CUATRO,CALLE CUATRO - CALLE DOS,0,BIDIRECCIONAL CON BANDEJON,CONCRETO,BUENO,SECO,DESPEJADO,0,1,0,0,1
-8129579.59093162,-4429127.88259728,583,1524937,-36.928375,-73.029256,2023/04/20 00:00:00+00,1899/12/30 00:00:00+00,8,REGION BIO BIO,CHIGUAYANTE,ATROPELLO,ATROPELLO,URBANA,CRUCE CON SEÑAL CEDA EL PASO,NO RESPETAR DERECHO PREFERENTE DE PASO A PEATON,IMPRUDENCIA DEL CONDUCTOR,PEDRO ANGULO NOVOA,LAS CONDES,LAS CONDES - PEDRO ANGULO NOVOA,0,BIDIRECCIONAL,CONCRETO,BUENO,MOJADO,LLOVIZNA,1,0,0,0,0
-8131418.36628054,-4410865.53353418,584,1525239,-36.79712,-73.045774,2023/04/20 00:00:00+00,1899/12/30 00:00:00+00,8,REGION BIO BIO,CONCEPCION,COLISION,COLISION,URBANA,CRUCE CON SEÑAL PARE,CONDUCCION NO ATENTO CONDICIONES TRANSITO MOMENTO,IMPRUDENCIA DEL CONDUCTOR,VICTOR SOLAR MANZANO,VICTOR PACHECO BARRERA,VICTOR PACHECO BARRERA - VICTOR SOLAR MANZANO,0,BIDIRECCIONAL,CONCRETO,BUENO,HUMEDO,LLUVIA,0,0,0,0,0
-8132357.34618538,-4416066.73635865,585,1526111,-36.834525,-73.054209,2023/04/20 00:00:00+00,1899/12/30 00:00:00+00,8,REGION BIO BIO,CONCEPCION,COLISION LATERAL,COLISION,URBANA,TRAMO DE VIA RECTA,CONDUCCION CAMBIAR SORPRESIVAMENTE PISTA CIRCULACION,IMPRUDENCIA DEL CONDUCTOR,VICTOR LAMAS,SERRANO,SERRANO - VICTOR LAMAS,0,UNIDIRECCIONAL,CONCRETO,BUENO,SECO,LLOVIZNA,0,0,0,0,0
-8132504.06527425,-4415435.03108838,586,1526217,-36.829983,-73.055527,2023/04/20 00:00:00+00,1899/12/30 00:00:00+00,8,REGION BIO BIO,CONCEPCION,CHOQUE,CHOQUE,URBANA,TRAMO DE VIA RECTA,CONDUCCION NO ATENTO CONDICIONES TRANSITO MOMENTO,IMPRUDENCIA DEL CONDUCTOR,SALAS,O'HIGGINS,O'HIGGINS - SALAS,0,UNIDIRECCIONAL,CONCRETO,BUENO,MOJADO,LLOVIZNA,0,0,0,0,0
-8053918.96130466,-4505260.82115936,587,1525175,-37.473123,-72.349585,2023/04/20 00:00:00+00,1899/12/30 00:00:00+00,8,REGION BIO BIO,LOS ANGELES,COLISION LATERAL,COLISION,URBANA,CRUCE CON SEMAFORO FUNCIONANDO,CONDUCCION EN ESTADO DE EBRIEDAD,ALCOHOL EN CONDUCTOR,RICARDO VICUÑA,FREIRE,FREIRE - RICARDO VICUÑA,0,UNIDIRECCIONAL,CONCRETO,BUENO,HUMEDO,LLOVIZNA,0,0,0,0,0
-8131182.59159904,-4414007.2260744,588,1526146,-36.819716,-73.043656,2023/04/20 00:00:00+00,1899/12/30 00:00:00+00,8,REGION BIO BIO,CONCEPCION,COLISION POR ALCANCE,COLISION,URBANA,ROTONDA,CONDUCCION SIN MANTENER DISTANCIA RAZONABLE NI PRUDENTE,IMPRUDENCIA DEL CONDUCTOR,LOS CARRERA,PAICAVI,LOS CARRERA - PAICAVI,0,BIDIRECCIONAL CON BANDEJON,CONCRETO,BUENO,MOJADO,LLOVIZNA,0,0,0,0,0
-8121068.881902,-4388619.3412302,589,1525408,-36.636928,-72.952803,2023/04/20 00:00:00+00,1899/12/30 00:00:00+00,8,REGION BIO BIO,TOME,IMPACTO CON ANIMAL,OTRO TIPO,URBANA,TRAMO DE VIA RECTA,ANIMALES SUELTOS VIA PUBLICA,DEFICIENCIAS VIALES,CENTRAL,LOS AROMOS,CENTRAL - LOS AROMOS,0,BIDIRECCIONAL,CONCRETO,BUENO,SECO,DESPEJADO,0,0,0,0,0
-8131906.05696971,-4412789.84227066,590,1525243,-36.810961,-73.050155,2023/04/21 00:00:00+00,1899/12/30 00:00:00+00,8,REGION BIO BIO,CONCEPCION,CHOQUE FRONTAL,CHOQUE,URBANA,TRAMO DE VIA RECTA,VELOCIDAD NO RAZONABLE NI PRUDENTE,VELOCIDAD IMPRUDENTE,PAICAVI,NUEVA,NUEVA - PAICAVI,0,BIDIRECCIONAL CON BANDEJON,CONCRETO,BUENO,SECO,DESPEJADO,0,0,0,0,0
-8125513.98048887,-4402309.69094187,591,1531716,-36.73555,-72.992734,2023/04/21 00:00:00+00,1899/12/30 00:00:00+00,8,REGION BIO BIO,PENCO,CHOQUE FRONTAL,CHOQUE,URBANA,TRAMO DE VIA RECTA,VELOCIDAD NO RAZONABLE NI PRUDENTE,VELOCIDAD IMPRUDENTE,COCHRANE, ,- COCHRANE,150,UNIDIRECCIONAL,ASFALTO,BUENO,SECO,DESPEJADO,0,1,0,0,1
-8170210.64847371,-4551225.99406617,592,1529834,-37.800107,-73.394251,2023/04/21 00:00:00+00,1899/12/30 00:00:00+00,8,REGION BIO BIO,CAÑETE,ATROPELLO,ATROPELLO,URBANA,TRAMO DE VIA RECTA,CONDUCCION NO ATENTO CONDICIONES TRANSITO MOMENTO,IMPRUDENCIA DEL CONDUCTOR,ESMERALDA, ,- ESMERALDA,960,BIDIRECCIONAL,ASFALTO,BUENO,MOJADO,LLUVIA,0,1,0,0,1
-8052405.68414682,-4506960.40573156,593,1525178,-37.485239,-72.335991,2023/04/21 00:00:00+00,1899/12/30 00:00:00+00,8,REGION BIO BIO,LOS ANGELES,COLISION POR ALCANCE,COLISION,URBANA,TRAMO DE VIA RECTA,CONDUCCION NO ATENTO CONDICIONES TRANSITO MOMENTO,IMPRUDENCIA DEL CONDUCTOR,FRANCISCO ENCINA,LOS APACHES,FRANCISCO ENCINA - LOS APACHES,0,BIDIRECCIONAL CON BANDEJON,CONCRETO,BUENO,HUMEDO,NUBLADO,0,0,0,0,0
-8053411.01046817,-4507020.16834254,594,1525176,-37.485665,-72.345022,2023/04/21 00:00:00+00,1899/12/30 00:00:00+00,8,REGION BIO BIO,LOS ANGELES,CHOQUE LADO/FRENTE,CHOQUE,URBANA,TRAMO DE VIA RECTA,CONDUCCION NO ATENTO CONDICIONES TRANSITO MOMENTO,IMPRUDENCIA DEL CONDUCTOR,LOS CARRERA,RIO BIO BIO,LOS CARRERA - RIO BIO BIO,0,BIDIRECCIONAL,ASFALTO,BUENO,HUMEDO,LLOVIZNA,0,0,0,0,0
-8054090.1706815,-4505250.16104949,595,1525181,-37.473047,-72.351123,2023/04/21 00:00:00+00,1899/12/30 00:00:00+00,8,REGION BIO BIO,LOS ANGELES,COLISION POR ALCANCE,COLISION,URBANA,TRAMO DE VIA RECTA,CONDUCCION NO ATENTO CONDICIONES TRANSITO MOMENTO,IMPRUDENCIA DEL CONDUCTOR,RICARDO VICUÑA,O'HIGGINS,O'HIGGINS - RICARDO VICUÑA,0,UNIDIRECCIONAL,CONCRETO,BUENO,HUMEDO,NUBLADO,0,0,0,0,0
-8139396.41154671,-4400140.0693695,596,1527666,-36.719929,-73.117442,2023/04/21 00:00:00+00,1899/12/30 00:00:00+00,8,REGION BIO BIO,TALCAHUANO,CHOQUE FRENTE/POSTERIOR,CHOQUE,URBANA,TRAMO DE VIA RECTA,CONDUCCION SIN MANTENER DISTANCIA RAZONABLE NI PRUDENTE,IMPRUDENCIA DEL CONDUCTOR,VALDIVIA, ,- VALDIVIA,869,BIDIRECCIONAL,CONCRETO,BUENO,SECO,DESPEJADO,0,0,0,0,0
-8139085.16225046,-4407329.94400236,597,1525491,-36.771683,-73.114646,2023/04/21 00:00:00+00,1899/12/30 00:00:00+00,8,REGION BIO BIO,HUALPEN,CHOQUE,CHOQUE,URBANA,ROTONDA,FALLAS MECANICAS FRENOS,FALLAS MECANICAS,COSTANERA,GRAN BRETAÑA,COSTANERA - GRAN BRETAÑA,0,BIDIRECCIONAL CON BANDEJON,CONCRETO,BUENO,SECO,DESPEJADO,0,0,0,0,0
-8130886.37043404,-4414768.31812198,598,1526249,-36.825189,-73.040995,2023/04/21 00:00:00+00,1899/12/30 00:00:00+00,8,REGION BIO BIO,CONCEPCION,COLISION PERPENDICULAR,COLISION,URBANA,CRUCE CON SEMAFORO FUNCIONANDO,SEÑALIZACION DESOBEDECER LUZ ROJA DE SEMAFORO,DESOBEDIENCIA A SEÑALIZACION,SAN MARTIN,PAICAVI,PAICAVI - SAN MARTIN,0,BIDIRECCIONAL CON BANDEJON,CONCRETO,BUENO,SECO,LLUVIA,0,0,0,0,0
-8137975.52956623,-4403757.18413849,599,1527797,-36.74597,-73.104678,2023/04/21 00:00:00+00,1899/12/30 00:00:00+00,8,REGION BIO BIO,TALCAHUANO,CHOQUE FRENTE/POSTERIOR,CHOQUE,URBANA,TRAMO DE VIA RECTA,CONDUCCION SIN MANTENER DISTANCIA RAZONABLE NI PRUDENTE,IMPRUDENCIA DEL CONDUCTOR,ALTO HORNO, ,- ALTO HORNO,252,BIDIRECCIONAL CON BANDEJON,CONCRETO,BUENO,SECO,DESPEJADO,0,0,0,0,0
-8128654.97124109,-4430084.0575749,600,1526147,-36.935241,-73.02095,2023/04/21 00:00:00+00,1899/12/30 00:00:00+00,8,REGION BIO BIO,CHIGUAYANTE,ATROPELLO,ATROPELLO,URBANA,CRUCE CON SEMAFORO FUNCIONANDO,SEÑALIZACION DESOBEDECER LUZ ROJA DE SEMAFORO,DESOBEDIENCIA A SEÑALIZACION,MANUEL RODRIGUEZ,PROGRESO,MANUEL RODRIGUEZ - PROGRESO,0,BIDIRECCIONAL CON BANDEJON,CONCRETO,BUENO,SECO,DESPEJADO,0,1,0,0,1
-8090225.25662944,-4509103.5151827,601,1526303,-37.500514,-72.67573,2023/04/21 00:00:00+00,1899/12/30 00:00:00+00,8,REGION BIO BIO,NACIMIENTO,CHOQUE,CHOQUE,URBANA,TRAMO DE VIA RECTA,CONDUCCION EN ESTADO DE EBRIEDAD,ALCOHOL EN CONDUCTOR,SAN MARTIN,LA CRUZ,LA CRUZ - SAN MARTIN,0,UNIDIRECCIONAL,CONCRETO,BUENO,MOJADO,LLUVIA,0,1,0,0,1
-8143246.17349682,-4454608.21676416,602,1525657,-37.11113,-73.152025,2023/04/21 00:00:00+00,1899/12/30 00:00:00+00,8,REGION BIO BIO,LOTA,CHOQUE LADO/POSTERIOR,CHOQUE,URBANA,CRUCE SIN SEÑALIZACION,CONDUCCION NO ATENTO CONDICIONES TRANSITO MOMENTO,IMPRUDENCIA DEL CONDUCTOR,LOS ABETOS,MARIHUEÑO,LOS ABETOS - MARIHUEÑO,0,BIDIRECCIONAL,CONCRETO,BUENO,SECO,DESPEJADO,0,0,0,0,0
-8131631.43178592,-4410761.54929591,603,1525254,-36.796372,-73.047688,2023/04/21 00:00:00+00,1899/12/30 00:00:00+00,8,REGION BIO BIO,CONCEPCION,COLISION,COLISION,URBANA,TRAMO DE VIA RECTA,CONDUCCION SIN MANTENER DISTANCIA RAZONABLE NI PRUDENTE,IMPRUDENCIA DEL CONDUCTOR,ABDON CIFUENTES,ROXANE,ABDON CIFUENTES - ROXANE,0,BIDIRECCIONAL,CONCRETO,BUENO,SECO,DESPEJADO,0,0,0,0,0
-8139412.44155339,-4400830.72810203,604,1527796,-36.724902,-73.117586,2023/04/21 00:00:00+00,1899/12/30 00:00:00+00,8,REGION BIO BIO,TALCAHUANO,COLISION LATERAL,COLISION,URBANA,CRUCE SIN SEÑALIZACION,NO RESPETAR DERECHO PREFERENTE DE PASO A VEHICULO,IMPRUDENCIA DEL CONDUCTOR,IGNACIO DIAZ,BILBAO,BILBAO - IGNACIO DIAZ,0,BIDIRECCIONAL,CONCRETO,BUENO,SECO,DESPEJADO,0,0,0,0,0
-8132101.64531503,-4414499.92023127,605,1525256,-36.823259,-73.051912,2023/04/21 00:00:00+00,1899/12/30 00:00:00+00,8,REGION BIO BIO,CONCEPCION,COLISION,COLISION,URBANA,TRAMO DE VIA RECTA,CONDUCCION CAMBIAR SORPRESIVAMENTE PISTA CIRCULACION,IMPRUDENCIA DEL CONDUCTOR,LOS CARRERA,ANIBAL PINTO,ANIBAL PINTO - LOS CARRERA,0,BIDIRECCIONAL CON BANDEJON,CONCRETO,BUENO,SECO,DESPEJADO,0,0,0,0,0
-8141989.48776525,-4416403.46644813,606,1528027,-36.836946,-73.140736,2023/04/21 00:00:00+00,1899/12/30 00:00:00+00,8,REGION BIO BIO,SAN PEDRO DE LA PAZ,COLISION PERPENDICULAR,COLISION,URBANA,CRUCE SIN SEÑALIZACION,CONDUCCION NO ATENTO CONDICIONES TRANSITO MOMENTO,IMPRUDENCIA DEL CONDUCTOR,12 DE FEBRERO,NUEVA UNO,12 DE FEBRERO - NUEVA UNO,0,BIDIRECCIONAL,CONCRETO,REGULAR,SECO,DESPEJADO,0,0,0,0,0
-8136867.67799385,-4417349.17726184,607,1528024,-36.843745,-73.094726,2023/04/21 00:00:00+00,1899/12/30 00:00:00+00,8,REGION BIO BIO,SAN PEDRO DE LA PAZ,COLISION LATERAL,COLISION,URBANA,CRUCE CON SEMAFORO FUNCIONANDO,CONDUCCION CAMBIAR SORPRESIVAMENTE PISTA CIRCULACION,IMPRUDENCIA DEL CONDUCTOR,CAMINO EL VENADO,MICHIMALONCO,CAMINO EL VENADO - MICHIMALONCO,0,BIDIRECCIONAL CON BANDEJON,CONCRETO,BUENO,SECO,NUBLADO,0,0,0,0,0
-8131112.12636137,-4411582.05146635,608,1525298,-36.802274,-73.043023,2023/04/21 00:00:00+00,1899/12/30 00:00:00+00,8,REGION BIO BIO,CONCEPCION,ATROPELLO,ATROPELLO,URBANA,CRUCE CON SEÑAL CEDA EL PASO,CONDUCCION NO ATENTO CONDICIONES TRANSITO MOMENTO,IMPRUDENCIA DEL CONDUCTOR,LOS TORREONES,BELLAVISTA,BELLAVISTA - LOS TORREONES,0,BIDIRECCIONAL CON BANDEJON,CONCRETO,BUENO,SECO,DESPEJADO,0,1,0,0,1
-8130659.94658977,-4420599.0908597,609,1527312,-36.867105,-73.038961,2023/04/21 00:00:00+00,1899/12/30 00:00:00+00,8,REGION BIO BIO,CHIGUAYANTE,CHOQUE FRONTAL,CHOQUE,URBANA,TRAMO DE VIA RECTA,CONDUCCION EN ESTADO DE EBRIEDAD,ALCOHOL EN CONDUCTOR,COSTANERA,PASCUAL BINIMELIS,COSTANERA - PASCUAL BINIMELIS,0,BIDIRECCIONAL,CONCRETO,BUENO,SECO,DESPEJADO,0,1,0,0,1
-8132148.95609862,-4415776.74810678,610,1526255,-36.83244,-73.052337,2023/04/22 00:00:00+00,1899/12/30 00:00:00+00,8,REGION BIO BIO,CONCEPCION,COLISION PERPENDICULAR,COLISION,URBANA,CRUCE CON SEMAFORO FUNCIONANDO,SEÑALIZACION DESOBEDECER LUZ ROJA DE SEMAFORO,DESOBEDIENCIA A SEÑALIZACION,ANGOL,CHACABUCO,ANGOL - CHACABUCO,0,BIDIRECCIONAL CON BANDEJON,CONCRETO,BUENO,SECO,NUBLADO,0,0,0,0,0
-8053488.93411173,-4505058.00040142,611,1525365,-37.471677,-72.345722,2023/04/22 00:00:00+00,1899/12/30 00:00:00+00,8,REGION BIO BIO,LOS ANGELES,CHOQUE FRENTE/FRENTE,CHOQUE,URBANA,TRAMO DE VIA RECTA,CONDUCCION NO ATENTO CONDICIONES TRANSITO MOMENTO,IMPRUDENCIA DEL CONDUCTOR,JUAN ANTONIO COLOMA, ,- JUAN ANTONIO COLOMA,221,BIDIRECCIONAL,CONCRETO,BUENO,SECO,DESPEJADO,0,0,0,0,0
-8052894.71066987,-4504690.09973196,612,1525366,-37.469054,-72.340384,2023/04/22 00:00:00+00,1899/12/30 00:00:00+00,8,REGION BIO BIO,LOS ANGELES,CHOQUE FRENTE/LADO,CHOQUE,URBANA,TRAMO DE VIA RECTA,CONDUCCION NO ATENTO CONDICIONES TRANSITO MOMENTO,IMPRUDENCIA DEL CONDUCTOR,ALEMANIA,MARATON,ALEMANIA - MARATON,0,UNIDIRECCIONAL,CONCRETO,BUENO,SECO,NUBLADO,0,0,0,0,0
-8145759.09968199,-4442465.99118972,613,1526105,-37.024096,-73.174599,2023/04/22 00:00:00+00,1899/12/30 00:00:00+00,8,REGION BIO BIO,CORONEL,CHOQUE,CHOQUE,URBANA,TRAMO DE VIA CURVA HORIZONTAL,CONDUCCION NO ATENTO CONDICIONES TRANSITO MOMENTO,IMPRUDENCIA DEL CONDUCTOR,PEDRO AGUIRRE CERDA,CAMINO A PALOMARES,CAMINO A PALOMARES - PEDRO AGUIRRE CERDA,0,BIDIRECCIONAL,CONCRETO,BUENO,HUMEDO,LLOVIZNA,0,1,0,0,1
-8139345.09326146,-4400814.20065655,614,1527679,-36.724783,-73.116981,2023/04/22 00:00:00+00,1899/12/30 00:00:00+00,8,REGION BIO BIO,TALCAHUANO,VOLCADURA,VOLCADURA,URBANA,TRAMO DE VIA RECTA,VELOCIDAD NO RAZONABLE NI PRUDENTE,VELOCIDAD IMPRUDENTE,CRISTOBAL COLON, ,- CRISTOBAL COLON,1008,UNIDIRECCIONAL,CONCRETO,BUENO,SECO,DESPEJADO,0,0,0,0,0
-8129582.03996042,-4413362.43332268,615,1529121,-36.815079,-73.029278,2023/04/22 00:00:00+00,1899/12/30 00:00:00+00,8,REGION BIO BIO,CONCEPCION,COLISION LATERAL,COLISION,URBANA,TRAMO DE VIA RECTA,CONDUCCION NO ATENTO CONDICIONES TRANSITO MOMENTO,IMPRUDENCIA DEL CONDUCTOR,COLLAO,MAIPU,COLLAO - MAIPU,0,BIDIRECCIONAL,CONCRETO,BUENO,SECO,DESPEJADO,0,0,0,0,0
-8129100.24920426,-4428869.56580099,616,1526845,-36.92652,-73.02495,2023/04/22 00:00:00+00,1899/12/30 00:00:00+00,8,REGION BIO BIO,CHIGUAYANTE,COLISION POR ALCANCE,COLISION,URBANA,CRUCE CON SEMAFORO FUNCIONANDO,SEÑALIZACION DESOBEDECER LUZ ROJA DE SEMAFORO,DESOBEDIENCIA A SEÑALIZACION,MANUEL RODRIGUEZ,LAS CONDES,LAS CONDES - MANUEL RODRIGUEZ,0,BIDIRECCIONAL CON BANDEJON,CONCRETO,BUENO,SECO,DESPEJADO,0,1,0,0,1
-8128389.91953351,-4430829.86700431,617,1526317,-36.940596,-73.018569,2023/04/22 00:00:00+00,1899/12/30 00:00:00+00,8,REGION BIO BIO,CHIGUAYANTE,COLISION,COLISION,URBANA,CRUCE CON SEMAFORO FUNCIONANDO,CONDUCCION CAMBIAR SORPRESIVAMENTE PISTA CIRCULACION,IMPRUDENCIA DEL CONDUCTOR,MANUEL RODRIGUEZ,MANQUIMAVIDA,MANQUIMAVIDA - MANUEL RODRIGUEZ,0,BIDIRECCIONAL CON BANDEJON,CONCRETO,BUENO,SECO,DESPEJADO,0,0,0,0,0
-8130377.75168061,-4423907.90015807,618,1526794,-36.890881,-73.036426,2023/04/22 00:00:00+00,1899/12/30 00:00:00+00,8,REGION BIO BIO,CHIGUAYANTE,COLISION LATERAL,COLISION,URBANA,TRAMO DE VIA CURVA HORIZONTAL,"ADELANTAMIENTO EN CRUCE, CURVA, CUESTA, PUENTE",IMPRUDENCIA DEL CONDUCTOR,COSTANERA, ,- COSTANERA,4097,BIDIRECCIONAL,CONCRETO,BUENO,SECO,DESPEJADO,0,0,0,0,0
-8197882.78145357,-4523078.92264851,619,1527946,-37.600047,-73.642834,2023/04/22 00:00:00+00,1899/12/30 00:00:00+00,8,REGION BIO BIO,LEBU,COLISION FRONTAL,COLISION,URBANA,TRAMO DE VIA RECTA,CONDUCIR VEHICULO EN RETROCESO,IMPRUDENCIA DEL CONDUCTOR,IGNACIO CARRERA PINTO,NELSON SOTOMAYOR,IGNACIO CARRERA PINTO - NELSON SOTOMAYOR,0,BIDIRECCIONAL,ASFALTO,BUENO,SECO,DESPEJADO,0,0,0,0,0
-8136543.0703587,-4408100.70450985,620,1525265,-36.777229,-73.09181,2023/04/22 00:00:00+00,1899/12/30 00:00:00+00,8,REGION BIO BIO,TALCAHUANO,COLISION,COLISION,URBANA,TRAMO DE VIA RECTA,CONDUCCION CONTRA SENTIDO DEL TRANSITO,IMPRUDENCIA DEL CONDUCTOR,7 PONIENTE,2 PONIENTE,2 PONIENTE - 7 PONIENTE,0,BIDIRECCIONAL,CONCRETO,BUENO,SECO,DESPEJADO,0,0,0,0,0
-8128849.4463915,-4429349.44125603,621,1526912,-36.929966,-73.022697,2023/04/22 00:00:00+00,1899/12/30 00:00:00+00,8,REGION BIO BIO,CHIGUAYANTE,COLISION LATERAL,COLISION,URBANA,TRAMO DE VIA RECTA,NO RESPETAR DERECHO PREFERENTE DE PASO A VEHICULO,IMPRUDENCIA DEL CONDUCTOR,MANUEL RODRIGUEZ, ,- MANUEL RODRIGUEZ,1057,BIDIRECCIONAL CON BANDEJON,CONCRETO,BUENO,SECO,DESPEJADO,0,0,0,0,0