X,Y,FID,Idaccident,Latitude,Longitude,Fecha,Hora,Cód_Regi,Región,Comuna,Tipo_Accid,Tipo__CONA,Zona,Ubicación,Causa,Causa__CON,Calle_Uno,Calle_Dos,Intersecci,Número,Calzada,Tipo_Calza,Estado_Cal,Condición,Estado_Atm,Fallecidos,Lesionados,Graves,Menos_Grav,Leves
-8129611.65094497,-4426421.50806305,622,1527681,-36.908938,-73.029544,2023/04/22 00:00:00+00,1899/12/30 00:00:00+00,8,REGION BIO BIO,CHIGUAYANTE,COLISION PERPENDICULAR,COLISION,URBANA,CRUCE CON SEMAFORO FUNCIONANDO,ADELANTAMIENTO SOBREPASANDO LINEA CONTINUA,IMPRUDENCIA DEL CONDUCTOR,O'HIGGINS,COLO COLO,COLO COLO - O'HIGGINS,0,BIDIRECCIONAL,CONCRETO,BUENO,SECO,DESPEJADO,0,1,0,0,1
-8130139.97324827,-4413471.72690767,623,1526322,-36.815865,-73.03429,2023/04/22 00:00:00+00,1899/12/30 00:00:00+00,8,REGION BIO BIO,CONCEPCION,COLISION LATERAL,COLISION,URBANA,TRAMO DE VIA RECTA,CONDUCCION NO ATENTO CONDICIONES TRANSITO MOMENTO,IMPRUDENCIA DEL CONDUCTOR,LOS CARRERA,FRESIA,FRESIA - LOS CARRERA,0,BIDIRECCIONAL CON BANDEJON,CONCRETO,BUENO,SECO,DESPEJADO,0,0,0,0,0
-8131743.41919366,-4411255.34444975,624,1525304,-36.799924,-73.048694,2023/04/22 00:00:00+00,1899/12/30 00:00:00+00,8,REGION BIO BIO,CONCEPCION,COLISION,COLISION,URBANA,TRAMO DE VIA RECTA,NO RESPETAR DERECHO PREFERENTE DE PASO A VEHICULO,IMPRUDENCIA DEL CONDUCTOR,ABDON CIFUENTES,SILVA VILDOSOLA,ABDON CIFUENTES - SILVA VILDOSOLA,0,BIDIRECCIONAL,CONCRETO,BUENO,SECO,DESPEJADO,0,1,0,0,1
-8129174.27666564,-4428658.73939222,625,1527434,-36.925006,-73.025615,2023/04/22 00:00:00+00,1899/12/30 00:00:00+00,8,REGION BIO BIO,CHIGUAYANTE,COLISION PERPENDICULAR,COLISION,URBANA,CRUCE CON SEMAFORO FUNCIONANDO,SEÑALIZACION DESOBEDECER LUZ ROJA DE SEMAFORO,DESOBEDIENCIA A SEÑALIZACION,CHIGUAY,MANUEL RODRIGUEZ,CHIGUAY - MANUEL RODRIGUEZ,0,BIDIRECCIONAL CON BANDEJON,CONCRETO,BUENO,SECO,DESPEJADO,0,2,1,0,1
-8137249.28120829,-4417031.33449303,626,1528338,-36.84146,-73.098154,2023/04/23 00:00:00+00,1899/12/30 00:00:00+00,8,REGION BIO BIO,SAN PEDRO DE LA PAZ,CHOQUE FRENTE/POSTERIOR,CHOQUE,URBANA,TRAMO DE VIA RECTA,CONDUCCION EN ESTADO DE EBRIEDAD,ALCOHOL EN CONDUCTOR,CAMILO MORI, ,- CAMILO MORI,60,BIDIRECCIONAL,CONCRETO,BUENO,SECO,NUBLADO,0,0,0,0,0
-8132288.99601804,-4415496.64225913,627,1526306,-36.830426,-73.053595,2023/04/23 00:00:00+00,1899/12/30 00:00:00+00,8,REGION BIO BIO,CONCEPCION,COLISION PERPENDICULAR,COLISION,URBANA,CRUCE CON SEMAFORO FUNCIONANDO,SEÑALIZACION DESOBEDECER LUZ ROJA DE SEMAFORO,DESOBEDIENCIA A SEÑALIZACION,ANGOL,SAN MARTIN,ANGOL - SAN MARTIN,0,UNIDIRECCIONAL,CONCRETO,BUENO,SECO,DESPEJADO,0,2,0,0,2
-8139085.16225046,-4407329.94400236,628,1525300,-36.771683,-73.114646,2023/04/23 00:00:00+00,1899/12/30 00:00:00+00,8,REGION BIO BIO,HUALPEN,COLISION,COLISION,URBANA,ROTONDA,CONDUCCION NO ATENTO CONDICIONES TRANSITO MOMENTO,IMPRUDENCIA DEL CONDUCTOR,COSTANERA,GRAN BRETAÑA,COSTANERA - GRAN BRETAÑA,0,BIDIRECCIONAL CON BANDEJON,CONCRETO,BUENO,SECO,DESPEJADO,0,0,0,0,0
-8131110.23393003,-4414346.67224368,629,1526289,-36.822157,-73.043006,2023/04/23 00:00:00+00,1899/12/30 00:00:00+00,8,REGION BIO BIO,CONCEPCION,COLISION POR ALCANCE,COLISION,URBANA,TRAMO DE VIA RECTA,CONDUCCION SIN MANTENER DISTANCIA RAZONABLE NI PRUDENTE,IMPRUDENCIA DEL CONDUCTOR,PAICAVI,FREIRE,FREIRE - PAICAVI,0,BIDIRECCIONAL CON BANDEJON,CONCRETO,BUENO,SECO,DESPEJADO,0,1,1,0,0
-8133155.06165641,-4414876.3745209,630,1525309,-36.825966,-73.061375,2023/04/23 00:00:00+00,1899/12/30 00:00:00+00,8,REGION BIO BIO,CONCEPCION,COLISION,COLISION,URBANA,CRUCE CON SEMAFORO FUNCIONANDO,CONDUCCION NO ATENTO CONDICIONES TRANSITO MOMENTO,IMPRUDENCIA DEL CONDUCTOR,LAS HERAS,ARTURO PRAT,ARTURO PRAT - LAS HERAS,0,UNIDIRECCIONAL,CONCRETO,BUENO,SECO,DESPEJADO,0,2,0,0,2
-8142960.9729614,-4449342.46577535,631,1525664,-37.073398,-73.149463,2023/04/23 00:00:00+00,1899/12/30 00:00:00+00,8,REGION BIO BIO,LOTA,COLISION FRONTAL,COLISION,URBANA,CRUCE SIN SEÑALIZACION,NO RESPETAR DERECHO PREFERENTE DE PASO A VEHICULO,IMPRUDENCIA DEL CONDUCTOR,PLAYA BLANCA,SAN PEDRO,PLAYA BLANCA - SAN PEDRO,0,BIDIRECCIONAL,ASFALTO,BUENO,SECO,DESPEJADO,0,1,0,0,1
-8137021.96680809,-4408547.12069821,632,1525285,-36.780441,-73.096112,2023/04/23 00:00:00+00,1899/12/30 00:00:00+00,8,REGION BIO BIO,HUALPEN,COLISION,COLISION,URBANA,CRUCE CON SEMAFORO FUNCIONANDO,CONDUCCION NO ATENTO CONDICIONES TRANSITO MOMENTO,IMPRUDENCIA DEL CONDUCTOR,LAS GOLONDRINAS,SUECIA,LAS GOLONDRINAS - SUECIA,0,BIDIRECCIONAL,CONCRETO,BUENO,SECO,DESPEJADO,0,0,0,0,0
-8009426.67590492,-4480320.69312167,633,1525971,-37.295104,-71.949904,2023/04/23 00:00:00+00,1899/12/30 00:00:00+00,8,REGION BIO BIO,TUCAPEL,CHOQUE FRENTE/POSTERIOR,CHOQUE,URBANA,CRUCE CON SEMAFORO FUNCIONANDO,CONDUCCION EN ESTADO DE EBRIEDAD,ALCOHOL EN CONDUCTOR,ALEJANDRO PEREZ,PEDRO AGUIRRE CERDA,ALEJANDRO PEREZ - PEDRO AGUIRRE CERDA,0,BIDIRECCIONAL,ASFALTO,BUENO,SECO,DESPEJADO,0,0,0,0,0
-8054531.99774046,-4506569.43198655,634,1526020,-37.482452,-72.355092,2023/04/23 00:00:00+00,1899/12/30 00:00:00+00,8,REGION BIO BIO,LOS ANGELES,COLISION PERPENDICULAR,COLISION,URBANA,CRUCE CON SEÑAL CEDA EL PASO,CONDUCCION NO ATENTO CONDICIONES TRANSITO MOMENTO,IMPRUDENCIA DEL CONDUCTOR,SAN MARTIN,5 DE ABRIL,5 DE ABRIL - SAN MARTIN,0,UNIDIRECCIONAL,CONCRETO,BUENO,SECO,DESPEJADO,0,0,0,0,0
-8041633.63098123,-4540066.41061888,635,1526885,-37.720853,-72.239224,2023/04/23 00:00:00+00,1899/12/30 00:00:00+00,8,REGION BIO BIO,MULCHEN,ATROPELLO,ATROPELLO,URBANA,CRUCE CON SEÑAL CEDA EL PASO,CONDUCCION NO ATENTO CONDICIONES TRANSITO MOMENTO,IMPRUDENCIA DEL CONDUCTOR,PEDRO LAGOS,PANTOJA,PANTOJA - PEDRO LAGOS,0,UNIDIRECCIONAL,ASFALTO,BUENO,SECO,DESPEJADO,0,1,0,1,0
-8136642.81262245,-4404399.31170399,636,1527499,-36.750592,-73.092706,2023/04/23 00:00:00+00,1899/12/30 00:00:00+00,8,REGION BIO BIO,TALCAHUANO,CHOQUE FRONTAL,CHOQUE,URBANA,TRAMO DE VIA RECTA,VELOCIDAD NO RAZONABLE NI PRUDENTE,VELOCIDAD IMPRUDENTE,GOMEZ CARREÑO, ,- GOMEZ CARREÑO,3817,BIDIRECCIONAL,CONCRETO,BUENO,SECO,DESPEJADO,0,1,0,0,1
-8133085.59829415,-4415011.13365242,637,1526316,-36.826935,-73.060751,2023/04/23 00:00:00+00,1899/12/30 00:00:00+00,8,REGION BIO BIO,CONCEPCION,ATROPELLO,ATROPELLO,URBANA,CRUCE CON SEMAFORO FUNCIONANDO,PEATON CRUZA CALZADA FORMA SORPRESIVA O DESCUIDADA,IMPRUDENCIA DEL PEATON,LOS CARRERA,ARTURO PRAT,ARTURO PRAT - LOS CARRERA,0,BIDIRECCIONAL CON BANDEJON,CONCRETO,BUENO,SECO,DESPEJADO,0,1,0,0,1
-8121727.67064851,-4383887.00805262,638,1526073,-36.602808,-72.958721,2023/04/23 00:00:00+00,1899/12/30 00:00:00+00,8,REGION BIO BIO,TOME,COLISION LATERAL,COLISION,URBANA,TRAMO DE VIA RECTA,ADELANTAMIENTO SOBREPASANDO LINEA CONTINUA,IMPRUDENCIA DEL CONDUCTOR,ENRIQUE MOLINA,IGNACIO CARRERA PINTO,ENRIQUE MOLINA - IGNACIO CARRERA PINTO,0,BIDIRECCIONAL,CONCRETO,BUENO,SECO,DESPEJADO,0,0,0,0,0
-8141492.33491937,-4424367.50756617,639,1528349,-36.894183,-73.13627,2023/04/23 00:00:00+00,1899/12/30 00:00:00+00,8,REGION BIO BIO,SAN PEDRO DE LA PAZ,CHOQUE FRENTE/POSTERIOR,CHOQUE,URBANA,TRAMO DE VIA RECTA,CONDUCCION EN ESTADO DE EBRIEDAD,ALCOHOL EN CONDUCTOR,BENJAMIN SUBERCASEAUX, ,- BENJAMIN SUBERCASEAUX,7964,BIDIRECCIONAL,CONCRETO,BUENO,SECO,DESPEJADO,0,1,0,0,1
-8051493.75487824,-4502823.44469628,640,1526067,-37.455744,-72.327799,2023/04/23 00:00:00+00,1899/12/30 00:00:00+00,8,REGION BIO BIO,LOS ANGELES,CHOQUE FRONTAL,CHOQUE,URBANA,TRAMO DE VIA RECTA,CONDUCCION EN ESTADO DE EBRIEDAD,ALCOHOL EN CONDUCTOR,LAS INDUSTRIAS, ,- LAS INDUSTRIAS,7730,BIDIRECCIONAL,CONCRETO,BUENO,SECO,DESPEJADO,0,1,1,0,0
-8134525.51590756,-4412165.70027164,641,1525799,-36.806472,-73.073686,2023/04/23 00:00:00+00,1899/12/30 00:00:00+00,8,REGION BIO BIO,CONCEPCION,COLISION,COLISION,URBANA,TRAMO DE VIA RECTA,CONDUCCION NO ATENTO CONDICIONES TRANSITO MOMENTO,IMPRUDENCIA DEL CONDUCTOR,LAGUNA REDONDA,MENCIA DE LOS NIDOS,LAGUNA REDONDA - MENCIA DE LOS NIDOS,0,BIDIRECCIONAL CON BANDEJON,CONCRETO,BUENO,SECO,DESPEJADO,0,0,0,0,0
-8042186.88885047,-4540280.04465607,642,1526867,-37.722371,-72.244194,2023/04/23 00:00:00+00,1899/12/30 00:00:00+00,8,REGION BIO BIO,MULCHEN,COLISION,COLISION,URBANA,TRAMO DE VIA RECTA,NO RESPETAR DERECHO PREFERENTE DE PASO A VEHICULO,IMPRUDENCIA DEL CONDUCTOR,UNZUETA, ,- UNZUETA,533,UNIDIRECCIONAL,CONCRETO,BUENO,SECO,DESPEJADO,0,2,0,0,2
-8132027.17257569,-4414288.9614592,643,1525796,-36.821742,-73.051243,2023/04/24 00:00:00+00,1899/12/30 00:00:00+00,8,REGION BIO BIO,CONCEPCION,COLISION,COLISION,URBANA,CRUCE CON SEÑAL PARE,CONDUCCION EN ESTADO DE EBRIEDAD,ALCOHOL EN CONDUCTOR,LAS HERAS,COLO COLO,COLO COLO - LAS HERAS,0,UNIDIRECCIONAL,CONCRETO,BUENO,HUMEDO,LLOVIZNA,0,0,0,0,0
-8041401.97512089,-4539735.97607989,644,1526903,-37.718505,-72.237143,2023/04/24 00:00:00+00,1899/12/30 00:00:00+00,8,REGION BIO BIO,MULCHEN,COLISION,COLISION,URBANA,CRUCE CON SEÑAL CEDA EL PASO,CONDUCCION NO ATENTO CONDICIONES TRANSITO MOMENTO,IMPRUDENCIA DEL CONDUCTOR,SALVO,CAMPILLO,CAMPILLO - SALVO,0,UNIDIRECCIONAL,CONCRETO,BUENO,SECO,NUBLADO,0,1,0,0,1
-8136113.93372169,-4408217.31017119,645,1527652,-36.778068,-73.087955,2023/04/24 00:00:00+00,1899/12/30 00:00:00+00,8,REGION BIO BIO,TALCAHUANO,COLISION LATERAL,COLISION,URBANA,TRAMO DE VIA RECTA,CONDUCCION CAMBIAR SORPRESIVAMENTE PISTA CIRCULACION,IMPRUDENCIA DEL CONDUCTOR,LA MARINA, ,- LA MARINA,1160,BIDIRECCIONAL,CONCRETO,BUENO,SECO,DESPEJADO,0,0,0,0,0
-8142736.44154848,-4425423.34367679,646,1528327,-36.901768,-73.147446,2023/04/24 00:00:00+00,1899/12/30 00:00:00+00,8,REGION BIO BIO,SAN PEDRO DE LA PAZ,COLISION PERPENDICULAR,COLISION,URBANA,CRUCE CON SEÑAL CEDA EL PASO,SEÑALIZACION DESOBEDECER SEÑAL CEDA EL PASO,DESOBEDIENCIA A SEÑALIZACION,ADOLFO COUVE,ROSITA RENARD,ADOLFO COUVE - ROSITA RENARD,0,BIDIRECCIONAL,CONCRETO,BUENO,SECO,NUBLADO,0,0,0,0,0
-8132509.85388777,-4415077.33174562,647,1526421,-36.827411,-73.055579,2023/04/24 00:00:00+00,1899/12/30 00:00:00+00,8,REGION BIO BIO,CONCEPCION,ATROPELLO,ATROPELLO,URBANA,CRUCE CON SEMAFORO FUNCIONANDO,NO RESPETAR DERECHO PREFERENTE DE PASO A PEATON,IMPRUDENCIA DEL CONDUCTOR,FREIRE,ANGOL,ANGOL - FREIRE,0,UNIDIRECCIONAL,CONCRETO,BUENO,SECO,NUBLADO,0,1,0,0,1
-8042715.32247327,-4540137.76221157,648,1526922,-37.72136,-72.248941,2023/04/24 00:00:00+00,1899/12/30 00:00:00+00,8,REGION BIO BIO,MULCHEN,COLISION,COLISION,URBANA,CRUCE CON SEÑAL CEDA EL PASO,CONDUCCION SIN MANTENER DISTANCIA RAZONABLE NI PRUDENTE,IMPRUDENCIA DEL CONDUCTOR,UNZUETA,AMUNATEGUI,AMUNATEGUI - UNZUETA,0,BIDIRECCIONAL,CONCRETO,BUENO,SECO,DESPEJADO,0,1,0,0,1
-8135657.30117046,-4408390.34476228,649,1527639,-36.779313,-73.083853,2023/04/24 00:00:00+00,1899/12/30 00:00:00+00,8,REGION BIO BIO,TALCAHUANO,COLISION LATERAL,COLISION,URBANA,CRUCE SIN SEÑALIZACION,NO RESPETAR DERECHO PREFERENTE DE PASO A VEHICULO,IMPRUDENCIA DEL CONDUCTOR,SAN JOSE,GRISELDA,GRISELDA - SAN JOSE,0,BIDIRECCIONAL,CONCRETO,BUENO,SECO,DESPEJADO,0,0,0,0,0
-8132513.41611147,-4414366.83632649,650,1525791,-36.822302,-73.055611,2023/04/24 00:00:00+00,1899/12/30 00:00:00+00,8,REGION BIO BIO,CONCEPCION,COLISION,COLISION,URBANA,CRUCE CON SEÑAL PARE,NO RESPETAR DERECHO PREFERENTE DE PASO A VEHICULO,IMPRUDENCIA DEL CONDUCTOR,RENGO,ROZAS,RENGO - ROZAS,0,UNIDIRECCIONAL,CONCRETO,BUENO,SECO,DESPEJADO,0,0,0,0,0
-8139018.70451445,-4416789.16832478,651,1525522,-36.839719,-73.114049,2023/04/24 00:00:00+00,1899/12/30 00:00:00+00,8,REGION BIO BIO,SAN PEDRO DE LA PAZ,COLISION LATERAL,COLISION,URBANA,CRUCE SIN SEÑALIZACION,CONDUCCION CAMBIAR SORPRESIVAMENTE PISTA CIRCULACION,IMPRUDENCIA DEL CONDUCTOR,PEDRO AGUIRRE CERDA,LUIS GOMEZ DE VIDAURRE,LUIS GOMEZ DE VIDAURRE - PEDRO AGUIRRE CERDA,0,BIDIRECCIONAL CON BANDEJON,CONCRETO,BUENO,SECO,DESPEJADO,1,0,0,0,0
-8121379.12932284,-4384800.3017673,652,1526077,-36.609394,-72.95559,2023/04/24 00:00:00+00,1899/12/30 00:00:00+00,8,REGION BIO BIO,TOME,VOLCADURA,VOLCADURA,URBANA,CRUCE CON SEÑAL PARE,VELOCIDAD NO RAZONABLE NI PRUDENTE,VELOCIDAD IMPRUDENTE,VICENTE PALACIOS,LEON LUCO,LEON LUCO - VICENTE PALACIOS,0,BIDIRECCIONAL,CONCRETO,BUENO,SECO,DESPEJADO,0,1,0,0,1
-8030352.17982576,-4501753.66875811,653,1526163,-37.448115,-72.137881,2023/04/24 00:00:00+00,1899/12/30 00:00:00+00,8,REGION BIO BIO,LOS ANGELES,COLISION LATERAL,COLISION,URBANA,CRUCE CON SEÑAL CEDA EL PASO,SEÑALIZACION DESOBEDECER SEÑAL CEDA EL PASO,DESOBEDIENCIA A SEÑALIZACION,ARTURO PRAT,21 DE MAYO,21 DE MAYO - ARTURO PRAT,0,BIDIRECCIONAL,CONCRETO,BUENO,SECO,DESPEJADO,0,1,0,0,1
-8138084.17738924,-4403618.81640938,654,1527622,-36.744974,-73.105654,2023/04/24 00:00:00+00,1899/12/30 00:00:00+00,8,REGION BIO BIO,TALCAHUANO,CHOQUE FRENTE/POSTERIOR,CHOQUE,URBANA,TRAMO DE VIA RECTA,CONDUCCION SIN MANTENER DISTANCIA RAZONABLE NI PRUDENTE,IMPRUDENCIA DEL CONDUCTOR,ALTO HORNO, ,- ALTO HORNO,343,BIDIRECCIONAL CON BANDEJON,CONCRETO,BUENO,SECO,DESPEJADO,0,0,0,0,0
-8055768.08936623,-4504676.3545511,655,1527528,-37.468956,-72.366196,2023/04/24 00:00:00+00,1899/12/30 00:00:00+00,8,REGION BIO BIO,LOS ANGELES,CHOQUE LADO/LADO,CHOQUE,URBANA,CRUCE CON SEÑAL CEDA EL PASO,CONDUCCION NO ATENTO CONDICIONES TRANSITO MOMENTO,IMPRUDENCIA DEL CONDUCTOR,PATRICIO CASTRO,LAS AZALEAS,LAS AZALEAS - PATRICIO CASTRO,0,BIDIRECCIONAL,CONCRETO,BUENO,SECO,DESPEJADO,0,0,0,0,0
-8143194.07597513,-4452505.06289825,656,1525942,-37.096062,-73.151557,2023/04/24 00:00:00+00,1899/12/30 00:00:00+00,8,REGION BIO BIO,LOTA,VOLCADURA,VOLCADURA,URBANA,OTROS NO CONSIDERADOS,VELOCIDAD NO RAZONABLE NI PRUDENTE,VELOCIDAD IMPRUDENTE,CARLOS CONDELL,PASAJE SEIS,CARLOS CONDELL - PASAJE SEIS,0,BIDIRECCIONAL,CONCRETO,BUENO,OTROS,DESPEJADO,0,1,0,0,1
-8131107.67358174,-4414703.79075709,657,1526400,-36.824725,-73.042983,2023/04/24 00:00:00+00,1899/12/30 00:00:00+00,8,REGION BIO BIO,CONCEPCION,COLISION LATERAL,COLISION,URBANA,TRAMO DE VIA RECTA,CONDUCCION CAMBIAR SORPRESIVAMENTE PISTA CIRCULACION,IMPRUDENCIA DEL CONDUCTOR,O'HIGGINS,ONGOLMO,O'HIGGINS - ONGOLMO,0,UNIDIRECCIONAL,CONCRETO,BUENO,SECO,DESPEJADO,0,0,0,0,0
-8133574.84745619,-4415732.52037742,658,1526404,-36.832122,-73.065146,2023/04/24 00:00:00+00,1899/12/30 00:00:00+00,8,REGION BIO BIO,CONCEPCION,COLISION,COLISION,URBANA,CRUCE CON SEMAFORO FUNCIONANDO,SEÑALIZACION DESOBEDECER SEÑAL CEDA EL PASO,DESOBEDIENCIA A SEÑALIZACION,COSTANERA,CENTRAL NORTE,CENTRAL NORTE - COSTANERA,0,BIDIRECCIONAL CON BANDEJON,CONCRETO,BUENO,SECO,NUBLADO,0,0,0,0,0
-8144488.72165305,-4437074.43923172,659,1527383,-36.985418,-73.163187,2023/04/24 00:00:00+00,1899/12/30 00:00:00+00,8,REGION BIO BIO,CORONEL,CHOQUE FRONTAL,CHOQUE,URBANA,TRAMO DE VIA RECTA,CONDUCCION EN ESTADO DE EBRIEDAD,ALCOHOL EN CONDUCTOR,VOLCAN VILLARRICA,JUAN ANTONIO RIOS,JUAN ANTONIO RIOS - VOLCAN VILLARRICA,0,BIDIRECCIONAL,ASFALTO,BUENO,SECO,DESPEJADO,0,2,0,0,2
-8135937.38100929,-4410733.88521101,660,1525888,-36.796173,-73.086369,2023/04/25 00:00:00+00,1899/12/30 00:00:00+00,8,REGION BIO BIO,HUALPEN,CHOQUE FRONTAL,CHOQUE,URBANA,CRUCE CON SEÑAL CEDA EL PASO,VELOCIDAD MAYOR QUE MAXIMA PERMITIDA,VELOCIDAD IMPRUDENTE,CRISTOBAL COLON,LOS CONQUISTADORES,CRISTOBAL COLON - LOS CONQUISTADORES,0,BIDIRECCIONAL CON BANDEJON,CONCRETO,BUENO,SECO,DESPEJADO,0,1,1,0,0
-8135948.1789999,-4402978.26390639,661,1527500,-36.740363,-73.086466,2023/04/25 00:00:00+00,1899/12/30 00:00:00+00,8,REGION BIO BIO,TALCAHUANO,COLISION LATERAL,COLISION,URBANA,TRAMO DE VIA RECTA,ADELANTAMIENTO SIN EL ESPACIO O TIEMPO SUFICIENTE,IMPRUDENCIA DEL CONDUCTOR,VASCO NUÑEZ DE BALBOA, ,- VASCO NUÑEZ DE BALBOA,7421,BIDIRECCIONAL,CONCRETO,BUENO,SECO,DESPEJADO,0,0,0,0,0
-8053629.75326758,-4507280.40622001,662,1543349,-37.48752,-72.346987,2023/04/25 00:00:00+00,1899/12/30 00:00:00+00,8,REGION BIO BIO,LOS ANGELES,VOLCADURA,VOLCADURA,URBANA,TRAMO DE VIA RECTA,VELOCIDAD NO RAZONABLE NI PRUDENTE,VELOCIDAD IMPRUDENTE,CAMINO DUQUECO, ,- CAMINO DUQUECO,2,BIDIRECCIONAL,TIERRA,REGULAR, ,DESPEJADO,0,1,0,1,0
-8131906.05696971,-4412789.84227066,663,1525804,-36.810961,-73.050155,2023/04/25 00:00:00+00,1899/12/30 00:00:00+00,8,REGION BIO BIO,CONCEPCION,COLISION,COLISION,URBANA,TRAMO DE VIA RECTA,NO RESPETAR DERECHO PREFERENTE DE PASO A VEHICULO,IMPRUDENCIA DEL CONDUCTOR,PAICAVI,JOSE JOAQUIN PRIETO,JOSE JOAQUIN PRIETO - PAICAVI,0,BIDIRECCIONAL CON BANDEJON,CONCRETO,BUENO,SECO,DESPEJADO,0,0,0,0,0
-8132356.90090742,-4415709.71118005,664,1526853,-36.831958,-73.054205,2023/04/25 00:00:00+00,1899/12/30 00:00:00+00,8,REGION BIO BIO,CONCEPCION,COLISION LATERAL,COLISION,URBANA,TRAMO DE VIA RECTA,CONDUCCION NO ATENTO CONDICIONES TRANSITO MOMENTO,IMPRUDENCIA DEL CONDUCTOR,COCHRANE,SALAS,COCHRANE - SALAS,0,UNIDIRECCIONAL,CONCRETO,BUENO,SECO,DESPEJADO,0,0,0,0,0
-8172391.06333988,-4525133.14688311,665,1527954,-37.614666,-73.413838,2023/04/25 00:00:00+00,1899/12/30 00:00:00+00,8,REGION BIO BIO,LOS ALAMOS,COLISION LATERAL,COLISION,URBANA,TRAMO DE VIA RECTA,CONDUCCION NO ATENTO CONDICIONES TRANSITO MOMENTO,IMPRUDENCIA DEL CONDUCTOR,DIEGO PORTALES,LOS PEUMOS,DIEGO PORTALES - LOS PEUMOS,0,BIDIRECCIONAL CON BANDEJON,ASFALTO,BUENO,SECO,DESPEJADO,0,1,0,0,1
-8139199.37604801,-4399213.10425499,666,1527616,-36.713254,-73.115672,2023/04/25 00:00:00+00,1899/12/30 00:00:00+00,8,REGION BIO BIO,TALCAHUANO,CAIDA,CAIDA,URBANA,TRAMO DE VIA RECTA,CONDUCCION NO ATENTO CONDICIONES TRANSITO MOMENTO,IMPRUDENCIA DEL CONDUCTOR,VALDIVIA, ,- VALDIVIA,220,BIDIRECCIONAL,CONCRETO,BUENO,SECO,DESPEJADO,0,1,0,0,1
-8128241.08537432,-4431337.82735116,667,1527822,-36.944243,-73.017232,2023/04/25 00:00:00+00,1899/12/30 00:00:00+00,8,REGION BIO BIO,CHIGUAYANTE,COLISION POR ALCANCE,COLISION,URBANA,CRUCE CON SEMAFORO FUNCIONANDO,CONDUCCION NO ATENTO CONDICIONES TRANSITO MOMENTO,IMPRUDENCIA DEL CONDUCTOR,MANUEL RODRIGUEZ,COQUIMBO,COQUIMBO - MANUEL RODRIGUEZ,0,BIDIRECCIONAL CON BANDEJON,CONCRETO,BUENO,SECO,NUBLADO,0,0,0,0,0
-8143420.38849991,-4436598.39485615,668,1527477,-36.982002,-73.15359,2023/04/25 00:00:00+00,1899/12/30 00:00:00+00,8,REGION BIO BIO,CORONEL,COLISION FRONTAL,COLISION,URBANA,TRAMO DE VIA RECTA,NO RESPETAR DERECHO PREFERENTE DE PASO A VEHICULO,IMPRUDENCIA DEL CONDUCTOR,ESCUADRON, ,- ESCUADRON,380,BIDIRECCIONAL,ASFALTO,BUENO,SECO,DESPEJADO,0,0,0,0,0
-8128518.15958691,-4413987.20173074,669,1526746,-36.819572,-73.019721,2023/04/26 00:00:00+00,1899/12/30 00:00:00+00,8,REGION BIO BIO,CONCEPCION,COLISION PERPENDICULAR,COLISION,URBANA,CRUCE CON SEÑAL PARE,SEÑALIZACION DESOBEDECER SEÑAL PARE,DESOBEDIENCIA A SEÑALIZACION,GENERAL NOVOA,CALLEJON PUCHACAY,CALLEJON PUCHACAY - GENERAL NOVOA,0,UNIDIRECCIONAL,CONCRETO,BUENO,SECO,DESPEJADO,0,0,0,0,0
-8131287.89983733,-4414870.53360642,670,1527735,-36.825924,-73.044602,2023/04/26 00:00:00+00,1899/12/30 00:00:00+00,8,REGION BIO BIO,SAN PEDRO DE LA PAZ,COLISION POR ALCANCE,COLISION,URBANA,TRAMO DE VIA RECTA,CONDUCCION NO ATENTO CONDICIONES TRANSITO MOMENTO,IMPRUDENCIA DEL CONDUCTOR,PEDRO AGUIRRE CERDA, ,- PEDRO AGUIRRE CERDA,1055,BIDIRECCIONAL CON BANDEJON,CONCRETO,BUENO,SECO,DESPEJADO,0,1,0,0,1
-8056948.5212466,-4504024.04020744,671,1527564,-37.464305,-72.3768,2023/04/26 00:00:00+00,1899/12/30 00:00:00+00,8,REGION BIO BIO,LOS ANGELES,COLISION FRONTAL,COLISION,URBANA,TRAMO DE VIA RECTA,CONDUCCION NO ATENTO CONDICIONES TRANSITO MOMENTO,IMPRUDENCIA DEL CONDUCTOR,ESTANISLAO ANGUITA,COSTANERA,COSTANERA - ESTANISLAO ANGUITA,0,BIDIRECCIONAL CON BANDEJON,CONCRETO,BUENO,SECO,DESPEJADO,0,1,0,0,1
-8131776.48108242,-4415274.25960055,672,1526768,-36.828827,-73.048991,2023/04/26 00:00:00+00,1899/12/30 00:00:00+00,8,REGION BIO BIO,CONCEPCION,COLISION LATERAL,COLISION,URBANA,TRAMO DE VIA RECTA,CONDUCCION CAMBIAR SORPRESIVAMENTE PISTA CIRCULACION,IMPRUDENCIA DEL CONDUCTOR,SAN MARTIN, ,- SAN MARTIN,654,UNIDIRECCIONAL,CONCRETO,BUENO,SECO,DESPEJADO,0,0,0,0,0