X,Y,FID,Idaccident,Latitude,Longitude,Fecha,Hora,Cód_Regi,Región,Comuna,Tipo_Accid,Tipo__CONA,Zona,Ubicación,Causa,Causa__CON,Calle_Uno,Calle_Dos,Intersecci,Número,Calzada,Tipo_Calza,Estado_Cal,Condición,Estado_Atm,Fallecidos,Lesionados,Graves,Menos_Grav,Leves
-8129817.03540548,-4426067.75455557,724,1527879,-36.906397,-73.031389,2023/04/28 00:00:00+00,1899/12/30 00:00:00+00,8,REGION BIO BIO,CHIGUAYANTE,COLISION POR ALCANCE,COLISION,URBANA,TRAMO DE VIA RECTA,CONDUCCION NO ATENTO CONDICIONES TRANSITO MOMENTO,IMPRUDENCIA DEL CONDUCTOR,8 ORIENTE,CALLE UNO,8 ORIENTE - CALLE UNO,0,BIDIRECCIONAL CON BANDEJON,CONCRETO,BUENO,MOJADO,LLUVIA,0,0,0,0,0
-8138902.26432708,-4399298.3677949,725,1527816,-36.713868,-73.113003,2023/04/28 00:00:00+00,1899/12/30 00:00:00+00,8,REGION BIO BIO,TALCAHUANO,ATROPELLO,ATROPELLO,URBANA,TRAMO DE VIA RECTA,NO RESPETAR DERECHO PREFERENTE DE PASO A PEATON,IMPRUDENCIA DEL CONDUCTOR,BULNES, ,- BULNES,124,UNIDIRECCIONAL,CONCRETO,BUENO,SECO,DESPEJADO,0,1,0,0,1
-8127104.95865128,-4414006.66984213,726,1527036,-36.819712,-73.007026,2023/04/28 00:00:00+00,1899/12/30 00:00:00+00,8,REGION BIO BIO,CONCEPCION,CHOQUE,CHOQUE,URBANA,TRAMO DE VIA RECTA,CONDUCCION NO ATENTO CONDICIONES TRANSITO MOMENTO,IMPRUDENCIA DEL CONDUCTOR,GENERAL BONILLA, ,- GENERAL BONILLA,1850,BIDIRECCIONAL CON BANDEJON,CONCRETO,BUENO,SECO,LLUVIA,0,0,0,0,0
-8170453.65892211,-4551779.39841541,727,1529900,-37.804035,-73.396434,2023/04/28 00:00:00+00,1899/12/30 00:00:00+00,8,REGION BIO BIO,CAÑETE,ATROPELLO,ATROPELLO,URBANA,TRAMO DE VIA RECTA,CONDUCCION EN ESTADO DE EBRIEDAD,ALCOHOL EN CONDUCTOR,MARIQUEO,VIDELA,MARIQUEO - VIDELA,0,UNIDIRECCIONAL,ASFALTO,BUENO,MOJADO,LLOVIZNA,0,1,0,0,1
-8128946.85094595,-4413660.00373049,728,1527021,-36.817219,-73.023572,2023/04/28 00:00:00+00,1899/12/30 00:00:00+00,8,REGION BIO BIO,CONCEPCION,CHOQUE POSTERIOR,CHOQUE,URBANA,CRUCE CON SEMAFORO FUNCIONANDO,CONDUCCION SIN MANTENER DISTANCIA RAZONABLE NI PRUDENTE,IMPRUDENCIA DEL CONDUCTOR,TEGUALDA,COLLAO,COLLAO - TEGUALDA,0,UNIDIRECCIONAL,ASFALTO,BUENO,MOJADO,LLUVIA,0,0,0,0,0
-8135944.6167762,-4409114.75783819,729,1526935,-36.784525,-73.086434,2023/04/28 00:00:00+00,1899/12/30 00:00:00+00,8,REGION BIO BIO,HUALPEN,CHOQUE,CHOQUE,URBANA,TRAMO DE VIA RECTA,CONDUCCION NO ATENTO CONDICIONES TRANSITO MOMENTO,IMPRUDENCIA DEL CONDUCTOR,CRISTOBAL COLON, ,- CRISTOBAL COLON,7601,BIDIRECCIONAL,CONCRETO,BUENO,MOJADO,LLUVIA,0,0,0,0,0
-8132194.26313137,-4417343.05678624,730,1527032,-36.843701,-73.052744,2023/04/28 00:00:00+00,1899/12/30 00:00:00+00,8,REGION BIO BIO,CONCEPCION,CHOQUE POSTERIOR,CHOQUE,URBANA,CRUCE CON SEMAFORO FUNCIONANDO,CONDUCCION SIN MANTENER DISTANCIA RAZONABLE NI PRUDENTE,IMPRUDENCIA DEL CONDUCTOR,PEDRO DE VALDIVIA,SARGENTO ALDEA,PEDRO DE VALDIVIA - SARGENTO ALDEA,0,BIDIRECCIONAL CON BANDEJON,CONCRETO,BUENO,MOJADO,LLUVIA,0,1,0,0,1
-8121491.45068905,-4385935.85677089,731,1526875,-36.617582,-72.956599,2023/04/29 00:00:00+00,1899/12/30 00:00:00+00,8,REGION BIO BIO,TOME,CHOQUE FRONTAL,CHOQUE,URBANA,TRAMO DE VIA RECTA,VELOCIDAD NO RAZONABLE NI PRUDENTE,VELOCIDAD IMPRUDENTE,EDUARDO DELANO,LATORRE,EDUARDO DELANO - LATORRE,0,BIDIRECCIONAL,CONCRETO,BUENO,MOJADO,LLUVIA,0,0,0,0,0
-8053436.50263157,-4502958.20858572,732,1528293,-37.456705,-72.345251,2023/04/29 00:00:00+00,1899/12/30 00:00:00+00,8,REGION BIO BIO,LOS ANGELES,CHOQUE FRENTE/POSTERIOR,CHOQUE,URBANA,TRAMO DE VIA RECTA,CONDUCCION NO ATENTO CONDICIONES TRANSITO MOMENTO,IMPRUDENCIA DEL CONDUCTOR,ALMAGRO, ,- ALMAGRO,1475,UNIDIRECCIONAL,CONCRETO,REGULAR,MOJADO,LLUVIA,0,0,0,0,0
-8142684.01006831,-4425092.73110461,733,1531369,-36.899393,-73.146975,2023/04/29 00:00:00+00,1899/12/30 00:00:00+00,8,REGION BIO BIO,SAN PEDRO DE LA PAZ,COLISION LATERAL,COLISION,URBANA,CRUCE CON SEÑAL CEDA EL PASO,SEÑALIZACION DESOBEDECER SEÑAL PARE,DESOBEDIENCIA A SEÑALIZACION,VICENTE HUIDOBRO,LOS PARQUES,LOS PARQUES - VICENTE HUIDOBRO,0,UNIDIRECCIONAL,ASFALTO,REGULAR,MOJADO,LLUVIA,0,1,0,0,1
-8141230.8454355,-4416512.09581807,734,1528323,-36.837727,-73.133921,2023/04/29 00:00:00+00,1899/12/30 00:00:00+00,8,REGION BIO BIO,SAN PEDRO DE LA PAZ,COLISION PERPENDICULAR,COLISION,URBANA,CRUCE CON SEMAFORO FUNCIONANDO,SEÑALIZACION DESOBEDECER SEÑAL PARE,DESOBEDIENCIA A SEÑALIZACION,DANIEL BELMAR,SEGUNDA LONGITUDINAL,DANIEL BELMAR - SEGUNDA LONGITUDINAL,0,BIDIRECCIONAL CON BANDEJON,CONCRETO,BUENO,SECO,LLUVIA,0,3,0,0,3
-8129595.84357727,-4426278.11187216,735,1527937,-36.907908,-73.029402,2023/04/29 00:00:00+00,1899/12/30 00:00:00+00,8,REGION BIO BIO,CHIGUAYANTE,CHOQUE FRENTE/POSTERIOR,CHOQUE,URBANA,TRAMO DE VIA RECTA,CONDUCCION NO ATENTO CONDICIONES TRANSITO MOMENTO,IMPRUDENCIA DEL CONDUCTOR,O'HIGGINS, ,- O'HIGGINS,1831,BIDIRECCIONAL,CONCRETO,BUENO,MOJADO,LLUVIA,0,1,0,0,1
-8129664.97298106,-4425998.84290582,736,1527979,-36.905902,-73.030023,2023/04/29 00:00:00+00,1899/12/30 00:00:00+00,8,REGION BIO BIO,CHIGUAYANTE,COLISION POR ALCANCE,COLISION,URBANA,TRAMO DE VIA RECTA,CONDUCCION SIN MANTENER DISTANCIA RAZONABLE NI PRUDENTE,IMPRUDENCIA DEL CONDUCTOR,O'HIGGINS, ,- O'HIGGINS,1592,BIDIRECCIONAL,CONCRETO,BUENO,MOJADO,LLUVIA,0,0,0,0,0
-8131264.30010528,-4414065.49156644,737,1527131,-36.820135,-73.04439,2023/04/29 00:00:00+00,1899/12/30 00:00:00+00,8,REGION BIO BIO,CONCEPCION,COLISION,COLISION,URBANA,TRAMO DE VIA RECTA,CONDUCCION NO ATENTO CONDICIONES TRANSITO MOMENTO,IMPRUDENCIA DEL CONDUCTOR,CRISTOBAL COLON, ,- CRISTOBAL COLON,3225,BIDIRECCIONAL,CONCRETO,BUENO,HUMEDO,NUBLADO,0,0,0,0,0
-8137764.13385321,-4410641.16239533,738,1527362,-36.795506,-73.102779,2023/04/29 00:00:00+00,1899/12/30 00:00:00+00,8,REGION BIO BIO,HUALPEN,COLISION,COLISION,URBANA,CRUCE CON SEÑAL CEDA EL PASO,SEÑALIZACION DESOBEDECER SEÑAL CEDA EL PASO,DESOBEDIENCIA A SEÑALIZACION,POSTDAM,MUNICH,MUNICH - POSTDAM,0,BIDIRECCIONAL,CONCRETO,BUENO,HUMEDO,NUBLADO,0,1,0,0,1
-8130972.53171992,-4413903.35020088,739,1527055,-36.818969,-73.041769,2023/04/29 00:00:00+00,1899/12/30 00:00:00+00,8,REGION BIO BIO,CONCEPCION,COLISION PERPENDICULAR,COLISION,URBANA,CRUCE CON SEMAFORO FUNCIONANDO,SEÑALIZACION DESOBEDECER LUZ ROJA DE SEMAFORO,DESOBEDIENCIA A SEÑALIZACION,LAUTARO,LOS CARRERA,LAUTARO - LOS CARRERA,0,UNIDIRECCIONAL,CONCRETO,BUENO,MOJADO,NUBLADO,0,2,0,0,2
-8134182.76319541,-4407481.56233637,740,1527804,-36.772774,-73.070607,2023/04/29 00:00:00+00,1899/12/30 00:00:00+00,8,REGION BIO BIO,TALCAHUANO,COLISION LATERAL,COLISION,URBANA,TRAMO DE VIA RECTA,ADELANTAMIENTO SIN EL ESPACIO O TIEMPO SUFICIENTE,IMPRUDENCIA DEL CONDUCTOR,CALLE F, ,- CALLE F,1100,BIDIRECCIONAL,CONCRETO,BUENO,SECO,DESPEJADO,0,0,0,0,0
-8136972.76359316,-4415143.25210481,741,1528129,-36.827885,-73.09567,2023/04/29 00:00:00+00,1899/12/30 00:00:00+00,8,REGION BIO BIO,SAN PEDRO DE LA PAZ,COLISION POR ALCANCE,COLISION,URBANA,PUENTE,CONDUCCION SIN MANTENER DISTANCIA RAZONABLE NI PRUDENTE,IMPRUDENCIA DEL CONDUCTOR,PUENTE JUAN PABLO II, ,- PUENTE JUAN PABLO II,1,BIDIRECCIONAL CON BANDEJON,CONCRETO,BUENO,MOJADO,LLUVIA,0,0,0,0,0
-8135825.17096258,-4409461.27598629,742,1527273,-36.787018,-73.085361,2023/04/29 00:00:00+00,1899/12/30 00:00:00+00,8,REGION BIO BIO,HUALPEN,COLISION,COLISION,URBANA,ROTONDA,CONDUCCION NO ATENTO CONDICIONES TRANSITO MOMENTO,IMPRUDENCIA DEL CONDUCTOR,JORGE ALESSANDRI RODRIGUEZ,ARTEAGA ALEMPARTE,ARTEAGA ALEMPARTE - JORGE ALESSANDRI RODRIGUEZ,0,BIDIRECCIONAL CON BANDEJON,CONCRETO,BUENO,HUMEDO,NUBLADO,0,0,0,0,0
-8052428.61596192,-4501809.05492448,743,1528269,-37.44851,-72.336197,2023/04/29 00:00:00+00,1899/12/30 00:00:00+00,8,REGION BIO BIO,LOS ANGELES,COLISION LATERAL,COLISION,URBANA,TRAMO DE VIA RECTA,CONDUCCION NO ATENTO CONDICIONES TRANSITO MOMENTO,IMPRUDENCIA DEL CONDUCTOR,SOR VICENTA, ,- SOR VICENTA,2574,UNIDIRECCIONAL,CONCRETO,BUENO,MOJADO,LLUVIA,0,0,0,0,0
-8131457.43942181,-4414351.12224488,744,1527047,-36.822189,-73.046125,2023/04/29 00:00:00+00,1899/12/30 00:00:00+00,8,REGION BIO BIO,CONCEPCION,COLISION LATERAL,COLISION,URBANA,CRUCE CON SEMAFORO FUNCIONANDO,CONDUCCION SIN MANTENER DISTANCIA RAZONABLE NI PRUDENTE,IMPRUDENCIA DEL CONDUCTOR,MAIPU,OROMPELLO,MAIPU - OROMPELLO,0,UNIDIRECCIONAL,CONCRETO,BUENO,MOJADO,LLUVIA,0,0,0,0,0
-8131867.4291064,-4408160.32750738,745,1529533,-36.777658,-73.049808,2023/04/29 00:00:00+00,1899/12/30 00:00:00+00,8,REGION BIO BIO,CONCEPCION,CHOQUE FRONTAL,CHOQUE,URBANA,TRAMO DE VIA RECTA,VELOCIDAD NO RAZONABLE NI PRUDENTE,VELOCIDAD IMPRUDENTE,SANTA MARIA, ,- SANTA MARIA,261,BIDIRECCIONAL,CONCRETO,BUENO,MOJADO,LLUVIA,0,0,0,0,0
-8136675.98583071,-4405408.01077841,746,1527807,-36.757852,-73.093004,2023/04/29 00:00:00+00,1899/12/30 00:00:00+00,8,REGION BIO BIO,TALCAHUANO,CHOQUE POSTERIOR/FRENTE,CHOQUE,URBANA,CRUCE CON SEÑAL PARE,CONDUCCION NO ATENTO CONDICIONES TRANSITO MOMENTO,IMPRUDENCIA DEL CONDUCTOR,LAS AMAPOLAS, ,- LAS AMAPOLAS,5010,BIDIRECCIONAL,CONCRETO,BUENO,SECO,DESPEJADO,0,0,0,0,0
-8141937.94684101,-4422793.48345707,747,1528049,-36.882874,-73.140273,2023/04/29 00:00:00+00,1899/12/30 00:00:00+00,8,REGION BIO BIO,SAN PEDRO DE LA PAZ,CHOQUE FRENTE/POSTERIOR,CHOQUE,URBANA,TRAMO DE VIA RECTA,CONDUCCION NO ATENTO CONDICIONES TRANSITO MOMENTO,IMPRUDENCIA DEL CONDUCTOR,PORTAL SAN PEDRO, ,- PORTAL SAN PEDRO,4850,BIDIRECCIONAL,CONCRETO,BUENO,MOJADO,LLUVIA,0,0,0,0,0
-8132539.24223334,-4413625.79661554,748,1529532,-36.816973,-73.055843,2023/04/29 00:00:00+00,1899/12/30 00:00:00+00,8,REGION BIO BIO,CONCEPCION,CHOQUE FRENTE/POSTERIOR,CHOQUE,URBANA,CRUCE CON SEMAFORO FUNCIONANDO,CONDUCCION NO ATENTO CONDICIONES TRANSITO MOMENTO,IMPRUDENCIA DEL CONDUCTOR,ANIBAL PINTO,MANUEL RODRIGUEZ,ANIBAL PINTO - MANUEL RODRIGUEZ,0,UNIDIRECCIONAL,CONCRETO,REGULAR,SECO,DESPEJADO,0,0,0,0,0
-8139345.09326146,-4400814.20065655,749,1527812,-36.724783,-73.116981,2023/04/29 00:00:00+00,1899/12/30 00:00:00+00,8,REGION BIO BIO,TALCAHUANO,COLISION LATERAL,COLISION,URBANA,CRUCE CON SEMAFORO FUNCIONANDO,SEÑALIZACION DESOBEDECER LUZ ROJA DE SEMAFORO,DESOBEDIENCIA A SEÑALIZACION,CRISTOBAL COLON, ,- CRISTOBAL COLON,2194,BIDIRECCIONAL CON BANDEJON,CONCRETO,BUENO,SECO,DESPEJADO,0,0,0,0,0
-8056221.38233274,-4505171.19241526,750,1528298,-37.472484,-72.370268,2023/04/29 00:00:00+00,1899/12/30 00:00:00+00,8,REGION BIO BIO,LOS ANGELES,COLISION LATERAL,COLISION,URBANA,TRAMO DE VIA RECTA,CONDUCCION NO ATENTO CONDICIONES TRANSITO MOMENTO,IMPRUDENCIA DEL CONDUCTOR,PADRE HURTADO,FERROCARRIL,FERROCARRIL - PADRE HURTADO,0,UNIDIRECCIONAL,CONCRETO,BUENO,HUMEDO,LLUVIA,0,0,0,0,0
-8135825.17096258,-4409461.27598629,751,1527326,-36.787018,-73.085361,2023/04/29 00:00:00+00,1899/12/30 00:00:00+00,8,REGION BIO BIO,HUALPEN,COLISION,COLISION,URBANA,CRUCE SIN SEÑALIZACION,CONDUCCION POR IZQUIERDA EJE CALZADA,IMPRUDENCIA DEL CONDUCTOR,JORGE ALESSANDRI RODRIGUEZ,ARTEAGA ALEMPARTE,ARTEAGA ALEMPARTE - JORGE ALESSANDRI RODRIGUEZ,0,BIDIRECCIONAL,CONCRETO,BUENO,HUMEDO,NUBLADO,0,1,0,0,1
-8137151.76533436,-4416665.65318333,752,1528339,-36.838831,-73.097278,2023/04/30 00:00:00+00,1899/12/30 00:00:00+00,8,REGION BIO BIO,SAN PEDRO DE LA PAZ,OTRO TIPO,OTRO TIPO,URBANA,CRUCE CON SEMAFORO FUNCIONANDO,CONDUCCION BAJO INFLUENCIA DE DROGAS O ESTUPEFACIENTES,DROGAS Y/O FATIGA EN CONDUCTOR,PEDRO AGUIRRE CERDA,COLIPI,COLIPI - PEDRO AGUIRRE CERDA,0,BIDIRECCIONAL CON BANDEJON,CONCRETO,BUENO,SECO,NUBLADO,0,0,0,0,0
-8139007.12728741,-4410254.5711702,753,1527405,-36.792725,-73.113945,2023/04/30 00:00:00+00,1899/12/30 00:00:00+00,8,REGION BIO BIO,HUALPEN,COLISION,COLISION,URBANA,TRAMO DE VIA RECTA,CONDUCCION NO ATENTO CONDICIONES TRANSITO MOMENTO,IMPRUDENCIA DEL CONDUCTOR,CALLE TRES, ,- CALLE TRES,2622,BIDIRECCIONAL,CONCRETO,BUENO,HUMEDO,DESPEJADO,0,0,0,0,0
-8164523.22436959,-4505939.4436208,754,1528296,-37.477961,-73.34316,2023/04/30 00:00:00+00,1899/12/30 00:00:00+00,8,REGION BIO BIO,CURANILAHUE,COLISION LATERAL,COLISION,URBANA,TRAMO DE VIA RECTA,CONDUCCION EN ESTADO DE EBRIEDAD,ALCOHOL EN CONDUCTOR,ARTURO PRAT,CAUPOLICAN,ARTURO PRAT - CAUPOLICAN,0,UNIDIRECCIONAL,CONCRETO,REGULAR,MOJADO,LLUVIA,0,1,0,0,1
-8141074.55287042,-4399910.23006006,755,1527808,-36.718274,-73.132517,2023/04/30 00:00:00+00,1899/12/30 00:00:00+00,8,REGION BIO BIO,TALCAHUANO,CHOQUE FRONTAL,CHOQUE,URBANA,TRAMO DE VIA RECTA,CONDUCCION EN ESTADO DE EBRIEDAD,ALCOHOL EN CONDUCTOR,LOS ARAUCANOS, ,- LOS ARAUCANOS,957,BIDIRECCIONAL,CONCRETO,BUENO,SECO,DESPEJADO,0,0,0,0,0
-8133287.19789198,-4414589.61721882,756,1529537,-36.823904,-73.062562,2023/04/30 00:00:00+00,1899/12/30 00:00:00+00,8,REGION BIO BIO,CONCEPCION,CHOQUE POSTERIOR/FRENTE,CHOQUE,URBANA,TRAMO DE VIA RECTA,CONDUCCION EN ESTADO DE EBRIEDAD,ALCOHOL EN CONDUCTOR,ARTURO PRAT,BULNES,ARTURO PRAT - BULNES,0,BIDIRECCIONAL,CONCRETO,BUENO,SECO,DESPEJADO,0,4,0,0,4
-8132238.01169125,-4412746.32216074,757,1529534,-36.810648,-73.053137,2023/04/30 00:00:00+00,1899/12/30 00:00:00+00,8,REGION BIO BIO,CONCEPCION,CHOQUE POSTERIOR/FRENTE,CHOQUE,URBANA,CRUCE CON SEMAFORO FUNCIONANDO,CONDUCIR VEHICULO EN RETROCESO,IMPRUDENCIA DEL CONDUCTOR,JUAN DE DIOS RIVERA,EJERCITO,EJERCITO - JUAN DE DIOS RIVERA,0,UNIDIRECCIONAL,CONCRETO,REGULAR,SECO,DESPEJADO,0,0,0,0,0
-8144032.86833825,-4441487.36807744,758,1527189,-37.017077,-73.159092,2023/04/30 00:00:00+00,1899/12/30 00:00:00+00,8,REGION BIO BIO,CORONEL,ATROPELLO,ATROPELLO,URBANA,CRUCE SIN SEÑALIZACION,CONDUCCION NO ATENTO CONDICIONES TRANSITO MOMENTO,IMPRUDENCIA DEL CONDUCTOR,CRUZ MORA,SANTA ROSA,CRUZ MORA - SANTA ROSA,0,BIDIRECCIONAL,ASFALTO,BUENO,SECO,DESPEJADO,1,0,0,0,0
-8119376.93696143,-4435217.4854083,759,1534896,-36.972092,-72.937604,2023/04/30 00:00:00+00,1899/12/30 00:00:00+00,8,REGION BIO BIO,HUALQUI,COLISION FRONTAL,COLISION,URBANA,CRUCE SIN SEÑALIZACION,CONDUCCION NO ATENTO CONDICIONES TRANSITO MOMENTO,IMPRUDENCIA DEL CONDUCTOR,LA ARAUCANA,BULNES,BULNES - LA ARAUCANA,0,BIDIRECCIONAL,CONCRETO,BUENO,SECO,DESPEJADO,0,0,0,0,0
-8136528.37618592,-4410249.56684506,760,1527435,-36.792689,-73.091678,2023/04/30 00:00:00+00,1899/12/30 00:00:00+00,8,REGION BIO BIO,HUALPEN,COLISION,COLISION,URBANA,CRUCE SIN SEÑALIZACION,CONDUCCION NO ATENTO CONDICIONES TRANSITO MOMENTO,IMPRUDENCIA DEL CONDUCTOR,CARAMPANGUE,PUERTO OCTAY,CARAMPANGUE - PUERTO OCTAY,0,BIDIRECCIONAL,CONCRETO,BUENO,HUMEDO,DESPEJADO,0,0,0,0,0
-8125488.37700598,-4402433.45642987,761,1533171,-36.736441,-72.992504,2023/04/30 00:00:00+00,1899/12/30 00:00:00+00,8,REGION BIO BIO,PENCO,COLISION LATERAL,COLISION,URBANA,TRAMO DE VIA RECTA,CONDUCCION NO ATENTO CONDICIONES TRANSITO MOMENTO,IMPRUDENCIA DEL CONDUCTOR,EL ROBLE, ,- EL ROBLE,199,UNIDIRECCIONAL,ASFALTO,BUENO,SECO,DESPEJADO,0,1,0,0,1
-8128754.82482433,-4429852.45645917,762,1528052,-36.933578,-73.021847,2023/04/30 00:00:00+00,1899/12/30 00:00:00+00,8,REGION BIO BIO,CHIGUAYANTE,COLISION PERPENDICULAR,COLISION,URBANA,CRUCE CON SEMAFORO FUNCIONANDO,CONDUCCION NO ATENTO CONDICIONES TRANSITO MOMENTO,IMPRUDENCIA DEL CONDUCTOR,MANUEL RODRIGUEZ,LIBERTAD,LIBERTAD - MANUEL RODRIGUEZ,0,BIDIRECCIONAL CON BANDEJON,CONCRETO,BUENO,HUMEDO,NUBLADO,0,1,0,1,0
-8118868.20688851,-4435544.65133049,763,1534876,-36.97444,-72.933034,2023/04/30 00:00:00+00,1899/12/30 00:00:00+00,8,REGION BIO BIO,HUALQUI,COLISION PERPENDICULAR,COLISION,URBANA,CRUCE SIN SEÑALIZACION,CONDUCCION NO ATENTO CONDICIONES TRANSITO MOMENTO,IMPRUDENCIA DEL CONDUCTOR,DIEGO PORTALES,PEDRO DE VALDIVIA,DIEGO PORTALES - PEDRO DE VALDIVIA,0,UNIDIRECCIONAL,CONCRETO,BUENO,SECO,DESPEJADO,0,1,0,0,1
-8131262.51899343,-4411951.59003833,764,1529536,-36.804932,-73.044374,2023/04/30 00:00:00+00,1899/12/30 00:00:00+00,8,REGION BIO BIO,CONCEPCION,ATROPELLO,ATROPELLO,URBANA,CRUCE CON SEÑAL CEDA EL PASO,PEATON PERMANECE SOBRE LA CALZADA,IMPRUDENCIA DEL PEATON,PELANTARO,MONTRIOU,MONTRIOU - PELANTARO,0,UNIDIRECCIONAL,CONCRETO,REGULAR,SECO,DESPEJADO,0,1,0,0,1
-8139345.09326146,-4400814.20065655,765,1534014,-36.724783,-73.116981,2023/04/30 00:00:00+00,1899/12/30 00:00:00+00,8,REGION BIO BIO,TALCAHUANO,CHOQUE FRENTE/POSTERIOR,CHOQUE,URBANA,CRUCE CON SEMAFORO FUNCIONANDO,CONDUCCION SIN MANTENER DISTANCIA RAZONABLE NI PRUDENTE,IMPRUDENCIA DEL CONDUCTOR,CRISTOBAL COLON, ,- CRISTOBAL COLON,3309,BIDIRECCIONAL CON BANDEJON,CONCRETO,BUENO,SECO,DESPEJADO,0,1,0,0,1
-8138887.34751532,-4399286.42530365,766,1530509,-36.713782,-73.112869,2023/04/30 00:00:00+00,1899/12/30 00:00:00+00,8,REGION BIO BIO,TALCAHUANO,COLISION LATERAL,COLISION,URBANA,TRAMO DE VIA RECTA,SEÑALIZACION DESOBEDECER LUZ ROJA DE SEMAFORO,DESOBEDIENCIA A SEÑALIZACION,CRISTOBAL COLON,BULNES,BULNES - CRISTOBAL COLON,0,BIDIRECCIONAL,CONCRETO,BUENO,SECO,DESPEJADO,0,0,0,0,0
-8142150.9010269,-4419019.22498051,767,1528334,-36.85575,-73.142186,2023/04/30 00:00:00+00,1899/12/30 00:00:00+00,8,REGION BIO BIO,SAN PEDRO DE LA PAZ,CHOQUE POSTERIOR/FRENTE,CHOQUE,URBANA,CRUCE CON SEÑAL PARE,CONDUCIR VEHICULO EN RETROCESO,IMPRUDENCIA DEL CONDUCTOR,REINALDO LOMBOY,JENARO PRIETO,JENARO PRIETO - REINALDO LOMBOY,0,BIDIRECCIONAL,CONCRETO,BUENO,SECO,DESPEJADO,0,0,0,0,0
-8176684.87873876,-4527375.28222908,768,1529369,-37.630619,-73.45241,2023/04/30 00:00:00+00,1899/12/30 00:00:00+00,8,REGION BIO BIO,LOS ALAMOS,COLISION FRONTAL,COLISION,URBANA,CRUCE CON SEÑAL PARE,SEÑALIZACION DESOBEDECER SEÑAL PARE,DESOBEDIENCIA A SEÑALIZACION,CAUPOLICAN,CENTENARIO,CAUPOLICAN - CENTENARIO,0,UNIDIRECCIONAL,ASFALTO,BUENO,HUMEDO,NUBLADO,0,1,0,1,0
-8135281.15261107,-4409075.42255553,769,1527373,-36.784242,-73.080474,2023/04/30 00:00:00+00,1899/12/30 00:00:00+00,8,REGION BIO BIO,HUALPEN,CHOQUE FRONTAL,CHOQUE,URBANA,ENLACE A DESNIVEL,VELOCIDAD NO RAZONABLE NI PRUDENTE,VELOCIDAD IMPRUDENTE,O'HIGGINS,PUENTE O'HIGGINS,O'HIGGINS - PUENTE O'HIGGINS,0,BIDIRECCIONAL CON BANDEJON,CONCRETO,BUENO,HUMEDO,DESPEJADO,1,1,1,0,0
-8081488.56903351,-4516482.25136375,770,1529598,-37.553082,-72.597247,2023/05/01 00:00:00+00,1899/12/30 00:00:00+00,8,REGION BIO BIO,NEGRETE,CHOQUE,CHOQUE,URBANA,TRAMO DE VIA RECTA,CONDUCCION EN ESTADO DE EBRIEDAD,ALCOHOL EN CONDUCTOR,CAMINO VECINAL LA PUNTILLA S/N, ,- CAMINO VECINAL LA PUNTILLA S/N,1,UNIDIRECCIONAL,CONCRETO,REGULAR,HUMEDO,NUBLADO,0,1,0,0,1
-8056008.53946634,-4506250.85598308,771,1528335,-37.480181,-72.368356,2023/05/01 00:00:00+00,1899/12/30 00:00:00+00,8,REGION BIO BIO,LOS ANGELES,CHOQUE FRONTAL,CHOQUE,URBANA,CRUCE CON SEMAFORO FUNCIONANDO,CONDUCCION BAJO LA INFLUENCIA DEL ALCOHOL,ALCOHOL EN CONDUCTOR,PADRE HURTADO,VICUÑA MACKENNA,PADRE HURTADO - VICUÑA MACKENNA,0,BIDIRECCIONAL CON BANDEJON,CONCRETO,BUENO,HUMEDO,NUBLADO,0,2,0,0,2
-8054588.77068077,-4505139.35265462,772,1528324,-37.472257,-72.355602,2023/05/01 00:00:00+00,1899/12/30 00:00:00+00,8,REGION BIO BIO,LOS ANGELES,CHOQUE FRONTAL,CHOQUE,URBANA,TRAMO DE VIA RECTA,CONDUCCION NO ATENTO CONDICIONES TRANSITO MOMENTO,IMPRUDENCIA DEL CONDUCTOR,RICARDO VICUÑA,ERCILLA,ERCILLA - RICARDO VICUÑA,0,BIDIRECCIONAL CON BANDEJON,CONCRETO,BUENO,SECO,DESPEJADO,0,0,0,0,0
-8119614.2701158,-4463648.39218484,773,1528771,-37.175864,-72.939736,2023/05/01 00:00:00+00,1899/12/30 00:00:00+00,8,REGION BIO BIO,SANTA JUANA,CHOQUE,CHOQUE,URBANA,CRUCE SIN SEÑALIZACION,CONDUCCION EN ESTADO DE EBRIEDAD,ALCOHOL EN CONDUCTOR,VALDIVIA,JOSE CARDENIO AVELLO,JOSE CARDENIO AVELLO - VALDIVIA,0,BIDIRECCIONAL,CONCRETO,BUENO,SECO,DESPEJADO,0,1,1,0,0
-8139799.72206186,-4397530.33025959,774,1530539,-36.701135,-73.121065,2023/05/01 00:00:00+00,1899/12/30 00:00:00+00,8,REGION BIO BIO,TALCAHUANO,COLISION LATERAL,COLISION,URBANA,TRAMO DE VIA RECTA,CONDUCCION CAMBIAR SORPRESIVAMENTE PISTA CIRCULACION,IMPRUDENCIA DEL CONDUCTOR,MICHIMALONGO, ,- MICHIMALONGO,2555,BIDIRECCIONAL,CONCRETO,BUENO,SECO,DESPEJADO,0,0,0,0,0
-8138793.05990661,-4408035.24468007,775,1528109,-36.776758,-73.112022,2023/05/01 00:00:00+00,1899/12/30 00:00:00+00,8,REGION BIO BIO,HUALPEN,COLISION,COLISION,URBANA,CRUCE CON SEMAFORO FUNCIONANDO,SEÑALIZACION DESOBEDECER LUZ ROJA DE SEMAFORO,DESOBEDIENCIA A SEÑALIZACION,LAS GOLONDRINAS,GRAN BRETAÑA,GRAN BRETAÑA - LAS GOLONDRINAS,0,BIDIRECCIONAL CON BANDEJON,CONCRETO,BUENO,SECO,DESPEJADO,0,0,0,0,0