X,Y,FID,Idaccident,Latitude,Longitude,Fecha,Hora,Cód_Regi,Región,Comuna,Tipo_Accid,Tipo__CONA,Zona,Ubicación,Causa,Causa__CON,Calle_Uno,Calle_Dos,Intersecci,Número,Calzada,Tipo_Calza,Estado_Cal,Condición,Estado_Atm,Fallecidos,Lesionados,Graves,Menos_Grav,Leves
-8053664.03967075,-4504729.65229172,982,1514328,-37.469336,-72.347295,2023/03/07 00:00:00+00,1899/12/30 00:00:00+00,8,REGION BIO BIO,LOS ANGELES,CHOQUE LATERAL,CHOQUE,URBANA,CRUCE CON SEMAFORO FUNCIONANDO,CONDUCCION NO ATENTO CONDICIONES TRANSITO MOMENTO,IMPRUDENCIA DEL CONDUCTOR,ALEMANIA,JOSE MANSO DE VELASCO,ALEMANIA - JOSE MANSO DE VELASCO,0,UNIDIRECCIONAL,CONCRETO,BUENO,SECO,DESPEJADO,0,0,0,0,0
-8124323.97513229,-4400074.79727967,983,1518522,-36.719459,-72.982044,2023/03/07 00:00:00+00,1899/12/30 00:00:00+00,8,REGION BIO BIO,PENCO,COLISION LATERAL,COLISION,URBANA,TRAMO DE VIA RECTA,CONDUCCION NO ATENTO CONDICIONES TRANSITO MOMENTO,IMPRUDENCIA DEL CONDUCTOR,ALCALDE RENE MENDOZA, ,- ALCALDE RENE MENDOZA,147,UNIDIRECCIONAL,ASFALTO,BUENO,SECO,DESPEJADO,0,3,0,0,3
-8138747.3075959,-4402032.43923694,984,1515724,-36.733554,-73.111611,2023/03/07 00:00:00+00,1899/12/30 00:00:00+00,8,REGION BIO BIO,TALCAHUANO,COLISION LATERAL,COLISION,URBANA,CRUCE SIN SEÑALIZACION,NO RESPETAR DERECHO PREFERENTE DE PASO A PEATON,IMPRUDENCIA DEL CONDUCTOR,SIMPSON,HUALPEN,HUALPEN - SIMPSON,0,BIDIRECCIONAL,CONCRETO,BUENO,SECO,DESPEJADO,0,0,0,0,0
-8135243.19266471,-4417115.21067762,985,1515235,-36.842063,-73.080133,2023/03/07 00:00:00+00,1899/12/30 00:00:00+00,8,REGION BIO BIO,SAN PEDRO DE LA PAZ,COLISION PERPENDICULAR,COLISION,URBANA,TRAMO DE VIA RECTA,CONDUCCION NO ATENTO CONDICIONES TRANSITO MOMENTO,IMPRUDENCIA DEL CONDUCTOR,PEDRO AGUIRRE CERDA, ,- PEDRO AGUIRRE CERDA,299,BIDIRECCIONAL,CONCRETO,BUENO,SECO,DESPEJADO,0,0,0,0,0
-8132718.13265504,-4415363.12866077,986,1514933,-36.829466,-73.05745,2023/03/07 00:00:00+00,1899/12/30 00:00:00+00,8,REGION BIO BIO,CONCEPCION,COLISION LATERAL,COLISION,URBANA,CRUCE CON SEMAFORO FUNCIONANDO,VIRAJES INDEBIDOS,IMPRUDENCIA DEL CONDUCTOR,SERRANO,BARROS ARANA,BARROS ARANA - SERRANO,0,UNIDIRECCIONAL,CONCRETO,BUENO,SECO,DESPEJADO,0,0,0,0,0
-8143969.63886748,-4451660.31801228,987,1514359,-37.090009,-73.158524,2023/03/07 00:00:00+00,1899/12/30 00:00:00+00,8,REGION BIO BIO,LOTA,COLISION POR ALCANCE,COLISION,URBANA,TRAMO DE VIA RECTA,CONDUCCION NO ATENTO CONDICIONES TRANSITO MOMENTO,IMPRUDENCIA DEL CONDUCTOR,PEDRO AGUIRRE CERDA,LAUTARO,LAUTARO - PEDRO AGUIRRE CERDA,0,UNIDIRECCIONAL,CONCRETO,BUENO,SECO,DESPEJADO,0,1,0,0,1
-8129628.57150757,-4426253.74863408,988,1517554,-36.907733,-73.029696,2023/03/07 00:00:00+00,1899/12/30 00:00:00+00,8,REGION BIO BIO,CHIGUAYANTE,COLISION POR ALCANCE,COLISION,URBANA,TRAMO DE VIA RECTA,CONDUCCION NO ATENTO CONDICIONES TRANSITO MOMENTO,IMPRUDENCIA DEL CONDUCTOR,O'HIGGINS,LO PLAZA,LO PLAZA - O'HIGGINS,0,BIDIRECCIONAL,ASFALTO,BUENO,SECO,DESPEJADO,0,0,0,0,0
-8051352.8244029,-4503104.05283134,989,1514337,-37.457745,-72.326533,2023/03/07 00:00:00+00,1899/12/30 00:00:00+00,8,REGION BIO BIO,LOS ANGELES,COLISION LATERAL,COLISION,URBANA,CRUCE CON SEÑAL PARE,SEÑALIZACION DESOBEDECER SEÑAL PARE,DESOBEDIENCIA A SEÑALIZACION,LAS INDUSTRIAS, ,- LAS INDUSTRIAS,504,BIDIRECCIONAL,ASFALTO,BUENO,SECO,DESPEJADO,1,0,0,0,0
-8130545.06487527,-4413698.38257569,990,1515603,-36.817495,-73.037929,2023/03/07 00:00:00+00,1899/12/30 00:00:00+00,8,REGION BIO BIO,CONCEPCION,COLISION LATERAL,COLISION,URBANA,TRAMO DE VIA RECTA,CONDUCCION CAMBIAR SORPRESIVAMENTE PISTA CIRCULACION,IMPRUDENCIA DEL CONDUCTOR,LIENTUR,LOS CARRERA,LIENTUR - LOS CARRERA,0,UNIDIRECCIONAL,CONCRETO,BUENO,SECO,NUBLADO,0,0,0,0,0
-8144508.98180038,-4437899.90290776,991,1515018,-36.991341,-73.163369,2023/03/07 00:00:00+00,1899/12/30 00:00:00+00,8,REGION BIO BIO,CORONEL,COLISION,COLISION,URBANA,CRUCE CON SEMAFORO FUNCIONANDO,CONDUCCION NO ATENTO CONDICIONES TRANSITO MOMENTO,IMPRUDENCIA DEL CONDUCTOR,JUAN ANTONIO RIOS,LOS NOTROS,JUAN ANTONIO RIOS - LOS NOTROS,0,UNIDIRECCIONAL,ASFALTO,BUENO,SECO,DESPEJADO,0,0,0,0,0
-8130894.94203483,-4414057.56521584,992,1514687,-36.820078,-73.041072,2023/03/07 00:00:00+00,1899/12/30 00:00:00+00,8,REGION BIO BIO,CONCEPCION,COLISION,COLISION,URBANA,CRUCE CON SEMAFORO FUNCIONANDO,CONDUCCION NO ATENTO CONDICIONES TRANSITO MOMENTO,IMPRUDENCIA DEL CONDUCTOR,MAIPU,LAUTARO,LAUTARO - MAIPU,0,UNIDIRECCIONAL,CONCRETO,BUENO,SECO,DESPEJADO,0,0,0,0,0
-8132012.03312494,-4415696.4985576,993,1515707,-36.831863,-73.051107,2023/03/07 00:00:00+00,1899/12/30 00:00:00+00,8,REGION BIO BIO,CONCEPCION,COLISION,COLISION,URBANA,TRAMO DE VIA RECTA,CONDUCCION SIN MANTENER DISTANCIA RAZONABLE NI PRUDENTE,IMPRUDENCIA DEL CONDUCTOR,CHACABUCO,LINCOYAN,CHACABUCO - LINCOYAN,0,BIDIRECCIONAL CON BANDEJON,CONCRETO,BUENO,SECO,DESPEJADO,0,0,0,0,0
-8128518.15958691,-4428814.2826455,994,1517545,-36.926123,-73.019721,2023/03/07 00:00:00+00,1899/12/30 00:00:00+00,8,REGION BIO BIO,CHIGUAYANTE,CHOQUE FRENTE/POSTERIOR,CHOQUE,URBANA,CRUCE CON SEMAFORO FUNCIONANDO,CONDUCCION NO ATENTO CONDICIONES TRANSITO MOMENTO,IMPRUDENCIA DEL CONDUCTOR,MANUEL RODRIGUEZ,SAN MARTIN,MANUEL RODRIGUEZ - SAN MARTIN,0,BIDIRECCIONAL CON BANDEJON,CONCRETO,BUENO,SECO,NUBLADO,0,0,0,0,0
-8130892.71564502,-4415128.2322402,995,1515703,-36.827777,-73.041052,2023/03/07 00:00:00+00,1899/12/30 00:00:00+00,8,REGION BIO BIO,CONCEPCION,COLISION LATERAL,COLISION,URBANA,CRUCE CON SEMAFORO FUNCIONANDO,CONDUCCION CAMBIAR SORPRESIVAMENTE PISTA CIRCULACION,IMPRUDENCIA DEL CONDUCTOR,ONGOLMO,CHACABUCO,CHACABUCO - ONGOLMO,0,UNIDIRECCIONAL,CONCRETO,BUENO,SECO,NUBLADO,0,0,0,0,0
-8055890.98608407,-4506242.4393111,996,1514435,-37.480121,-72.3673,2023/03/07 00:00:00+00,1899/12/30 00:00:00+00,8,REGION BIO BIO,LOS ANGELES,COLISION LATERAL,COLISION,URBANA,TRAMO DE VIA RECTA,CONDUCCION NO ATENTO CONDICIONES TRANSITO MOMENTO,IMPRUDENCIA DEL CONDUCTOR,VICUÑA MACKENNA, ,- VICUÑA MACKENNA,1384,BIDIRECCIONAL,ASFALTO,BUENO,SECO,DESPEJADO,0,0,0,0,0
-8136392.56640715,-4412282.3504511,997,1514485,-36.807311,-73.090458,2023/03/07 00:00:00+00,1899/12/30 00:00:00+00,8,REGION BIO BIO,HUALPEN,CHOQUE FRENTE/POSTERIOR,CHOQUE,URBANA,TRAMO DE VIA RECTA,CONDUCCION NO ATENTO CONDICIONES TRANSITO MOMENTO,IMPRUDENCIA DEL CONDUCTOR,COSTANERA, ,- COSTANERA,9781,BIDIRECCIONAL CON BANDEJON,CONCRETO,BUENO,SECO,DESPEJADO,0,0,0,0,0
-8132846.48402793,-4415479.25758114,998,1515594,-36.830301,-73.058603,2023/03/07 00:00:00+00,1899/12/30 00:00:00+00,8,REGION BIO BIO,CONCEPCION,COLISION,COLISION,URBANA,CRUCE CON SEMAFORO FUNCIONANDO,VIRAJES INDEBIDOS,IMPRUDENCIA DEL CONDUCTOR,ARTURO PRAT,BARROS ARANA,ARTURO PRAT - BARROS ARANA,0,UNIDIRECCIONAL,CONCRETO,BUENO,SECO,DESPEJADO,0,0,0,0,0
-8075032.92912342,-4458869.26528928,999,1516559,-37.141649,-72.539255,2023/03/07 00:00:00+00,1899/12/30 00:00:00+00,8,REGION BIO BIO,YUMBEL,CHOQUE LATERAL,CHOQUE,URBANA,CRUCE CON SEÑAL CEDA EL PASO,CONDUCCION NO ATENTO CONDICIONES TRANSITO MOMENTO,IMPRUDENCIA DEL CONDUCTOR,YERBAS BUENAS,LOS ABEDULES,LOS ABEDULES - YERBAS BUENAS,0,BIDIRECCIONAL,ASFALTO,BUENO,SECO,DESPEJADO,0,0,0,0,0
-8135948.1789999,-4402978.26390639,1000,1515716,-36.740363,-73.086466,2023/03/07 00:00:00+00,1899/12/30 00:00:00+00,8,REGION BIO BIO,TALCAHUANO,COLISION POR ALCANCE,COLISION,URBANA,TRAMO DE VIA RECTA,ADELANTAMIENTO SIN EL ESPACIO O TIEMPO SUFICIENTE,IMPRUDENCIA DEL CONDUCTOR,VASCO NUÑEZ DE BALBOA, ,- VASCO NUÑEZ DE BALBOA,694,BIDIRECCIONAL,CONCRETO,BUENO,SECO,DESPEJADO,0,0,0,0,0
-8139661.68589327,-4416412.08999394,1001,1515244,-36.837008,-73.119825,2023/03/08 00:00:00+00,1899/12/30 00:00:00+00,8,REGION BIO BIO,SAN PEDRO DE LA PAZ,CHOQUE FRONTAL,CHOQUE,URBANA,CRUCE CON SEMAFORO FUNCIONANDO,CONDUCCION BAJO LA INFLUENCIA DEL ALCOHOL,ALCOHOL EN CONDUCTOR,PEDRO AGUIRRE CERDA,JORGE ALESSANDRI,JORGE ALESSANDRI - PEDRO AGUIRRE CERDA,0,BIDIRECCIONAL CON BANDEJON,CONCRETO,BUENO,SECO,DESPEJADO,0,0,0,0,0
-8130406.47210923,-4413624.96229704,1002,1517845,-36.816967,-73.036684,2023/03/08 00:00:00+00,1899/12/30 00:00:00+00,8,REGION BIO BIO,CONCEPCION,CHOQUE FRENTE/POSTERIOR,CHOQUE,URBANA,CRUCE CON SEMAFORO FUNCIONANDO,CONDUCCION NO ATENTO CONDICIONES TRANSITO MOMENTO,IMPRUDENCIA DEL CONDUCTOR,LOS CARRERA,PELANTARO,LOS CARRERA - PELANTARO,0,BIDIRECCIONAL CON BANDEJON,CONCRETO,BUENO,HUMEDO,NUBLADO,0,0,0,0,0
-8135826.61811596,-4416730.88791605,1003,1515249,-36.8393,-73.085374,2023/03/08 00:00:00+00,1899/12/30 00:00:00+00,8,REGION BIO BIO,SAN PEDRO DE LA PAZ,COLISION LATERAL,COLISION,URBANA,CRUCE CON SEMAFORO FUNCIONANDO,ADELANTAMIENTO SIN EL ESPACIO O TIEMPO SUFICIENTE,IMPRUDENCIA DEL CONDUCTOR,PEDRO AGUIRRE CERDA,SAN PEDRO,PEDRO AGUIRRE CERDA - SAN PEDRO,0,BIDIRECCIONAL CON BANDEJON,CONCRETO,BUENO,SECO,DESPEJADO,0,1,0,1,0
-8128964.99602295,-4429650.10556181,1004,1517561,-36.932125,-73.023735,2023/03/08 00:00:00+00,1899/12/30 00:00:00+00,8,REGION BIO BIO,CHIGUAYANTE,CHOQUE LADO/LADO,CHOQUE,URBANA,TRAMO DE VIA RECTA,VELOCIDAD NO RAZONABLE NI PRUDENTE,VELOCIDAD IMPRUDENTE,PINARES,BLINDADO BLANCO,BLINDADO BLANCO - PINARES,0,BIDIRECCIONAL,CONCRETO,BUENO,SECO,NUBLADO,0,0,0,0,0
-8052236.36720132,-4508097.0760414,1005,1515345,-37.493341,-72.33447,2023/03/08 00:00:00+00,1899/12/30 00:00:00+00,8,REGION BIO BIO,LOS ANGELES,COLISION FRONTAL,COLISION,URBANA,CRUCE CON SEÑAL PARE,CONDUCCION NO ATENTO CONDICIONES TRANSITO MOMENTO,IMPRUDENCIA DEL CONDUCTOR,PETROHUE,LAUQUEN,LAUQUEN - PETROHUE,0,BIDIRECCIONAL,ASFALTO,BUENO,SECO,DESPEJADO,0,0,0,0,0
-8131178.91805585,-4415262.29918902,1006,1515721,-36.828741,-73.043623,2023/03/08 00:00:00+00,1899/12/30 00:00:00+00,8,REGION BIO BIO,CONCEPCION,COLISION LATERAL,COLISION,URBANA,TRAMO DE VIA RECTA,CONDUCCION CAMBIAR SORPRESIVAMENTE PISTA CIRCULACION,IMPRUDENCIA DEL CONDUCTOR,CHACABUCO,TUCAPEL,CHACABUCO - TUCAPEL,0,BIDIRECCIONAL CON BANDEJON,CONCRETO,BUENO,SECO,DESPEJADO,0,0,0,0,0
-8177316.28289054,-4526747.55389337,1007,1516707,-37.626153,-73.458082,2023/03/08 00:00:00+00,1899/12/30 00:00:00+00,8,REGION BIO BIO,LOS ALAMOS,COLISION,COLISION,URBANA,TRAMO DE VIA RECTA,CONDUCCION NO ATENTO CONDICIONES TRANSITO MOMENTO,IMPRUDENCIA DEL CONDUCTOR,PEDRO DE VALDIVIA, ,- PEDRO DE VALDIVIA,288,BIDIRECCIONAL,CONCRETO,BUENO,HUMEDO,LLUVIA,0,0,0,0,0
-8138100.54135439,-4409690.62632779,1008,1514874,-36.788668,-73.105801,2023/03/08 00:00:00+00,1899/12/30 00:00:00+00,8,REGION BIO BIO,HUALPEN,COLISION,COLISION,URBANA,TRAMO DE VIA RECTA,CONDUCCION NO ATENTO CONDICIONES TRANSITO MOMENTO,IMPRUDENCIA DEL CONDUCTOR,MADRID, ,- MADRID,3393,BIDIRECCIONAL,CONCRETO,BUENO,SECO,DESPEJADO,0,0,0,0,0
-8091834.49118834,-4508425.10873898,1009,1515062,-37.495679,-72.690186,2023/03/08 00:00:00+00,1899/12/30 00:00:00+00,8,REGION BIO BIO,NACIMIENTO,COLISION,COLISION,URBANA,CRUCE CON SEÑAL PARE,CONDUCCION NO ATENTO CONDICIONES TRANSITO MOMENTO,IMPRUDENCIA DEL CONDUCTOR,JULIO HEMMELMANN,LAUTARO,JULIO HEMMELMANN - LAUTARO,0,BIDIRECCIONAL,ASFALTO,BUENO,SECO,DESPEJADO,0,2,0,0,2
-8131530.79896624,-4414568.7573868,1010,1515781,-36.823754,-73.046784,2023/03/08 00:00:00+00,1899/12/30 00:00:00+00,8,REGION BIO BIO,CONCEPCION,ATROPELLO,ATROPELLO,URBANA,CRUCE CON SEMAFORO FUNCIONANDO,NO RESPETAR DERECHO PREFERENTE DE PASO A PEATON,IMPRUDENCIA DEL CONDUCTOR,FREIRE,TUCAPEL,FREIRE - TUCAPEL,0,UNIDIRECCIONAL,CONCRETO,BUENO,SECO,DESPEJADO,0,2,0,0,2
-8051528.37523988,-4506868.23730239,1011,1515346,-37.484582,-72.32811,2023/03/08 00:00:00+00,1899/12/30 00:00:00+00,8,REGION BIO BIO,LOS ANGELES,COLISION POR ALCANCE,COLISION,URBANA,TRAMO DE VIA RECTA,CONDUCCION NO ATENTO CONDICIONES TRANSITO MOMENTO,IMPRUDENCIA DEL CONDUCTOR,FRANCISCO ENCINA, ,- FRANCISCO ENCINA,1355,BIDIRECCIONAL,ASFALTO,BUENO,SECO,DESPEJADO,0,0,0,0,0
-8132992.08992189,-4411063.77367869,1012,1515840,-36.798546,-73.059911,2023/03/08 00:00:00+00,1899/12/30 00:00:00+00,8,REGION BIO BIO,CONCEPCION,COLISION POR ALCANCE,COLISION,URBANA,TRAMO DE VIA RECTA,CONDUCCION SIN MANTENER DISTANCIA RAZONABLE NI PRUDENTE,IMPRUDENCIA DEL CONDUCTOR,ALONSO DE RIBERA,PAICAVI,ALONSO DE RIBERA - PAICAVI,0,BIDIRECCIONAL CON BANDEJON,CONCRETO,BUENO,SECO,DESPEJADO,0,0,0,0,0
-8131337.43701073,-4415635.02530889,1013,1517847,-36.831421,-73.045047,2023/03/08 00:00:00+00,1899/12/30 00:00:00+00,8,REGION BIO BIO,CONCEPCION,COLISION POR ALCANCE,COLISION,URBANA,CRUCE CON SEMAFORO FUNCIONANDO,CONDUCCION EN ESTADO DE EBRIEDAD,ALCOHOL EN CONDUCTOR,VICTOR LAMAS,COLO COLO,COLO COLO - VICTOR LAMAS,0,UNIDIRECCIONAL,CONCRETO,BUENO,SECO,DESPEJADO,0,1,0,1,0
-8132440.72448399,-4416109.0182796,1014,1515711,-36.834829,-73.054958,2023/03/08 00:00:00+00,1899/12/30 00:00:00+00,8,REGION BIO BIO,CONCEPCION,COLISION LATERAL,COLISION,URBANA,CRUCE CON SEÑAL CEDA EL PASO,VELOCIDAD NO RAZONABLE NI PRUDENTE,VELOCIDAD IMPRUDENTE,BOMBERO FUENTES,VICTOR LAMAS,BOMBERO FUENTES - VICTOR LAMAS,0,UNIDIRECCIONAL,CONCRETO,BUENO,SECO,NUBLADO,0,0,0,0,0
-8130128.61866021,-4413815.74483057,1015,1515814,-36.818339,-73.034188,2023/03/08 00:00:00+00,1899/12/30 00:00:00+00,8,REGION BIO BIO,CONCEPCION,COLISION,COLISION,URBANA,TRAMO DE VIA RECTA,CONDUCCION EN ESTADO DE EBRIEDAD,ALCOHOL EN CONDUCTOR,JUAN BOSCO,VILUMILLA,JUAN BOSCO - VILUMILLA,0,BIDIRECCIONAL,CONCRETO,BUENO,SECO,DESPEJADO,0,0,0,0,0
-8133085.59829415,-4415011.13365242,1016,1515830,-36.826935,-73.060751,2023/03/08 00:00:00+00,1899/12/30 00:00:00+00,8,REGION BIO BIO,CONCEPCION,CHOQUE POSTERIOR,CHOQUE,URBANA,CRUCE CON SEMAFORO FUNCIONANDO,CONDUCCION EN ESTADO DE EBRIEDAD,ALCOHOL EN CONDUCTOR,ARTURO PRAT,LOS CARRERA,ARTURO PRAT - LOS CARRERA,0,UNIDIRECCIONAL,CONCRETO,BUENO,SECO,DESPEJADO,0,0,0,0,0
-8055213.94094106,-4504169.75902717,1017,1515347,-37.465344,-72.361218,2023/03/09 00:00:00+00,1899/12/30 00:00:00+00,8,REGION BIO BIO,LOS ANGELES,COLISION LATERAL,COLISION,URBANA,TRAMO DE VIA RECTA,CONDUCCION NO ATENTO CONDICIONES TRANSITO MOMENTO,IMPRUDENCIA DEL CONDUCTOR,LOS ANGELES,GALVARINO,GALVARINO - LOS ANGELES,0,BIDIRECCIONAL,ASFALTO,BUENO,SECO,DESPEJADO,0,1,1,0,0
-8139345.09326146,-4400814.20065655,1018,1516928,-36.724783,-73.116981,2023/03/09 00:00:00+00,1899/12/30 00:00:00+00,8,REGION BIO BIO,TALCAHUANO,COLISION LATERAL,COLISION,URBANA,TRAMO DE VIA RECTA,CONDUCCION CAMBIAR SORPRESIVAMENTE PISTA CIRCULACION,IMPRUDENCIA DEL CONDUCTOR,CRISTOBAL COLON, ,- CRISTOBAL COLON,5024,BIDIRECCIONAL CON BANDEJON,CONCRETO,BUENO,SECO,DESPEJADO,0,0,0,0,0
-8138206.07223166,-4403302.21668426,1019,1518595,-36.742695,-73.106749,2023/03/09 00:00:00+00,1899/12/30 00:00:00+00,8,REGION BIO BIO,TALCAHUANO,COLISION LATERAL,COLISION,URBANA,TRAMO DE VIA RECTA,NO RESPETAR DERECHO PREFERENTE DE PASO A VEHICULO,IMPRUDENCIA DEL CONDUCTOR,LAS PATAGUAS,ALTO HORNO,ALTO HORNO - LAS PATAGUAS,0,BIDIRECCIONAL,CONCRETO,BUENO,SECO,DESPEJADO,0,0,0,0,0
-8090564.89239585,-4509856.19785086,1020,1516268,-37.505878,-72.678781,2023/03/09 00:00:00+00,1899/12/30 00:00:00+00,8,REGION BIO BIO,NACIMIENTO,COLISION,COLISION,URBANA,TRAMO DE VIA RECTA,CONDUCCION CAMBIAR SORPRESIVAMENTE PISTA CIRCULACION,IMPRUDENCIA DEL CONDUCTOR,LAS ROSAS, ,- LAS ROSAS,1012,BIDIRECCIONAL,ASFALTO,BUENO,SECO,DESPEJADO,0,0,0,0,0
-8055628.82868325,-4504360.78137501,1021,1515350,-37.466706,-72.364945,2023/03/09 00:00:00+00,1899/12/30 00:00:00+00,8,REGION BIO BIO,LOS ANGELES,COLISION LATERAL,COLISION,URBANA,OTROS NO CONSIDERADOS,CONDUCCION NO ATENTO CONDICIONES TRANSITO MOMENTO,IMPRUDENCIA DEL CONDUCTOR,SAN LUIS,LAS MADRESELVAS,LAS MADRESELVAS - SAN LUIS,0,BIDIRECCIONAL,CONCRETO,BUENO,SECO,DESPEJADO,0,0,0,0,0
-8133102.29621777,-4413917.95116604,1022,1517848,-36.819074,-73.060901,2023/03/09 00:00:00+00,1899/12/30 00:00:00+00,8,REGION BIO BIO,CONCEPCION,COLISION FRONTAL,COLISION,URBANA,CRUCE CON SEMAFORO FUNCIONANDO,CONDUCCION NO ATENTO CONDICIONES TRANSITO MOMENTO,IMPRUDENCIA DEL CONDUCTOR,MANUEL RODRIGUEZ,ANGOL,ANGOL - MANUEL RODRIGUEZ,0,BIDIRECCIONAL,CONCRETO,BUENO,SECO,DESPEJADO,0,1,0,1,0
-8132981.84852873,-4411058.07387546,1023,1518364,-36.798505,-73.059819,2023/03/09 00:00:00+00,1899/12/30 00:00:00+00,8,REGION BIO BIO,CONCEPCION,COLISION,COLISION,URBANA,TRAMO DE VIA RECTA,CONDUCCION NO ATENTO CONDICIONES TRANSITO MOMENTO,IMPRUDENCIA DEL CONDUCTOR,PAICAVI, ,- PAICAVI,3380,BIDIRECCIONAL CON BANDEJON,CONCRETO,BUENO,SECO,DESPEJADO,0,0,0,0,0
-8131455.99226843,-4415403.18256436,1024,1516440,-36.829754,-73.046112,2023/03/09 00:00:00+00,1899/12/30 00:00:00+00,8,REGION BIO BIO,CONCEPCION,COLISION LATERAL,COLISION,URBANA,CRUCE CON SEMAFORO FUNCIONANDO,CONDUCCION CAMBIAR SORPRESIVAMENTE PISTA CIRCULACION,IMPRUDENCIA DEL CONDUCTOR,CHACABUCO,COLO COLO,CHACABUCO - COLO COLO,0,BIDIRECCIONAL CON BANDEJON,CONCRETO,BUENO,SECO,DESPEJADO,0,2,0,0,2
-8130117.59803062,-4428358.38165388,1025,1517571,-36.922849,-73.034089,2023/03/09 00:00:00+00,1899/12/30 00:00:00+00,8,REGION BIO BIO,CHIGUAYANTE,COLISION LATERAL,COLISION,URBANA,TRAMO DE VIA RECTA,CONDUCCION NO ATENTO CONDICIONES TRANSITO MOMENTO,IMPRUDENCIA DEL CONDUCTOR,COCHRANE,VIDELA,COCHRANE - VIDELA,0,BIDIRECCIONAL,ASFALTO,BUENO,HUMEDO,NUBLADO,0,0,0,0,0
-8129789.20553278,-4427003.32664768,1026,1517580,-36.913117,-73.031139,2023/03/09 00:00:00+00,1899/12/30 00:00:00+00,8,REGION BIO BIO,CHIGUAYANTE,COLISION LATERAL,COLISION,URBANA,TRAMO DE VIA RECTA,CONDUCCION NO ATENTO CONDICIONES TRANSITO MOMENTO,IMPRUDENCIA DEL CONDUCTOR,8 ORIENTE, ,- 8 ORIENTE,2414,BIDIRECCIONAL CON BANDEJON,ASFALTO,BUENO,SECO,NUBLADO,0,0,0,0,0
-8131663.49179927,-4415514.86143215,1027,1515862,-36.830557,-73.047976,2023/03/09 00:00:00+00,1899/12/30 00:00:00+00,8,REGION BIO BIO,CONCEPCION,COLISION LATERAL,COLISION,URBANA,CRUCE SIN SEÑALIZACION,VIRAJES INDEBIDOS,IMPRUDENCIA DEL CONDUCTOR,CHACABUCO,TRINITARIAS,CHACABUCO - TRINITARIAS,0,BIDIRECCIONAL CON BANDEJON,CONCRETO,BUENO,SECO,DESPEJADO,0,0,0,0,0
-8162279.80267163,-4473363.8902547,1028,1518178,-37.245372,-73.323007,2023/03/09 00:00:00+00,1899/12/30 00:00:00+00,8,REGION BIO BIO,ARAUCO,COLISION,COLISION,URBANA,TRAMO DE VIA RECTA,CONDUCCION NO ATENTO CONDICIONES TRANSITO MOMENTO,IMPRUDENCIA DEL CONDUCTOR,COCHRANE,COLO COLO,COCHRANE - COLO COLO,0,BIDIRECCIONAL,CONCRETO,BUENO,SECO,DESPEJADO,0,0,0,0,0
-8137597.04329753,-4416656.19487576,1029,1515881,-36.838763,-73.101278,2023/03/09 00:00:00+00,1899/12/30 00:00:00+00,8,REGION BIO BIO,SAN PEDRO DE LA PAZ,CHOQUE FRONTAL,CHOQUE,URBANA,CRUCE CON SEMAFORO FUNCIONANDO,CONDUCCION NO ATENTO CONDICIONES TRANSITO MOMENTO,IMPRUDENCIA DEL CONDUCTOR,PEDRO AGUIRRE CERDA,LOS CANELOS,LOS CANELOS - PEDRO AGUIRRE CERDA,0,BIDIRECCIONAL CON BANDEJON,CONCRETO,BUENO,HUMEDO,DESPEJADO,0,0,0,0,0
-8140891.20966909,-4418013.54800797,1030,1516454,-36.848521,-73.13087,2023/03/10 00:00:00+00,1899/12/30 00:00:00+00,8,REGION BIO BIO,SAN PEDRO DE LA PAZ,OTRO TIPO,OTRO TIPO,URBANA,TRAMO DE VIA RECTA,PASAJERO VIAJA EN PISADERA DE VEHICULO,IMPRUDENCIA DEL PASAJERO,CAMINO A CORONEL, ,- CAMINO A CORONEL,3455,BIDIRECCIONAL CON BANDEJON,CONCRETO,BUENO,SECO,DESPEJADO,0,1,0,0,1
-8135658.41436537,-4404269.13256585,1031,1516929,-36.749655,-73.083863,2023/03/10 00:00:00+00,1899/12/30 00:00:00+00,8,REGION BIO BIO,TALCAHUANO,COLISION LATERAL,COLISION,URBANA,TRAMO DE VIA RECTA,NO RESPETAR DERECHO PREFERENTE DE PASO A VEHICULO,IMPRUDENCIA DEL CONDUCTOR,CLAUDIO GAY ORIENTE, ,- CLAUDIO GAY ORIENTE,4371,BIDIRECCIONAL,CONCRETO,BUENO,SECO,DESPEJADO,0,1,0,0,1
-8138233.90210436,-4417059.01495181,1032,1515883,-36.841659,-73.106999,2023/03/10 00:00:00+00,1899/12/30 00:00:00+00,8,REGION BIO BIO,SAN PEDRO DE LA PAZ,CHOQUE FRENTE/POSTERIOR,CHOQUE,URBANA,CRUCE CON SEMAFORO FUNCIONANDO,CONDUCCION SIN MANTENER DISTANCIA RAZONABLE NI PRUDENTE,IMPRUDENCIA DEL CONDUCTOR,LOS MAÑIOS,CALETERA,CALETERA - LOS MAÑIOS,0,BIDIRECCIONAL,CONCRETO,BUENO,SECO,DESPEJADO,0,2,0,0,2