X,Y,FID,Idaccident,Latitude,Longitude,Fecha,Hora,Cód_Regi,Región,Comuna,Tipo_Accid,Tipo__CONA,Zona,Ubicación,Causa,Causa__CON,Calle_Uno,Calle_Dos,Intersecci,Número,Calzada,Tipo_Calza,Estado_Cal,Condición,Estado_Atm,Fallecidos,Lesionados,Graves,Menos_Grav,Leves
-8139120.56184853,-4398960.51154571,1136,1518570,-36.711435,-73.114964,2023/03/15 00:00:00+00,1899/12/30 00:00:00+00,8,REGION BIO BIO,TALCAHUANO,CHOQUE LADO/LADO,CHOQUE,URBANA,TRAMO DE VIA RECTA,CONDUCCION NO ATENTO CONDICIONES TRANSITO MOMENTO,IMPRUDENCIA DEL CONDUCTOR,VALDIVIA, ,- VALDIVIA,60,BIDIRECCIONAL,CONCRETO,BUENO,SECO,DESPEJADO,0,0,0,0,0
-8131682.08215423,-4413217.26647939,1137,1529530,-36.814035,-73.048143,2023/03/15 00:00:00+00,1899/12/30 00:00:00+00,8,REGION BIO BIO,CONCEPCION,CHOQUE FRENTE/POSTERIOR,CHOQUE,URBANA,CRUCE CON SEMAFORO FUNCIONANDO,CONDUCCION NO ATENTO CONDICIONES TRANSITO MOMENTO,IMPRUDENCIA DEL CONDUCTOR,PAICAVI,MANUEL RODRIGUEZ,MANUEL RODRIGUEZ - PAICAVI,0,BIDIRECCIONAL CON BANDEJON,CONCRETO,BUENO,SECO,DESPEJADO,0,0,0,0,0
-8136571.67946783,-4419187.42674697,1138,1518609,-36.856959,-73.092067,2023/03/15 00:00:00+00,1899/12/30 00:00:00+00,8,REGION BIO BIO,SAN PEDRO DE LA PAZ,COLISION FRONTAL,COLISION,URBANA,TRAMO DE VIA RECTA,CONDUCCION POR IZQUIERDA EJE CALZADA,IMPRUDENCIA DEL CONDUCTOR,CAMINO EL VENADO, ,- CAMINO EL VENADO,1760,BIDIRECCIONAL CON BANDEJON,CONCRETO,BUENO,SECO,DESPEJADO,0,1,0,0,1
-8131605.71698355,-4414428.71943988,1139,1517769,-36.822747,-73.047457,2023/03/15 00:00:00+00,1899/12/30 00:00:00+00,8,REGION BIO BIO,CONCEPCION,CAIDA,CAIDA,URBANA,CRUCE CON SEMAFORO FUNCIONANDO,PASAJERO SUBE O DESCIENDE DE VEHICULO MOVIMIENTO,IMPRUDENCIA DEL PASAJERO,MAIPU,TUCAPEL,MAIPU - TUCAPEL,0,UNIDIRECCIONAL,CONCRETO,BUENO,SECO,DESPEJADO,0,1,0,0,1
-8139345.09326146,-4400814.20065655,1140,1518604,-36.724783,-73.116981,2023/03/15 00:00:00+00,1899/12/30 00:00:00+00,8,REGION BIO BIO,TALCAHUANO,COLISION LATERAL,COLISION,URBANA,CRUCE CON SEMAFORO FUNCIONANDO,SEÑALIZACION DESOBEDECER LUZ ROJA DE SEMAFORO,DESOBEDIENCIA A SEÑALIZACION,JORGE ALESSANDRI PALMA,SANTA MARIA,JORGE ALESSANDRI PALMA - SANTA MARIA,0,BIDIRECCIONAL,CONCRETO,BUENO,SECO,DESPEJADO,0,0,0,0,0
-8051253.86137558,-4503743.26720996,1141,1532682,-37.462303,-72.325644,2023/03/16 00:00:00+00,1899/12/30 00:00:00+00,8,REGION BIO BIO,LOS ANGELES,COLISION LATERAL,COLISION,URBANA,TRAMO DE VIA RECTA,CONDUCCION NO ATENTO CONDICIONES TRANSITO MOMENTO,IMPRUDENCIA DEL CONDUCTOR,LAS INDUSTRIAS, ,- LAS INDUSTRIAS,1460,BIDIRECCIONAL,ASFALTO,BUENO,SECO,DESPEJADO,0,2,0,0,2
-8052625.54014114,-4506676.74840839,1142,1517256,-37.483217,-72.337966,2023/03/16 00:00:00+00,1899/12/30 00:00:00+00,8,REGION BIO BIO,LOS ANGELES,COLISION PERPENDICULAR,COLISION,URBANA,TRAMO DE VIA RECTA,NO RESPETAR DERECHO PREFERENTE DE PASO A VEHICULO,IMPRUDENCIA DEL CONDUCTOR,SALVADOR REYES,ALBERTO BLEST GANA,ALBERTO BLEST GANA - SALVADOR REYES,0,BIDIRECCIONAL,CONCRETO,BUENO,SECO,DESPEJADO,0,0,0,0,0
-8130397.45523048,-4413972.60067058,1143,1524924,-36.819467,-73.036603,2023/03/16 00:00:00+00,1899/12/30 00:00:00+00,8,REGION BIO BIO,CONCEPCION,COLISION,COLISION,URBANA,TRAMO DE VIA RECTA,CONDUCCION EN ESTADO DE EBRIEDAD,ALCOHOL EN CONDUCTOR,LIENTUR,FREIRE,FREIRE - LIENTUR,0,UNIDIRECCIONAL,CONCRETO,BUENO,SECO,DESPEJADO,0,0,0,0,0
-8133000.88416166,-4408103.48412935,1144,1518607,-36.777249,-73.05999,2023/03/16 00:00:00+00,1899/12/30 00:00:00+00,8,REGION BIO BIO,TALCAHUANO,COLISION LATERAL,COLISION,URBANA,CRUCE CON SEÑAL CEDA EL PASO,SEÑALIZACION DESOBEDECER SEÑAL CEDA EL PASO,DESOBEDIENCIA A SEÑALIZACION,JORGE ALESSANDRI RODRIGUEZ, ,- JORGE ALESSANDRI RODRIGUEZ,5001,BIDIRECCIONAL,CONCRETO,BUENO,SECO,DESPEJADO,0,0,0,0,0
-8053176.90557904,-4507305.2378808,1145,1517293,-37.487697,-72.342919,2023/03/16 00:00:00+00,1899/12/30 00:00:00+00,8,REGION BIO BIO,LOS ANGELES,COLISION LATERAL,COLISION,URBANA,CRUCE CON SEMAFORO FUNCIONANDO,SEÑALIZACION DESOBEDECER LUZ ROJA DE SEMAFORO,DESOBEDIENCIA A SEÑALIZACION,LOS CARRERA,FRANCISCO ENCINA,FRANCISCO ENCINA - LOS CARRERA,0,BIDIRECCIONAL CON BANDEJON,CONCRETO,BUENO,SECO,DESPEJADO,0,1,0,0,1
-8131033.08952291,-4415198.88141763,1146,1517786,-36.828285,-73.042313,2023/03/16 00:00:00+00,1899/12/30 00:00:00+00,8,REGION BIO BIO,CONCEPCION,CHOQUE,CHOQUE,URBANA,TRAMO DE VIA RECTA,CONDUCCION NO ATENTO CONDICIONES TRANSITO MOMENTO,IMPRUDENCIA DEL CONDUCTOR,CHACABUCO,OROMPELLO,CHACABUCO - OROMPELLO,0,UNIDIRECCIONAL,CONCRETO,BUENO,SECO,DESPEJADO,0,0,0,0,0
-8043084.12394626,-4539891.20019992,1147,1520082,-37.719608,-72.252254,2023/03/16 00:00:00+00,1899/12/30 00:00:00+00,8,REGION BIO BIO,MULCHEN,COLISION,COLISION,URBANA,CRUCE CON SEÑAL CEDA EL PASO,NO RESPETAR DERECHO PREFERENTE DE PASO A VEHICULO,IMPRUDENCIA DEL CONDUCTOR,VALDIVIA,VILLAGRAN,VALDIVIA - VILLAGRAN,0,UNIDIRECCIONAL,CONCRETO,BUENO,SECO,NUBLADO,0,0,0,0,0
-8131287.89983733,-4414870.53360642,1148,1518617,-36.825924,-73.044602,2023/03/16 00:00:00+00,1899/12/30 00:00:00+00,8,REGION BIO BIO,SAN PEDRO DE LA PAZ,ATROPELLO,ATROPELLO,URBANA,CRUCE CON SEMAFORO FUNCIONANDO,NO RESPETAR DERECHO PREFERENTE DE PASO A PEATON,IMPRUDENCIA DEL CONDUCTOR,PEDRO AGUIRRE CERDA, ,- PEDRO AGUIRRE CERDA,1055,BIDIRECCIONAL CON BANDEJON,CONCRETO,BUENO,SECO,DESPEJADO,0,1,0,0,1
-8094350.97959721,-4478862.56208225,1149,1518667,-37.284683,-72.712792,2023/03/16 00:00:00+00,1899/12/30 00:00:00+00,8,REGION BIO BIO,LAJA,VOLCADURA,VOLCADURA,URBANA,CRUCE CON SEÑAL CEDA EL PASO,VELOCIDAD NO RAZONABLE NI PRUDENTE,VELOCIDAD IMPRUDENTE,BALMACEDA,FELIX EICHER,BALMACEDA - FELIX EICHER,0,BIDIRECCIONAL,ASFALTO,BUENO,SECO,DESPEJADO,0,2,0,0,2
-8016759.29076347,-4532479.32966217,1150,1517433,-37.666922,-72.015774,2023/03/16 00:00:00+00,1899/12/30 00:00:00+00,8,REGION BIO BIO,SANTA BARBARA,CHOQUE,CHOQUE,URBANA,TRAMO DE VIA RECTA,CONDUCIR VEHICULO EN RETROCESO,IMPRUDENCIA DEL CONDUCTOR,BAQUEDANO, ,- BAQUEDANO,900,BIDIRECCIONAL,CONCRETO,BUENO,SECO,DESPEJADO,0,0,0,0,0
-8132231.55516079,-4414582.52487135,1151,1517917,-36.823853,-73.053079,2023/03/17 00:00:00+00,1899/12/30 00:00:00+00,8,REGION BIO BIO,CONCEPCION,COLISION,COLISION,URBANA,CRUCE CON SEMAFORO FUNCIONANDO,CONDUCCION EN ESTADO DE EBRIEDAD,ALCOHOL EN CONDUCTOR,LOS CARRERA,CAUPOLICAN,CAUPOLICAN - LOS CARRERA,0,BIDIRECCIONAL CON BANDEJON,CONCRETO,BUENO,SECO,DESPEJADO,0,0,0,0,0
-8088114.86172298,-4509219.13629793,1152,1517417,-37.501338,-72.656772,2023/03/17 00:00:00+00,1899/12/30 00:00:00+00,8,REGION BIO BIO,NACIMIENTO,VOLCADURA,VOLCADURA,URBANA,TRAMO DE VIA RECTA,FALLAS MECANICAS DIRECCION,FALLAS MECANICAS,CAMINO VECINAL TAMBILLO, ,- CAMINO VECINAL TAMBILLO,20,BIDIRECCIONAL,RIPIO,REGULAR, ,DESPEJADO,0,1,0,0,1
-8051264.77068568,-4508289.43272097,1153,1517343,-37.494712,-72.325742,2023/03/17 00:00:00+00,1899/12/30 00:00:00+00,8,REGION BIO BIO,LOS ANGELES,COLISION LATERAL,COLISION,URBANA,CRUCE CON SEÑAL CEDA EL PASO,SEÑALIZACION DESOBEDECER SEÑAL CEDA EL PASO,DESOBEDIENCIA A SEÑALIZACION,LAS INDUSTRIAS,LA FRONTERA,LA FRONTERA - LAS INDUSTRIAS,0,BIDIRECCIONAL,MIXTO,BUENO,SECO,NUBLADO,0,1,0,0,1
-8119072.36683462,-4434779.00415127,1154,1517778,-36.968945,-72.934868,2023/03/17 00:00:00+00,1899/12/30 00:00:00+00,8,REGION BIO BIO,CONCEPCION,COLISION LATERAL,COLISION,URBANA,TRAMO DE VIA RECTA,CONDUCCION SIN MANTENER DISTANCIA RAZONABLE NI PRUDENTE,IMPRUDENCIA DEL CONDUCTOR,CINCO,LOS QUEULES,CINCO - LOS QUEULES,0,UNIDIRECCIONAL,CONCRETO,BUENO,HUMEDO,DESPEJADO,0,0,0,0,0
-8131177.80486094,-4414564.16822925,1155,1524978,-36.823721,-73.043613,2023/03/17 00:00:00+00,1899/12/30 00:00:00+00,8,REGION BIO BIO,CONCEPCION,COLISION,COLISION,URBANA,TRAMO DE VIA RECTA,CONDUCCION SIN MANTENER DISTANCIA RAZONABLE NI PRUDENTE,IMPRUDENCIA DEL CONDUCTOR,ONGOLMO,BARROS ARANA,BARROS ARANA - ONGOLMO,0,UNIDIRECCIONAL,CONCRETO,BUENO,SECO,DESPEJADO,0,1,0,0,1
-8139643.2068578,-4402946.31369396,1156,1517891,-36.740133,-73.119659,2023/03/17 00:00:00+00,1899/12/30 00:00:00+00,8,REGION BIO BIO,TALCAHUANO,COLISION LATERAL,COLISION,URBANA,ROTONDA,CONDUCCION NO ATENTO CONDICIONES TRANSITO MOMENTO,IMPRUDENCIA DEL CONDUCTOR,GRAN BRETAÑA,JUAN ANTONIO RIOS,GRAN BRETAÑA - JUAN ANTONIO RIOS,0,BIDIRECCIONAL CON BANDEJON,CONCRETO,BUENO,SECO,DESPEJADO,0,0,0,0,0
-8139345.09326146,-4400814.20065655,1157,1518610,-36.724783,-73.116981,2023/03/17 00:00:00+00,1899/12/30 00:00:00+00,8,REGION BIO BIO,TALCAHUANO,COLISION POR ALCANCE,COLISION,URBANA,CRUCE CON SEMAFORO FUNCIONANDO,VIRAJES INDEBIDOS,IMPRUDENCIA DEL CONDUCTOR,CRISTOBAL COLON, ,- CRISTOBAL COLON,3300,BIDIRECCIONAL CON BANDEJON,CONCRETO,BUENO,SECO,DESPEJADO,0,0,0,0,0
-8134928.71510322,-4411995.8020584,1158,1517065,-36.80525,-73.077308,2023/03/17 00:00:00+00,1899/12/30 00:00:00+00,8,REGION BIO BIO,HUALPEN,COLISION,COLISION,URBANA,ENLACE A DESNIVEL,CONDUCCION CAMBIAR SORPRESIVAMENTE PISTA CIRCULACION,IMPRUDENCIA DEL CONDUCTOR,COSTANERA,JORGE ALESSANDRI RODRIGUEZ,COSTANERA - JORGE ALESSANDRI RODRIGUEZ,0,BIDIRECCIONAL CON BANDEJON,CONCRETO,BUENO,SECO,DESPEJADO,0,0,0,0,0
-8130690.55944974,-4413198.49504939,1159,1524985,-36.8139,-73.039236,2023/03/17 00:00:00+00,1899/12/30 00:00:00+00,8,REGION BIO BIO,CONCEPCION,CHOQUE FRENTE/POSTERIOR,CHOQUE,URBANA,TRAMO DE VIA RECTA,CONDUCCION NO ATENTO CONDICIONES TRANSITO MOMENTO,IMPRUDENCIA DEL CONDUCTOR,CAMILO HENRIQUEZ, ,- CAMILO HENRIQUEZ,1869,BIDIRECCIONAL CON BANDEJON,CONCRETO,BUENO,SECO,DESPEJADO,0,1,0,0,1
-8130537.04987193,-4414616.73506156,1160,1517928,-36.824099,-73.037857,2023/03/17 00:00:00+00,1899/12/30 00:00:00+00,8,REGION BIO BIO,CONCEPCION,ATROPELLO,ATROPELLO,URBANA,OTROS NO CONSIDERADOS,NO RESPETAR DERECHO PREFERENTE DE PASO A PEATON,IMPRUDENCIA DEL CONDUCTOR,SAN MARTIN, ,- SAN MARTIN,1580,UNIDIRECCIONAL,CONCRETO,BUENO,SECO,DESPEJADO,0,1,1,0,0
-8135753.81516898,-4411338.75805417,1161,1517097,-36.800524,-73.08472,2023/03/17 00:00:00+00,1899/12/30 00:00:00+00,8,REGION BIO BIO,HUALPEN,CHOQUE FRENTE/POSTERIOR,CHOQUE,URBANA,CRUCE CON SEMAFORO FUNCIONANDO,CONDUCCION NO ATENTO CONDICIONES TRANSITO MOMENTO,IMPRUDENCIA DEL CONDUCTOR,CRISTOBAL COLON,NUEVA IMPERIAL,CRISTOBAL COLON - NUEVA IMPERIAL,0,BIDIRECCIONAL CON BANDEJON,CONCRETO,BUENO,SECO,DESPEJADO,0,0,0,0,0
-8051337.23967418,-4503104.47353883,1162,1517338,-37.457748,-72.326393,2023/03/17 00:00:00+00,1899/12/30 00:00:00+00,8,REGION BIO BIO,LOS ANGELES,COLISION LATERAL,COLISION,URBANA,TRAMO DE VIA RECTA,CONDUCCION NO ATENTO CONDICIONES TRANSITO MOMENTO,IMPRUDENCIA DEL CONDUCTOR,LAS INDUSTRIAS, ,- LAS INDUSTRIAS,506,BIDIRECCIONAL CON BANDEJON,ASFALTO,BUENO,SECO,NUBLADO,0,0,0,0,0
-8053508.6376616,-4506916.07500084,1163,1517347,-37.484923,-72.345899,2023/03/17 00:00:00+00,1899/12/30 00:00:00+00,8,REGION BIO BIO,LOS ANGELES,COLISION LATERAL,COLISION,URBANA,TRAMO DE VIA RECTA,CONDUCCION NO ATENTO CONDICIONES TRANSITO MOMENTO,IMPRUDENCIA DEL CONDUCTOR,FERROCARRIL,LOS CARRERA,FERROCARRIL - LOS CARRERA,0,BIDIRECCIONAL,CONCRETO,BUENO,SECO,DESPEJADO,0,3,0,1,2
-8131468.79400987,-4413604.52151413,1164,1517911,-36.81682,-73.046227,2023/03/17 00:00:00+00,1899/12/30 00:00:00+00,8,REGION BIO BIO,CONCEPCION,COLISION,COLISION,URBANA,OTROS NO CONSIDERADOS,CONDUCCION NO ATENTO CONDICIONES TRANSITO MOMENTO,IMPRUDENCIA DEL CONDUCTOR,PAICAVI, ,- PAICAVI,1112,BIDIRECCIONAL CON BANDEJON,CONCRETO,BUENO,SECO,DESPEJADO,0,1,0,0,1
-8063709.73315891,-4450224.28095123,1165,1518669,-37.079718,-72.437537,2023/03/17 00:00:00+00,1899/12/30 00:00:00+00,8,REGION BIO BIO,CABRERO,ATROPELLO,ATROPELLO,URBANA,TRAMO DE VIA RECTA,CONDUCCION NO ATENTO CONDICIONES TRANSITO MOMENTO,IMPRUDENCIA DEL CONDUCTOR,DIAGONAL NORTE, ,- DIAGONAL NORTE,640,BIDIRECCIONAL,ASFALTO,BUENO,SECO,DESPEJADO,0,1,0,0,1
-8057379.66163445,-4503446.37407118,1166,1517367,-37.460186,-72.380673,2023/03/17 00:00:00+00,1899/12/30 00:00:00+00,8,REGION BIO BIO,LOS ANGELES,COLISION,COLISION,URBANA,TRAMO DE VIA RECTA,CONDUCCION NO ATENTO CONDICIONES TRANSITO MOMENTO,IMPRUDENCIA DEL CONDUCTOR,LOS PASTORES,EL ARADO,EL ARADO - LOS PASTORES,0,UNIDIRECCIONAL,ASFALTO,BUENO,SECO,DESPEJADO,0,0,0,0,0
-8138689.75541916,-4401984.65710617,1167,1519685,-36.73321,-73.111094,2023/03/17 00:00:00+00,1899/12/30 00:00:00+00,8,REGION BIO BIO,TALCAHUANO,COLISION LATERAL,COLISION,URBANA,CRUCE SIN SEÑALIZACION,NO RESPETAR DERECHO PREFERENTE DE PASO A VEHICULO,IMPRUDENCIA DEL CONDUCTOR,PORTALES,HUALPEN,HUALPEN - PORTALES,0,BIDIRECCIONAL,CONCRETO,BUENO,SECO,DESPEJADO,0,0,0,0,0
-8139531.9986865,-4416444.08062818,1168,1518619,-36.837238,-73.11866,2023/03/17 00:00:00+00,1899/12/30 00:00:00+00,8,REGION BIO BIO,SAN PEDRO DE LA PAZ,CHOQUE FRENTE/POSTERIOR,CHOQUE,URBANA,CRUCE CON SEMAFORO FUNCIONANDO,ADELANTAMIENTO SIN EL ESPACIO O TIEMPO SUFICIENTE,IMPRUDENCIA DEL CONDUCTOR,DIAGONAL BIO BIO,PEDRO AGUIRRE CERDA,DIAGONAL BIO BIO - PEDRO AGUIRRE CERDA,0,BIDIRECCIONAL,CONCRETO,BUENO,SECO,DESPEJADO,0,0,0,0,0
-8051329.7812683,-4503115.69241141,1169,1517364,-37.457828,-72.326326,2023/03/17 00:00:00+00,1899/12/30 00:00:00+00,8,REGION BIO BIO,LOS ANGELES,COLISION POR ALCANCE,COLISION,URBANA,TRAMO DE VIA RECTA,CONDUCCION NO ATENTO CONDICIONES TRANSITO MOMENTO,IMPRUDENCIA DEL CONDUCTOR,LAS INDUSTRIAS, ,- LAS INDUSTRIAS,510,BIDIRECCIONAL,ASFALTO,BUENO,SECO,DESPEJADO,0,3,1,0,2
-8138479.58422054,-4401864.6471172,1170,1518615,-36.732346,-73.109206,2023/03/17 00:00:00+00,1899/12/30 00:00:00+00,8,REGION BIO BIO,TALCAHUANO,CHOQUE LADO/LADO,CHOQUE,URBANA,CRUCE CON SEÑAL PARE,SEÑALIZACION DESOBEDECER SEÑAL PARE,DESOBEDIENCIA A SEÑALIZACION,HUALPEN, ,- HUALPEN,45,BIDIRECCIONAL,CONCRETO,BUENO,SECO,DESPEJADO,0,0,0,0,0
-8018065.62498793,-4532337.01295104,1171,1518358,-37.66591,-72.027509,2023/03/17 00:00:00+00,1899/12/30 00:00:00+00,8,REGION BIO BIO,SANTA BARBARA,CHOQUE,CHOQUE,URBANA,CRUCE CON SEÑAL PARE,CONDUCCION SIN MANTENER DISTANCIA RAZONABLE NI PRUDENTE,IMPRUDENCIA DEL CONDUCTOR,CAMILO HENRIQUEZ,JOHN KENNEDY,CAMILO HENRIQUEZ - JOHN KENNEDY,0,BIDIRECCIONAL,CONCRETO,BUENO,SECO,DESPEJADO,0,0,0,0,0
-8131398.21745271,-4410548.16236123,1172,1524987,-36.794837,-73.045593,2023/03/17 00:00:00+00,1899/12/30 00:00:00+00,8,REGION BIO BIO,CONCEPCION,COLISION,COLISION,URBANA,TRAMO DE VIA RECTA,CONDUCCION EN ESTADO DE EBRIEDAD,ALCOHOL EN CONDUCTOR,ALONSO DE RIBERA,ABDON CIFUENTES,ABDON CIFUENTES - ALONSO DE RIBERA,0,BIDIRECCIONAL CON BANDEJON,ASFALTO,BUENO,SECO,DESPEJADO,0,1,0,0,1
-8093604.24845298,-4478322.65288169,1173,1518673,-37.280824,-72.706084,2023/03/18 00:00:00+00,1899/12/30 00:00:00+00,8,REGION BIO BIO,LAJA,CHOQUE FRENTE/POSTERIOR,CHOQUE,URBANA,TRAMO DE VIA RECTA,VELOCIDAD NO RAZONABLE NI PRUDENTE,VELOCIDAD IMPRUDENTE,LAUTARO, ,- LAUTARO,506,BIDIRECCIONAL,ASFALTO,BUENO,SECO,DESPEJADO,0,0,0,0,0
-8144434.39774155,-4437791.33327291,1174,1517624,-36.990562,-73.162699,2023/03/18 00:00:00+00,1899/12/30 00:00:00+00,8,REGION BIO BIO,CORONEL,CHOQUE LATERAL,CHOQUE,URBANA,TRAMO DE VIA RECTA,CONDUCCION BAJO LA INFLUENCIA DEL ALCOHOL,ALCOHOL EN CONDUCTOR,LOS ROBLES,LOS MAQUIS,LOS MAQUIS - LOS ROBLES,0,BIDIRECCIONAL,CONCRETO,BUENO,SECO,DESPEJADO,0,1,0,0,1
-8051182.06030402,-4511109.38572763,1175,1517400,-37.514808,-72.324999,2023/03/18 00:00:00+00,1899/12/30 00:00:00+00,8,REGION BIO BIO,LOS ANGELES,COLISION LATERAL,COLISION,URBANA,TRAMO DE VIA RECTA,CONDUCCION NO ATENTO CONDICIONES TRANSITO MOMENTO,IMPRUDENCIA DEL CONDUCTOR,LAS INDUSTRIAS, ,- LAS INDUSTRIAS,503,BIDIRECCIONAL,CONCRETO,BUENO,SECO,DESPEJADO,0,1,0,0,1
-8135631.58636809,-4406876.76952491,1176,1519678,-36.768422,-73.083622,2023/03/18 00:00:00+00,1899/12/30 00:00:00+00,8,REGION BIO BIO,TALCAHUANO,COLISION LATERAL,COLISION,URBANA,TRAMO DE VIA RECTA,CONDUCCION EN ESTADO DE EBRIEDAD,ALCOHOL EN CONDUCTOR,JAIME REPULLO, ,- JAIME REPULLO,98,BIDIRECCIONAL CON BANDEJON,CONCRETO,BUENO,SECO,DESPEJADO,0,0,0,0,0
-8138670.38582776,-4416599.30611498,1177,1518629,-36.838354,-73.11092,2023/03/18 00:00:00+00,1899/12/30 00:00:00+00,8,REGION BIO BIO,SAN PEDRO DE LA PAZ,COLISION POR ALCANCE,COLISION,URBANA,TRAMO DE VIA RECTA,CONDUCCION SIN MANTENER DISTANCIA RAZONABLE NI PRUDENTE,IMPRUDENCIA DEL CONDUCTOR,PEDRO AGUIRRE CERDA, ,- PEDRO AGUIRRE CERDA,1795,BIDIRECCIONAL CON BANDEJON,CONCRETO,BUENO,SECO,DESPEJADO,0,0,0,0,0
-8139067.12849295,-4399456.81536853,1178,1518618,-36.715009,-73.114484,2023/03/18 00:00:00+00,1899/12/30 00:00:00+00,8,REGION BIO BIO,TALCAHUANO,COLISION LATERAL,COLISION,URBANA,TRAMO DE VIA RECTA,CONDUCCION CAMBIAR SORPRESIVAMENTE PISTA CIRCULACION,IMPRUDENCIA DEL CONDUCTOR,SARGENTO ALDEA, ,- SARGENTO ALDEA,250,BIDIRECCIONAL,CONCRETO,BUENO,SECO,DESPEJADO,0,0,0,0,0
-8139345.09326146,-4400814.20065655,1179,1519671,-36.724783,-73.116981,2023/03/18 00:00:00+00,1899/12/30 00:00:00+00,8,REGION BIO BIO,TALCAHUANO,CHOQUE POSTERIOR/FRENTE,CHOQUE,URBANA,OTROS NO CONSIDERADOS,CONDUCCION NO ATENTO CONDICIONES TRANSITO MOMENTO,IMPRUDENCIA DEL CONDUCTOR,JORGE ALESSANDRI PALMA, ,- JORGE ALESSANDRI PALMA,3177,BIDIRECCIONAL,CONCRETO,BUENO,SECO,DESPEJADO,0,0,0,0,0
-8144352.80055479,-4450915.83174509,1180,1517678,-37.084674,-73.161966,2023/03/18 00:00:00+00,1899/12/30 00:00:00+00,8,REGION BIO BIO,LOTA,COLISION FRONTAL,COLISION,URBANA,ROTONDA,CONDUCIR VEHICULO EN RETROCESO,IMPRUDENCIA DEL CONDUCTOR,CURVA LOYOLA,CARLOS COUSIÑO,CARLOS COUSIÑO - CURVA LOYOLA,0,UNIDIRECCIONAL,CONCRETO,BUENO,SECO,DESPEJADO,0,0,0,0,0
-8164529.01298311,-4505935.23540899,1181,1517104,-37.477931,-73.343212,2023/03/18 00:00:00+00,1899/12/30 00:00:00+00,8,REGION BIO BIO,CURANILAHUE,COLISION,COLISION,URBANA,OTROS NO CONSIDERADOS,CONDUCCION EN ESTADO DE EBRIEDAD,ALCOHOL EN CONDUCTOR,ESTACIONAMIENTO BODEGA ACUENTA,BERNARDO O'HIGGINS,BERNARDO O'HIGGINS - ESTACIONAMIENTO BODEGA ACUENTA,0,BIDIRECCIONAL,MIXTO,REGULAR,SECO,DESPEJADO,0,0,0,0,0
-8133009.67840143,-4415159.52364872,1182,1517939,-36.828002,-73.060069,2023/03/18 00:00:00+00,1899/12/30 00:00:00+00,8,REGION BIO BIO,CONCEPCION,COLISION PERPENDICULAR,COLISION,URBANA,CRUCE CON SEMAFORO FUNCIONANDO,SEÑALIZACION DESOBEDECER LUZ ROJA DE SEMAFORO,DESOBEDIENCIA A SEÑALIZACION,ARTURO PRAT,MAIPU,ARTURO PRAT - MAIPU,0,UNIDIRECCIONAL,CONCRETO,BUENO,SECO,DESPEJADO,0,0,0,0,0
-8135239.85307998,-4410176.17034647,1183,1517144,-36.792161,-73.080103,2023/03/18 00:00:00+00,1899/12/30 00:00:00+00,8,REGION BIO BIO,HUALPEN,COLISION,COLISION,URBANA,CRUCE SIN SEÑALIZACION,NO RESPETAR DERECHO PREFERENTE DE PASO A VEHICULO,IMPRUDENCIA DEL CONDUCTOR,LOS ZORZALES,LAS TORCAZAS,LAS TORCAZAS - LOS ZORZALES,0,BIDIRECCIONAL,CONCRETO,BUENO,SECO,DESPEJADO,0,1,0,0,1
-8140022.02708497,-4404573.25685439,1184,1519670,-36.751844,-73.123062,2023/03/18 00:00:00+00,1899/12/30 00:00:00+00,8,REGION BIO BIO,TALCAHUANO,CHOQUE FRONTAL,CHOQUE,URBANA,TRAMO DE VIA RECTA,CONDUCCION NO ATENTO CONDICIONES TRANSITO MOMENTO,IMPRUDENCIA DEL CONDUCTOR,GRAN BRETAÑA, ,- GRAN BRETAÑA,2675,BIDIRECCIONAL CON BANDEJON,CONCRETO,BUENO,SECO,DESPEJADO,0,1,0,0,1
-8131169.23326015,-4409744.69812776,1185,1525001,-36.789057,-73.043536,2023/03/18 00:00:00+00,1899/12/30 00:00:00+00,8,REGION BIO BIO,CONCEPCION,COLISION,COLISION,URBANA,TRAMO DE VIA RECTA,VELOCIDAD NO RAZONABLE NI PRUDENTE,VELOCIDAD IMPRUDENTE,ABDON CIFUENTES,GONGORA Y MARMOLEJO,ABDON CIFUENTES - GONGORA Y MARMOLEJO,0,BIDIRECCIONAL,CONCRETO,BUENO,SECO,DESPEJADO,0,1,0,1,0
-8051273.78756443,-4507063.79806951,1186,1517408,-37.485976,-72.325823,2023/03/18 00:00:00+00,1899/12/30 00:00:00+00,8,REGION BIO BIO,LOS ANGELES,CHOQUE FRENTE/POSTERIOR,CHOQUE,URBANA,CRUCE CON SEMAFORO FUNCIONANDO,CONDUCCION NO ATENTO CONDICIONES TRANSITO MOMENTO,IMPRUDENCIA DEL CONDUCTOR,LAS INDUSTRIAS, ,- LAS INDUSTRIAS,1818,BIDIRECCIONAL CON BANDEJON,CONCRETO,BUENO,SECO,DESPEJADO,0,0,0,0,0