X,Y,FID,Idaccident,Latitude,Longitude,Fecha,Hora,Cód_Regi,Región,Comuna,Tipo_Accid,Tipo__CONA,Zona,Ubicación,Causa,Causa__CON,Calle_Uno,Calle_Dos,Intersecci,Número,Calzada,Tipo_Calza,Estado_Cal,Condición,Estado_Atm,Fallecidos,Lesionados,Graves,Menos_Grav,Leves
-8138562.73988017,-4409413.73853343,1187,1517128,-36.786676,-73.109953,2023/03/18 00:00:00+00,1899/12/30 00:00:00+00,8,REGION BIO BIO,HUALPEN,COLISION,COLISION,URBANA,CRUCE CON SEÑAL CEDA EL PASO,CONDUCCION CAMBIAR SORPRESIVAMENTE PISTA CIRCULACION,IMPRUDENCIA DEL CONDUCTOR,LAS GOLONDRINAS,CRISTOBAL COLON,CRISTOBAL COLON - LAS GOLONDRINAS,0,BIDIRECCIONAL CON BANDEJON,CONCRETO,BUENO,SECO,DESPEJADO,0,1,0,0,1
-8131287.89983733,-4414870.53360642,1188,1518905,-36.825924,-73.044602,2023/03/18 00:00:00+00,1899/12/30 00:00:00+00,8,REGION BIO BIO,SAN PEDRO DE LA PAZ,OTRO TIPO,OTRO TIPO,URBANA,TRAMO DE VIA RECTA,CONDUCCION EN ESTADO DE EBRIEDAD,ALCOHOL EN CONDUCTOR,PEDRO AGUIRRE CERDA, ,- PEDRO AGUIRRE CERDA,1055,BIDIRECCIONAL CON BANDEJON,CONCRETO,BUENO,SECO,DESPEJADO,0,0,0,0,0
-8051340.80189789,-4504250.54338397,1189,1517386,-37.46592,-72.326425,2023/03/18 00:00:00+00,1899/12/30 00:00:00+00,8,REGION BIO BIO,LOS ANGELES,COLISION FRONTAL,COLISION,URBANA,TRAMO DE VIA RECTA,CONDUCCION EN ESTADO DE EBRIEDAD,ALCOHOL EN CONDUCTOR,LAS INDUSTRIAS, ,- LAS INDUSTRIAS,13535,BIDIRECCIONAL,ASFALTO,BUENO,SECO,DESPEJADO,1,1,0,0,1
-8132718.02133555,-4417218.97881295,1190,1517945,-36.842809,-73.057449,2023/03/18 00:00:00+00,1899/12/30 00:00:00+00,8,REGION BIO BIO,CONCEPCION,ATROPELLO,ATROPELLO,URBANA,CRUCE SIN SEÑALIZACION,IMPRUDENCIA DEL PEATON,IMPRUDENCIA DEL PEATON,COSTANERA,LAS CANCHAS,COSTANERA - LAS CANCHAS,0,BIDIRECCIONAL,CONCRETO,BUENO,SECO,DESPEJADO,0,1,1,0,0
-8136739.99453792,-4404355.54799564,1191,1519682,-36.750277,-73.093579,2023/03/19 00:00:00+00,1899/12/30 00:00:00+00,8,REGION BIO BIO,TALCAHUANO,COLISION LATERAL,COLISION,URBANA,CRUCE CON SEMAFORO FUNCIONANDO,SEÑALIZACION DESOBEDECER LUZ ROJA DE SEMAFORO,DESOBEDIENCIA A SEÑALIZACION,CRISTOBAL COLON, ,- CRISTOBAL COLON,3796,BIDIRECCIONAL CON BANDEJON,CONCRETO,BUENO,SECO,DESPEJADO,0,1,1,0,0
-8131287.89983733,-4414870.53360642,1192,1518908,-36.825924,-73.044602,2023/03/19 00:00:00+00,1899/12/30 00:00:00+00,8,REGION BIO BIO,SAN PEDRO DE LA PAZ,OTRO TIPO,OTRO TIPO,URBANA,TRAMO DE VIA RECTA,CONDUCCION BAJO LA INFLUENCIA DEL ALCOHOL,ALCOHOL EN CONDUCTOR,PEDRO AGUIRRE CERDA, ,- PEDRO AGUIRRE CERDA,1055,BIDIRECCIONAL CON BANDEJON,CONCRETO,BUENO,SECO,DESPEJADO,0,0,0,0,0
-8136039.01570439,-4403631.597289,1193,1519689,-36.745066,-73.087282,2023/03/19 00:00:00+00,1899/12/30 00:00:00+00,8,REGION BIO BIO,TALCAHUANO,VOLCADURA,VOLCADURA,URBANA,TRAMO DE VIA RECTA,VELOCIDAD NO RAZONABLE NI PRUDENTE,VELOCIDAD IMPRUDENTE,ALMIRANTE NEFF, ,- ALMIRANTE NEFF,633,BIDIRECCIONAL,CONCRETO,BUENO,SECO,DESPEJADO,0,1,1,0,0
-8131287.89983733,-4414870.53360642,1194,1518906,-36.825924,-73.044602,2023/03/19 00:00:00+00,1899/12/30 00:00:00+00,8,REGION BIO BIO,SAN PEDRO DE LA PAZ,OTRO TIPO,OTRO TIPO,URBANA,TRAMO DE VIA RECTA,CONDUCCION EN ESTADO DE EBRIEDAD,ALCOHOL EN CONDUCTOR,PEDRO AGUIRRE CERDA, ,- PEDRO AGUIRRE CERDA,1055,BIDIRECCIONAL CON BANDEJON,CONCRETO,BUENO,SECO,DESPEJADO,0,0,0,0,0
-8130065.27786995,-4429283.43272449,1195,1519109,-36.929492,-73.033619,2023/03/19 00:00:00+00,1899/12/30 00:00:00+00,8,REGION BIO BIO,CHIGUAYANTE,CHOQUE LADO/LADO,CHOQUE,URBANA,TRAMO DE VIA RECTA,CONDUCCION NO ATENTO CONDICIONES TRANSITO MOMENTO,IMPRUDENCIA DEL CONDUCTOR,LAS CONDES, ,- LAS CONDES,677,BIDIRECCIONAL,CONCRETO,BUENO,SECO,DESPEJADO,0,0,0,0,0
-8139345.09326146,-4400814.20065655,1196,1519676,-36.724783,-73.116981,2023/03/19 00:00:00+00,1899/12/30 00:00:00+00,8,REGION BIO BIO,TALCAHUANO,COLISION LATERAL,COLISION,URBANA,TRAMO DE VIA RECTA,ADELANTAMIENTO SIN EL ESPACIO O TIEMPO SUFICIENTE,IMPRUDENCIA DEL CONDUCTOR,CRISTOBAL COLON, ,- CRISTOBAL COLON,3594,BIDIRECCIONAL CON BANDEJON,CONCRETO,BUENO,SECO,DESPEJADO,0,0,0,0,0
-8121351.74472811,-4387796.5803731,1197,1518056,-36.630997,-72.955344,2023/03/19 00:00:00+00,1899/12/30 00:00:00+00,8,REGION BIO BIO,TOME,COLISION PERPENDICULAR,COLISION,URBANA,CRUCE CON SEÑAL CEDA EL PASO,NO RESPETAR DERECHO PREFERENTE DE PASO A PEATON,IMPRUDENCIA DEL CONDUCTOR,LATORRE, ,- LATORRE,166,BIDIRECCIONAL CON BANDEJON,CONCRETO,BUENO,SECO,DESPEJADO,0,1,0,0,1
-8135658.41436537,-4403542.40929647,1198,1519686,-36.744424,-73.083863,2023/03/19 00:00:00+00,1899/12/30 00:00:00+00,8,REGION BIO BIO,TALCAHUANO,ATROPELLO,ATROPELLO,URBANA,TRAMO DE VIA RECTA,NO RESPETAR DERECHO PREFERENTE DE PASO A PEATON,IMPRUDENCIA DEL CONDUCTOR,CLAUDIO GAY, ,- CLAUDIO GAY,3320,BIDIRECCIONAL,CONCRETO,BUENO,SECO,DESPEJADO,0,1,0,0,1
-8053681.5168308,-4506698.77296027,1199,1517653,-37.483374,-72.347452,2023/03/19 00:00:00+00,1899/12/30 00:00:00+00,8,REGION BIO BIO,LOS ANGELES,COLISION LATERAL,COLISION,URBANA,CRUCE CON SEÑAL PARE,SEÑALIZACION DESOBEDECER SEÑAL PARE,DESOBEDIENCIA A SEÑALIZACION,LOS CARRERA,MARIA AUXILIADORA,LOS CARRERA - MARIA AUXILIADORA,0,BIDIRECCIONAL,CONCRETO,BUENO,SECO,DESPEJADO,0,0,0,0,0
-8133638.07692696,-4415650.74128664,1200,1517952,-36.831534,-73.065714,2023/03/19 00:00:00+00,1899/12/30 00:00:00+00,8,REGION BIO BIO,CONCEPCION,COLISION LATERAL,COLISION,URBANA,TRAMO DE VIA RECTA,ADELANTAMIENTO SIN EL ESPACIO O TIEMPO SUFICIENTE,IMPRUDENCIA DEL CONDUCTOR,COSTANERA,FREIRE,COSTANERA - FREIRE,0,BIDIRECCIONAL,CONCRETO,BUENO,SECO,DESPEJADO,0,0,0,0,0
-8140837.21971605,-4398899.55136429,1201,1500925,-36.710996,-73.130385,2023/01/01 00:00:00+00,1899/12/30 00:00:00+00,8,REGION BIO BIO,TALCAHUANO,CHOQUE FRONTAL,CHOQUE,URBANA,TRAMO DE VIA RECTA,CONDUCCION EN ESTADO DE EBRIEDAD,ALCOHOL EN CONDUCTOR,SAN VICENTE, ,- SAN VICENTE,644,BIDIRECCIONAL,CONCRETO,BUENO,SECO,DESPEJADO,0,1,0,0,1
-8132791.93747744,-4415585.65225547,1202,1501511,-36.831066,-73.058113,2023/01/01 00:00:00+00,1899/12/30 00:00:00+00,8,REGION BIO BIO,CONCEPCION,COLISION PERPENDICULAR,COLISION,URBANA,CRUCE CON SEMAFORO FUNCIONANDO,SEÑALIZACION DESOBEDECER LUZ ROJA DE SEMAFORO,DESOBEDIENCIA A SEÑALIZACION,ARTURO PRAT,O'HIGGINS,ARTURO PRAT - O'HIGGINS,0,UNIDIRECCIONAL,CONCRETO,BUENO,SECO,DESPEJADO,0,0,0,0,0
-8138083.95475026,-4411457.62356956,1203,1500993,-36.801379,-73.105652,2023/01/01 00:00:00+00,1899/12/30 00:00:00+00,8,REGION BIO BIO,HUALPEN,CHOQUE,CHOQUE,URBANA,CRUCE CON SEÑAL PARE,CONDUCCION NO ATENTO CONDICIONES TRANSITO MOMENTO,IMPRUDENCIA DEL CONDUCTOR,GRAN BRETAÑA,OCEANO PACIFICO,GRAN BRETAÑA - OCEANO PACIFICO,0,BIDIRECCIONAL,CONCRETO,BUENO,SECO,DESPEJADO,0,1,1,0,0
-8136771.94323177,-4403783.44086812,1204,1500935,-36.746159,-73.093866,2023/01/01 00:00:00+00,1899/12/30 00:00:00+00,8,REGION BIO BIO,TALCAHUANO,CHOQUE FRONTAL,CHOQUE,URBANA,TRAMO DE VIA RECTA,CONDUCCION EN ESTADO DE EBRIEDAD,ALCOHOL EN CONDUCTOR,LUIS ACEVEDO, ,- LUIS ACEVEDO,3540,BIDIRECCIONAL,CONCRETO,BUENO,SECO,DESPEJADO,0,0,0,0,0
-8077410.26816881,-4451659.48069745,1205,1503075,-37.090003,-72.560611,2023/01/01 00:00:00+00,1899/12/30 00:00:00+00,8,REGION BIO BIO,YUMBEL,CHOQUE FRONTAL,CHOQUE,URBANA,CRUCE CON SEÑAL PARE,SEÑALIZACION DESOBEDECER SEÑAL PARE,DESOBEDIENCIA A SEÑALIZACION,GOYCOLEA,BALMACEDA,BALMACEDA - GOYCOLEA,0,BIDIRECCIONAL,CONCRETO,BUENO,SECO,DESPEJADO,0,0,0,0,0
-8017741.23999176,-4532123.26027195,1206,1501343,-37.66439,-72.024595,2023/01/01 00:00:00+00,1899/12/30 00:00:00+00,8,REGION BIO BIO,SANTA BARBARA,ATROPELLO,ATROPELLO,URBANA,CRUCE CON SEÑAL PARE,CONDUCCION SIN MANTENER DISTANCIA RAZONABLE NI PRUDENTE,IMPRUDENCIA DEL CONDUCTOR,FEDERICO PUGA,PEDRO BURGOS,FEDERICO PUGA - PEDRO BURGOS,0,BIDIRECCIONAL,CONCRETO,BUENO,SECO,DESPEJADO,0,2,0,0,2
-8052812.55688567,-4502320.02363089,1207,1502142,-37.452154,-72.339646,2023/01/01 00:00:00+00,1899/12/30 00:00:00+00,8,REGION BIO BIO,LOS ANGELES,COLISION,COLISION,URBANA,TRAMO DE VIA RECTA,CONDUCCION NO ATENTO CONDICIONES TRANSITO MOMENTO,IMPRUDENCIA DEL CONDUCTOR,SOR VICENTA, ,- SOR VICENTA,2051,BIDIRECCIONAL,CONCRETO,BUENO,SECO,DESPEJADO,0,0,0,0,0
-8056848.44502438,-4503994.86863695,1208,1502146,-37.464097,-72.375901,2023/01/01 00:00:00+00,1899/12/30 00:00:00+00,8,REGION BIO BIO,LOS ANGELES,CAIDA,CAIDA,URBANA,ENLACE A DESNIVEL,CONDUCCION NO ATENTO CONDICIONES TRANSITO MOMENTO,IMPRUDENCIA DEL CONDUCTOR,BOMBERO FRANCISCO RIOSECO,LAGO VILLARRICA,BOMBERO FRANCISCO RIOSECO - LAGO VILLARRICA,0,BIDIRECCIONAL,CONCRETO,MALO,SECO,DESPEJADO,0,3,0,0,3
-8176628.88503489,-4527934.59099841,1209,1502565,-37.634598,-73.451907,2023/01/01 00:00:00+00,1899/12/30 00:00:00+00,8,REGION BIO BIO,LOS ALAMOS,CHOQUE FRONTAL,CHOQUE,URBANA,OTROS NO CONSIDERADOS,CONDUCCION NO ATENTO CONDICIONES TRANSITO MOMENTO,IMPRUDENCIA DEL CONDUCTOR,PASAJE TRES, ,- PASAJE TRES,95,UNIDIRECCIONAL,ASFALTO,BUENO,SECO,DESPEJADO,0,0,0,0,0
-8140401.4039096,-4409576.50654053,1210,1501005,-36.787847,-73.12647,2023/01/01 00:00:00+00,1899/12/30 00:00:00+00,8,REGION BIO BIO,HUALPEN,COLISION,COLISION,URBANA,TRAMO DE VIA RECTA,ADELANTAMIENTO SIN EL ESPACIO O TIEMPO SUFICIENTE,IMPRUDENCIA DEL CONDUCTOR,CAMINO RAMUNTCHO, ,- CAMINO RAMUNTCHO,2100,BIDIRECCIONAL,CONCRETO,BUENO,SECO,DESPEJADO,0,1,1,0,0
-8052740.08789716,-4507116.68708176,1211,1502148,-37.486353,-72.338995,2023/01/01 00:00:00+00,1899/12/30 00:00:00+00,8,REGION BIO BIO,LOS ANGELES,CHOQUE POSTERIOR/FRENTE,CHOQUE,URBANA,CRUCE CON SEMAFORO FUNCIONANDO,CONDUCCION NO ATENTO CONDICIONES TRANSITO MOMENTO,IMPRUDENCIA DEL CONDUCTOR,FRANCISCO ENCINA,LOS TOLTECAS,FRANCISCO ENCINA - LOS TOLTECAS,0,BIDIRECCIONAL,CONCRETO,BUENO,SECO,NUBLADO,0,0,0,0,0
-8133685.16507157,-4415299.84936339,1212,1501518,-36.829011,-73.066137,2023/01/01 00:00:00+00,1899/12/30 00:00:00+00,8,REGION BIO BIO,CONCEPCION,CHOQUE POSTERIOR,CHOQUE,URBANA,CRUCE CON SEMAFORO FUNCIONANDO,CONDUCCION SIN MANTENER DISTANCIA RAZONABLE NI PRUDENTE,IMPRUDENCIA DEL CONDUCTOR,COSTANERA,LOS CARRERA,COSTANERA - LOS CARRERA,0,BIDIRECCIONAL CON BANDEJON,CONCRETO,BUENO,SECO,DESPEJADO,0,0,0,0,0
-8042272.15958042,-4539101.45291685,1213,1501059,-37.713996,-72.24496,2023/01/01 00:00:00+00,1899/12/30 00:00:00+00,8,REGION BIO BIO,MULCHEN,COLISION LATERAL,COLISION,URBANA,TRAMO DE VIA RECTA,CONDUCCION NO ATENTO CONDICIONES TRANSITO MOMENTO,IMPRUDENCIA DEL CONDUCTOR,SOTO,LASTARRIA,LASTARRIA - SOTO,0,UNIDIRECCIONAL,CONCRETO,BUENO,SECO,DESPEJADO,0,1,0,0,1
-8053330.41515684,-4503896.69567854,1214,1502150,-37.463397,-72.344298,2023/01/01 00:00:00+00,1899/12/30 00:00:00+00,8,REGION BIO BIO,LOS ANGELES,ATROPELLO,ATROPELLO,URBANA,TRAMO DE VIA RECTA,CONDUCCION NO ATENTO CONDICIONES TRANSITO MOMENTO,IMPRUDENCIA DEL CONDUCTOR,NUEVA,ARGENTINA,ARGENTINA - NUEVA,0,UNIDIRECCIONAL,CONCRETO,BUENO,SECO,DESPEJADO,0,1,0,1,0
-8143299.71817189,-4451959.2436446,1215,1501469,-37.092151,-73.152506,2023/01/02 00:00:00+00,1899/12/30 00:00:00+00,8,REGION BIO BIO,LOTA,CHOQUE FRONTAL,CHOQUE,URBANA,TRAMO DE VIA RECTA,CONDUCCION EN ESTADO DE EBRIEDAD,ALCOHOL EN CONDUCTOR,RENE SCHNEIDER, ,- RENE SCHNEIDER,124,BIDIRECCIONAL,CONCRETO,BUENO,SECO,DESPEJADO,0,1,1,0,0
-8139172.32541175,-4399195.05180137,1216,1502734,-36.713124,-73.115429,2023/01/02 00:00:00+00,1899/12/30 00:00:00+00,8,REGION BIO BIO,TALCAHUANO,ATROPELLO,ATROPELLO,URBANA,TRAMO DE VIA RECTA,NO RESPETAR DERECHO PREFERENTE DE PASO A PEATON,IMPRUDENCIA DEL CONDUCTOR,VADIVIA, ,- VADIVIA,202,BIDIRECCIONAL,CONCRETO,BUENO,SECO,DESPEJADO,0,1,0,0,1
-8125600.92101118,-4402549.72228777,1217,1505220,-36.737278,-72.993515,2023/01/02 00:00:00+00,1899/12/30 00:00:00+00,8,REGION BIO BIO,PENCO,CHOQUE FRONTAL,CHOQUE,URBANA,TRAMO DE VIA RECTA,CONDUCCION BAJO LA INFLUENCIA DEL ALCOHOL,ALCOHOL EN CONDUCTOR,MAIPU, ,- MAIPU,137,UNIDIRECCIONAL,ASFALTO,BUENO,SECO,DESPEJADO,0,1,0,0,1
-8144222.55675057,-4439378.87424357,1218,1503598,-37.001952,-73.160796,2023/01/02 00:00:00+00,1899/12/30 00:00:00+00,8,REGION BIO BIO,CORONEL,COLISION,COLISION,URBANA,CRUCE CON SEMAFORO FUNCIONANDO,ADELANTAMIENTO SIN EL ESPACIO O TIEMPO SUFICIENTE,IMPRUDENCIA DEL CONDUCTOR,MANUEL MONTT,LOS LABOREOS,LOS LABOREOS - MANUEL MONTT,0,BIDIRECCIONAL,ASFALTO,BUENO,SECO,DESPEJADO,0,2,0,0,2
-8012795.87161327,-4505477.25178674,1219,1502714,-37.474666,-71.98017,2023/01/02 00:00:00+00,1899/12/30 00:00:00+00,8,REGION BIO BIO,QUILLECO,COLISION LATERAL,COLISION,URBANA,TRAMO DE VIA RECTA,CONDUCCION EN ESTADO DE EBRIEDAD,ALCOHOL EN CONDUCTOR,DIEGO PORTALES,RUCUE,DIEGO PORTALES - RUCUE,0,BIDIRECCIONAL,ASFALTO,BUENO,SECO,DESPEJADO,0,0,0,0,0
-8108167.06423855,-4516621.68441526,1220,1504971,-37.554075,-72.836904,2023/01/02 00:00:00+00,1899/12/30 00:00:00+00,8,REGION BIO BIO,NACIMIENTO,ATROPELLO,ATROPELLO,URBANA,TRAMO DE VIA RECTA,CONDUCCION EN ESTADO DE EBRIEDAD,ALCOHOL EN CONDUCTOR,CAMINO VECINAL SECTOR SANTA ADRIANA, ,- CAMINO VECINAL SECTOR SANTA ADRIANA,0,BIDIRECCIONAL,TIERRA,REGULAR, ,DESPEJADO,0,1,0,0,1
-8135770.95837056,-4408903.62775861,1221,1502744,-36.783006,-73.084874,2023/01/02 00:00:00+00,1899/12/30 00:00:00+00,8,REGION BIO BIO,TALCAHUANO,COLISION LATERAL,COLISION,URBANA,TRAMO DE VIA RECTA,ADELANTAMIENTO SIN EL ESPACIO O TIEMPO SUFICIENTE,IMPRUDENCIA DEL CONDUCTOR,O'HIGGINS, ,- O'HIGGINS,45,BIDIRECCIONAL,CONCRETO,BUENO,SECO,DESPEJADO,0,0,0,0,0
-8138500.6236043,-4400335.33251633,1222,1500929,-36.721335,-73.109395,2023/01/02 00:00:00+00,1899/12/30 00:00:00+00,8,REGION BIO BIO,TALCAHUANO,CHOQUE FRONTAL,CHOQUE,URBANA,TRAMO DE VIA RECTA,CONDUCCION EN ESTADO DE EBRIEDAD,ALCOHOL EN CONDUCTOR,BLANCO ENCALADA, ,- BLANCO ENCALADA,1250,BIDIRECCIONAL CON BANDEJON,CONCRETO,BUENO,SECO,DESPEJADO,0,0,0,0,0
-8172117.32871202,-4524679.94347599,1223,1502567,-37.611441,-73.411379,2023/01/02 00:00:00+00,1899/12/30 00:00:00+00,8,REGION BIO BIO,LOS ALAMOS,COLISION LATERAL,COLISION,URBANA,TRAMO DE VIA RECTA,CONDUCCION CAMBIAR SORPRESIVAMENTE PISTA CIRCULACION,IMPRUDENCIA DEL CONDUCTOR,DIEGO PORTALES,SIN NUMERO,DIEGO PORTALES - SIN NUMERO,0,UNIDIRECCIONAL,ASFALTO,BUENO,SECO,DESPEJADO,0,0,0,0,0
-8042097.27666038,-4539399.92307426,1224,1501085,-37.716117,-72.243389,2023/01/02 00:00:00+00,1899/12/30 00:00:00+00,8,REGION BIO BIO,MULCHEN,COLISION,COLISION,URBANA,CRUCE CON SEÑAL CEDA EL PASO,SEÑALIZACION DESOBEDECER SEÑAL CEDA EL PASO,DESOBEDIENCIA A SEÑALIZACION,GANA,MANERA,GANA - MANERA,0,UNIDIRECCIONAL,CONCRETO,BUENO,SECO,DESPEJADO,0,3,2,0,1
-8142125.29754402,-4435427.32746678,1225,1503712,-36.973598,-73.141956,2023/01/03 00:00:00+00,1899/12/30 00:00:00+00,8,REGION BIO BIO,CORONEL,CHOQUE POSTERIOR,CHOQUE,URBANA,TRAMO DE VIA RECTA,CONDUCCION NO ATENTO CONDICIONES TRANSITO MOMENTO,IMPRUDENCIA DEL CONDUCTOR,FEDERICO SCHAWERG, ,- FEDERICO SCHAWERG,2825,BIDIRECCIONAL CON BANDEJON,ASFALTO,BUENO,SECO,DESPEJADO,0,1,0,0,1
-8118730.39335891,-4376273.62178255,1226,1503078,-36.547884,-72.931796,2023/01/03 00:00:00+00,1899/12/30 00:00:00+00,8,REGION BIO BIO,LAJA,VOLCADURA,VOLCADURA,URBANA,CRUCE CON SEÑAL PARE,CONDUCCION NO ATENTO CONDICIONES TRANSITO MOMENTO,IMPRUDENCIA DEL CONDUCTOR,ALESSANDRI,ARTURO PRAT,ALESSANDRI - ARTURO PRAT,0,BIDIRECCIONAL,ASFALTO,BUENO,SECO,DESPEJADO,0,1,0,0,1
-8090216.0171117,-4510186.10992921,1227,1504986,-37.508229,-72.675647,2023/01/03 00:00:00+00,1899/12/30 00:00:00+00,8,REGION BIO BIO,NACIMIENTO,CHOQUE POSTERIOR,CHOQUE,URBANA,CRUCE CON SEMAFORO FUNCIONANDO,CONDUCCION NO ATENTO CONDICIONES TRANSITO MOMENTO,IMPRUDENCIA DEL CONDUCTOR,JULIO HEMMELMANN,EL PALQUE,EL PALQUE - JULIO HEMMELMANN,0,BIDIRECCIONAL,ASFALTO,BUENO,SECO,DESPEJADO,0,0,0,0,0
-8138046.66272085,-4403594.78284029,1228,1502741,-36.744801,-73.105317,2023/01/03 00:00:00+00,1899/12/30 00:00:00+00,8,REGION BIO BIO,TALCAHUANO,COLISION LATERAL,COLISION,URBANA,TRAMO DE VIA RECTA,NO RESPETAR DERECHO PREFERENTE DE PASO A VEHICULO,IMPRUDENCIA DEL CONDUCTOR,ALTO HORNO, ,- ALTO HORNO,350,BIDIRECCIONAL CON BANDEJON,CONCRETO,BUENO,SECO,DESPEJADO,0,1,0,0,1
-8129831.50693928,-4427575.43060898,1229,1503721,-36.917226,-73.031519,2023/01/03 00:00:00+00,1899/12/30 00:00:00+00,8,REGION BIO BIO,CHIGUAYANTE,COLISION POR ALCANCE,COLISION,URBANA,TRAMO DE VIA RECTA,CONDUCCION SIN MANTENER DISTANCIA RAZONABLE NI PRUDENTE,IMPRUDENCIA DEL CONDUCTOR,MANUEL RODRIGUEZ,OROZIMBO BARBOSA,MANUEL RODRIGUEZ - OROZIMBO BARBOSA,0,BIDIRECCIONAL CON BANDEJON,CONCRETO,BUENO,SECO,DESPEJADO,0,1,0,0,1
-8130372.63098403,-4413657.91792765,1230,1501561,-36.817204,-73.03638,2023/01/03 00:00:00+00,1899/12/30 00:00:00+00,8,REGION BIO BIO,CONCEPCION,CHOQUE LATERAL,CHOQUE,URBANA,CRUCE CON SEMAFORO FUNCIONANDO,CONDUCCION NO ATENTO CONDICIONES TRANSITO MOMENTO,IMPRUDENCIA DEL CONDUCTOR,PELANTARO, ,- PELANTARO,784,UNIDIRECCIONAL,CONCRETO,BUENO,SECO,DESPEJADO,0,0,0,0,0
-8132027.17257569,-4414288.9614592,1231,1501247,-36.821742,-73.051243,2023/01/03 00:00:00+00,1899/12/30 00:00:00+00,8,REGION BIO BIO,CONCEPCION,COLISION,COLISION,URBANA,CRUCE CON SEÑAL PARE,CONDUCCION NO ATENTO CONDICIONES TRANSITO MOMENTO,IMPRUDENCIA DEL CONDUCTOR,COLO COLO,LAS HERAS,COLO COLO - LAS HERAS,0,UNIDIRECCIONAL,CONCRETO,BUENO,SECO,DESPEJADO,0,1,1,0,0
-8124870.55383208,-4401308.50734488,1232,1505274,-36.728342,-72.986954,2023/01/03 00:00:00+00,1899/12/30 00:00:00+00,8,REGION BIO BIO,PENCO,CHOQUE LATERAL,CHOQUE,URBANA,TRAMO DE VIA RECTA,VELOCIDAD NO RAZONABLE NI PRUDENTE,VELOCIDAD IMPRUDENTE,CAMINO VIEJO LIRQUEN, ,- CAMINO VIEJO LIRQUEN,4,UNIDIRECCIONAL,ASFALTO,BUENO,SECO,DESPEJADO,0,0,0,0,0
-8138657.91804479,-4399292.39654761,1233,1502736,-36.713825,-73.110808,2023/01/03 00:00:00+00,1899/12/30 00:00:00+00,8,REGION BIO BIO,TALCAHUANO,COLISION LATERAL,COLISION,URBANA,CRUCE CON SEMAFORO FUNCIONANDO,SEÑALIZACION DESOBEDECER LUZ ROJA DE SEMAFORO,DESOBEDIENCIA A SEÑALIZACION,BLANCO ENCALADA, ,- BLANCO ENCALADA,511,BIDIRECCIONAL CON BANDEJON,CONCRETO,BUENO,SECO,DESPEJADO,0,0,0,0,0
-8130820.91457346,-4414555.40711577,1234,1501535,-36.823658,-73.040407,2023/01/03 00:00:00+00,1899/12/30 00:00:00+00,8,REGION BIO BIO,CONCEPCION,CHOQUE POSTERIOR,CHOQUE,URBANA,CRUCE CON SEMAFORO FUNCIONANDO,CONDUCCION SIN MANTENER DISTANCIA RAZONABLE NI PRUDENTE,IMPRUDENCIA DEL CONDUCTOR,O'HIGGINS,JANEQUEO,JANEQUEO - O'HIGGINS,0,UNIDIRECCIONAL,CONCRETO,BUENO,SECO,DESPEJADO,0,0,0,0,0
-8132101.64531503,-4414499.92023127,1235,1501547,-36.823259,-73.051912,2023/01/03 00:00:00+00,1899/12/30 00:00:00+00,8,REGION BIO BIO,CONCEPCION,COLISION LATERAL,COLISION,URBANA,TRAMO DE VIA RECTA,CONDUCCION CAMBIAR SORPRESIVAMENTE PISTA CIRCULACION,IMPRUDENCIA DEL CONDUCTOR,LOS CARRERA,ANIBAL PINTO,ANIBAL PINTO - LOS CARRERA,0,BIDIRECCIONAL CON BANDEJON,CONCRETO,BUENO,SECO,DESPEJADO,0,0,0,0,0
-8132049.9930713,-4413198.21695438,1236,1501579,-36.813898,-73.051448,2023/01/03 00:00:00+00,1899/12/30 00:00:00+00,8,REGION BIO BIO,CONCEPCION,COLISION POR ALCANCE,COLISION,URBANA,TRAMO DE VIA RECTA,"VELOCIDAD NO REDUCIR CRUCE DE CALLES, CUMBRE, CURVA, ETC.",VELOCIDAD IMPRUDENTE,BANDERA,OROMPELLO,BANDERA - OROMPELLO,0,UNIDIRECCIONAL,CONCRETO,BUENO,SECO,DESPEJADO,0,1,1,0,0
-8143277.67691271,-4451242.92478688,1237,1501472,-37.087018,-73.152308,2023/01/03 00:00:00+00,1899/12/30 00:00:00+00,8,REGION BIO BIO,LOTA,COLISION FRONTAL,COLISION,URBANA,TRAMO DE VIA RECTA,CONDUCCION NO ATENTO CONDICIONES TRANSITO MOMENTO,IMPRUDENCIA DEL CONDUCTOR,LOS AVELLANOS,GABRIELA MISTRAL,GABRIELA MISTRAL - LOS AVELLANOS,0,BIDIRECCIONAL,CONCRETO,BUENO,SECO,DESPEJADO,0,0,0,0,0
-8009268.04563054,-4472262.99006651,1238,1502726,-37.237499,-71.948479,2023/01/03 00:00:00+00,1899/12/30 00:00:00+00,8,REGION BIO BIO,TUCAPEL,CHOQUE FRONTAL,CHOQUE,URBANA,CRUCE CON SEÑAL PARE,CONDUCCION NO ATENTO CONDICIONES TRANSITO MOMENTO,IMPRUDENCIA DEL CONDUCTOR,ROBERTO GOMEZ,ROSARIO SOTO,ROBERTO GOMEZ - ROSARIO SOTO,0,BIDIRECCIONAL,ASFALTO,BUENO,SECO,DESPEJADO,0,0,0,0,0