X,Y,FID,Idaccident,Latitude,Longitude,Fecha,Hora,Cód_Regi,Región,Comuna,Tipo_Accid,Tipo__CONA,Zona,Ubicación,Causa,Causa__CON,Calle_Uno,Calle_Dos,Intersecci,Número,Calzada,Tipo_Calza,Estado_Cal,Condición,Estado_Atm,Fallecidos,Lesionados,Graves,Menos_Grav,Leves
-8125516.31819817,-4402427.90014821,1343,1505595,-36.736401,-72.992755,2023/01/11 00:00:00+00,1899/12/30 00:00:00+00,8,REGION BIO BIO,PENCO,COLISION LATERAL,COLISION,URBANA,TRAMO DE VIA RECTA,CONDUCCION NO ATENTO CONDICIONES TRANSITO MOMENTO,IMPRUDENCIA DEL CONDUCTOR,FREIRE, ,- FREIRE,699,UNIDIRECCIONAL,ASFALTO,BUENO,SECO,DESPEJADO,0,0,0,0,0
-8133816.96734867,-4413522.75877508,1344,1503748,-36.816232,-73.067321,2023/01/11 00:00:00+00,1899/12/30 00:00:00+00,8,REGION BIO BIO,CONCEPCION,ATROPELLO,ATROPELLO,URBANA,TRAMO DE VIA RECTA,CONDUCCION NO ATENTO CONDICIONES TRANSITO MOMENTO,IMPRUDENCIA DEL CONDUCTOR,21 DE MAYO, ,- 21 DE MAYO,1937,BIDIRECCIONAL CON BANDEJON,CONCRETO,BUENO,SECO,DESPEJADO,0,1,0,0,1
-8056724.65775062,-4505072.86817987,1345,1505409,-37.471783,-72.374789,2023/01/11 00:00:00+00,1899/12/30 00:00:00+00,8,REGION BIO BIO,LOS ANGELES,COLISION LATERAL,COLISION,URBANA,TRAMO DE VIA RECTA,CONDUCCION EN ESTADO DE EBRIEDAD,ALCOHOL EN CONDUCTOR,COLO COLO,LA BARCAROLA,COLO COLO - LA BARCAROLA,0,BIDIRECCIONAL,CONCRETO,BUENO,SECO,DESPEJADO,0,0,0,0,0
-8141885.40404136,-4399185.05353251,1346,1503586,-36.713052,-73.139801,2023/01/11 00:00:00+00,1899/12/30 00:00:00+00,8,REGION BIO BIO,TALCAHUANO,OTRO TIPO,OTRO TIPO,URBANA,TRAMO DE VIA RECTA,VELOCIDAD NO RAZONABLE NI PRUDENTE,VELOCIDAD IMPRUDENTE,PLAYA PINGUERAL, ,- PLAYA PINGUERAL,1396,BIDIRECCIONAL,CONCRETO,BUENO,SECO,DESPEJADO,0,1,1,0,0
-8128676.34458332,-4430094.36345455,1347,1503743,-36.935315,-73.021142,2023/01/11 00:00:00+00,1899/12/30 00:00:00+00,8,REGION BIO BIO,CHIGUAYANTE,CHOQUE FRONTAL,CHOQUE,URBANA,TRAMO DE VIA RECTA,FALLAS MECANICAS FRENOS,FALLAS MECANICAS,21 DE MAYO,PADRE HURTADO,21 DE MAYO - PADRE HURTADO,0,BIDIRECCIONAL CON BANDEJON,CONCRETO,BUENO,SECO,DESPEJADO,0,1,0,0,1
-8053482.47758126,-4505265.73042413,1348,1505428,-37.473158,-72.345664,2023/01/11 00:00:00+00,1899/12/30 00:00:00+00,8,REGION BIO BIO,LOS ANGELES,CHOQUE POSTERIOR/FRENTE,CHOQUE,URBANA,TRAMO DE VIA RECTA,CONDUCCION NO ATENTO CONDICIONES TRANSITO MOMENTO,IMPRUDENCIA DEL CONDUCTOR,RICARDO VICUÑA, ,- RICARDO VICUÑA,147,BIDIRECCIONAL CON BANDEJON,CONCRETO,BUENO,SECO,DESPEJADO,0,0,0,0,0
-8132886.11376665,-4415795.52408521,1349,1504057,-36.832575,-73.058959,2023/01/11 00:00:00+00,1899/12/30 00:00:00+00,8,REGION BIO BIO,CONCEPCION,COLISION,COLISION,URBANA,CRUCE SIN SEÑALIZACION,CONDUCCION CAMBIAR SORPRESIVAMENTE PISTA CIRCULACION,IMPRUDENCIA DEL CONDUCTOR,PADRE HURTADO,SAN MARTIN,PADRE HURTADO - SAN MARTIN,0,UNIDIRECCIONAL,CONCRETO,BUENO,SECO,DESPEJADO,0,0,0,0,0
-8077658.62195277,-4451727.86162731,1350,1504551,-37.090493,-72.562842,2023/01/11 00:00:00+00,1899/12/30 00:00:00+00,8,REGION BIO BIO,YUMBEL,CHOQUE FRONTAL,CHOQUE,URBANA,TRAMO DE VIA RECTA,CONDUCCION NO ATENTO CONDICIONES TRANSITO MOMENTO,IMPRUDENCIA DEL CONDUCTOR,O'HIGGINS, ,- O'HIGGINS,380,BIDIRECCIONAL,ASFALTO,BUENO,SECO,DESPEJADO,0,1,0,0,1
-8054341.7527307,-4506392.95848191,1351,1505404,-37.481194,-72.353383,2023/01/11 00:00:00+00,1899/12/30 00:00:00+00,8,REGION BIO BIO,LOS ANGELES,COLISION LATERAL,COLISION,URBANA,CRUCE CON SEMAFORO FUNCIONANDO,CONDUCCION NO ATENTO CONDICIONES TRANSITO MOMENTO,IMPRUDENCIA DEL CONDUCTOR,VICUÑA MACKENNA,SAN MARTIN,SAN MARTIN - VICUÑA MACKENNA,0,UNIDIRECCIONAL,ASFALTO,BUENO,SECO,DESPEJADO,0,1,0,0,1
-8132856.16882363,-4415077.60988973,1352,1504035,-36.827413,-73.05869,2023/01/11 00:00:00+00,1899/12/30 00:00:00+00,8,REGION BIO BIO,CONCEPCION,COLISION,COLISION,URBANA,TRAMO DE VIA RECTA,CONDUCCION NO ATENTO CONDICIONES TRANSITO MOMENTO,IMPRUDENCIA DEL CONDUCTOR,SERRANO,MAIPU,MAIPU - SERRANO,0,UNIDIRECCIONAL,CONCRETO,BUENO,SECO,DESPEJADO,0,0,0,0,0
-8055191.00912596,-4504707.35136202,1353,1505411,-37.469177,-72.361012,2023/01/11 00:00:00+00,1899/12/30 00:00:00+00,8,REGION BIO BIO,LOS ANGELES,COLISION LATERAL,COLISION,URBANA,TRAMO DE VIA RECTA,CONDUCCION NO ATENTO CONDICIONES TRANSITO MOMENTO,IMPRUDENCIA DEL CONDUCTOR,ALMAGRO,COLO COLO,ALMAGRO - COLO COLO,0,UNIDIRECCIONAL,CONCRETO,BUENO,SECO,DESPEJADO,0,0,0,0,0
-8172041.74277777,-4524527.47481001,1354,1504113,-37.610356,-73.4107,2023/01/11 00:00:00+00,1899/12/30 00:00:00+00,8,REGION BIO BIO,LOS ALAMOS,ATROPELLO,ATROPELLO,URBANA,CRUCE CON SEMAFORO FUNCIONANDO,CONDUCCION NO ATENTO CONDICIONES TRANSITO MOMENTO,IMPRUDENCIA DEL CONDUCTOR,PILPILCO,DIEGO PORTALES,DIEGO PORTALES - PILPILCO,0,UNIDIRECCIONAL,ASFALTO,BUENO,SECO,DESPEJADO,0,1,0,0,1
-8131765.34913334,-4413069.59879079,1355,1503752,-36.812973,-73.048891,2023/01/11 00:00:00+00,1899/12/30 00:00:00+00,8,REGION BIO BIO,CONCEPCION,COLISION,COLISION,URBANA,CRUCE CON SEMAFORO FUNCIONANDO,FALLAS MECANICAS FRENOS,FALLAS MECANICAS,PAICAVI,BANDERA,BANDERA - PAICAVI,0,BIDIRECCIONAL CON BANDEJON,CONCRETO,BUENO,SECO,DESPEJADO,0,1,0,0,1
-8132615.27344555,-4417486.19337621,1356,1504066,-36.84473,-73.056526,2023/01/11 00:00:00+00,1899/12/30 00:00:00+00,8,REGION BIO BIO,CONCEPCION,COLISION POR ALCANCE,COLISION,URBANA,TRAMO DE VIA RECTA,CONDUCCION NO ATENTO CONDICIONES TRANSITO MOMENTO,IMPRUDENCIA DEL CONDUCTOR,COSTANERA,SARGENTO ALDEA,COSTANERA - SARGENTO ALDEA,0,UNIDIRECCIONAL,CONCRETO,BUENO,SECO,DESPEJADO,0,0,0,0,0
-8121162.72423274,-4383967.98934301,1357,1503517,-36.603392,-72.953646,2023/01/12 00:00:00+00,1899/12/30 00:00:00+00,8,REGION BIO BIO,TOME,COLISION PERPENDICULAR,COLISION,URBANA,CRUCE CON SEÑAL PARE,SEÑALIZACION DESOBEDECER SEÑAL PARE,DESOBEDIENCIA A SEÑALIZACION,MADROÑAL,ALVARO JARA,ALVARO JARA - MADROÑAL,0,BIDIRECCIONAL,CONCRETO,BUENO,SECO,DESPEJADO,0,0,0,0,0
-8131882.34591817,-4414573.48561181,1358,1504091,-36.823788,-73.049942,2023/01/12 00:00:00+00,1899/12/30 00:00:00+00,8,REGION BIO BIO,CONCEPCION,COLISION,COLISION,URBANA,TRAMO DE VIA RECTA,CONDUCCION NO ATENTO CONDICIONES TRANSITO MOMENTO,IMPRUDENCIA DEL CONDUCTOR,MAIPU,COLO COLO,COLO COLO - MAIPU,0,UNIDIRECCIONAL,CONCRETO,BUENO,SECO,DESPEJADO,0,1,0,0,1
-8053157.42466815,-4501713.28611735,1359,1505454,-37.447827,-72.342744,2023/01/12 00:00:00+00,1899/12/30 00:00:00+00,8,REGION BIO BIO,LOS ANGELES,CHOQUE POSTERIOR/LADO,CHOQUE,URBANA,TRAMO DE VIA RECTA,CONDUCCION NO ATENTO CONDICIONES TRANSITO MOMENTO,IMPRUDENCIA DEL CONDUCTOR,PABLO MURUA, ,- PABLO MURUA,240,UNIDIRECCIONAL,CONCRETO,BUENO,SECO,DESPEJADO,0,0,0,0,0
-8131087.6360734,-4415068.57020963,1360,1504084,-36.827348,-73.042803,2023/01/12 00:00:00+00,1899/12/30 00:00:00+00,8,REGION BIO BIO,CONCEPCION,CHOQUE,CHOQUE,URBANA,ACERA O BERMA,CONDUCCION NO ATENTO CONDICIONES TRANSITO MOMENTO,IMPRUDENCIA DEL CONDUCTOR,OROMPELLO, ,- OROMPELLO,200,UNIDIRECCIONAL,CONCRETO,BUENO,SECO,DESPEJADO,0,0,0,0,0
-8129805.79213691,-4428547.06157736,1361,1503755,-36.924204,-73.031288,2023/01/12 00:00:00+00,1899/12/30 00:00:00+00,8,REGION BIO BIO,CHIGUAYANTE,COLISION,COLISION,URBANA,CRUCE CON SEMAFORO FUNCIONANDO,CONDUCCION NO ATENTO CONDICIONES TRANSITO MOMENTO,IMPRUDENCIA DEL CONDUCTOR,LOS CARRERA,COSTANERA,COSTANERA - LOS CARRERA,0,BIDIRECCIONAL CON BANDEJON,CONCRETO,BUENO,SECO,DESPEJADO,0,3,0,0,3
-8122500.4505536,-4384694.76839927,1362,1503530,-36.608633,-72.965663,2023/01/12 00:00:00+00,1899/12/30 00:00:00+00,8,REGION BIO BIO,TOME,CHOQUE POSTERIOR/FRENTE,CHOQUE,URBANA,TRAMO DE VIA CURVA VERTICAL,CONDUCCION NO ATENTO CONDICIONES TRANSITO MOMENTO,IMPRUDENCIA DEL CONDUCTOR,CARLOS WERNER,ENRIQUE MOLINA,CARLOS WERNER - ENRIQUE MOLINA,0,BIDIRECCIONAL,CONCRETO,BUENO,SECO,DESPEJADO,0,0,0,0,0
-8135779.52997135,-4407692.24730661,1363,1505692,-36.77429,-73.084951,2023/01/12 00:00:00+00,1899/12/30 00:00:00+00,8,REGION BIO BIO,TALCAHUANO,CHOQUE POSTERIOR/LADO,CHOQUE,URBANA,TRAMO DE VIA RECTA,CONDUCCION NO ATENTO CONDICIONES TRANSITO MOMENTO,IMPRUDENCIA DEL CONDUCTOR,ARTEAGA ALEMPARTE, ,- ARTEAGA ALEMPARTE,83,BIDIRECCIONAL,CONCRETO,BUENO,SECO,DESPEJADO,0,0,0,0,0
-8053797.06646224,-4506524.26121992,1364,1505485,-37.48213,-72.34849,2023/01/12 00:00:00+00,1899/12/30 00:00:00+00,8,REGION BIO BIO,LOS ANGELES,ATROPELLO,ATROPELLO,URBANA,ACERA O BERMA,CONDUCCION NO ATENTO CONDICIONES TRANSITO MOMENTO,IMPRUDENCIA DEL CONDUCTOR,LOS CARRERA, ,- LOS CARRERA,795,UNIDIRECCIONAL,ASFALTO,BUENO,SECO,DESPEJADO,0,1,0,0,1
-8086110.44297175,-4484524.5320728,1365,1504562,-37.32514,-72.638766,2023/01/12 00:00:00+00,1899/12/30 00:00:00+00,8,REGION BIO BIO,LAJA,CHOQUE POSTERIOR/FRENTE,CHOQUE,URBANA,CRUCE CON SEÑAL PARE,CONDUCCION NO ATENTO CONDICIONES TRANSITO MOMENTO,IMPRUDENCIA DEL CONDUCTOR,POSTAHUE, ,- POSTAHUE,3950,BIDIRECCIONAL,ASFALTO,BUENO,SECO,DESPEJADO,0,0,0,0,0
-8130948.37539041,-4412926.6606442,1366,1504101,-36.811945,-73.041552,2023/01/12 00:00:00+00,1899/12/30 00:00:00+00,8,REGION BIO BIO,CONCEPCION,ATROPELLO,ATROPELLO,URBANA,CRUCE CON SEÑAL PARE,NO RESPETAR DERECHO PREFERENTE DE PASO A PEATON,IMPRUDENCIA DEL CONDUCTOR,LIENTUR,MALLECO,LIENTUR - MALLECO,0,UNIDIRECCIONAL,CONCRETO,REGULAR,SECO,DESPEJADO,0,1,0,0,1
-8139362.23646304,-4401947.57054178,1367,1505693,-36.732943,-73.117135,2023/01/12 00:00:00+00,1899/12/30 00:00:00+00,8,REGION BIO BIO,TALCAHUANO,CHOQUE POSTERIOR/FRENTE,CHOQUE,URBANA,TRAMO DE VIA RECTA,CONDUCCION NO ATENTO CONDICIONES TRANSITO MOMENTO,IMPRUDENCIA DEL CONDUCTOR,ISLA DE PASCUA, ,- ISLA DE PASCUA,129,BIDIRECCIONAL,CONCRETO,BUENO,SECO,DESPEJADO,0,0,0,0,0
-8135890.29286469,-4403597.28344033,1368,1504087,-36.744819,-73.085946,2023/01/12 00:00:00+00,1899/12/30 00:00:00+00,8,REGION BIO BIO,TALCAHUANO,CAIDA,CAIDA,URBANA,CRUCE CON SEMAFORO FUNCIONANDO,SEÑALIZACION MAL INSTALADA O MANTENIDA FORMA DEFECTUOSA,DEFICIENCIAS VIALES,CRISTOBAL COLON,ALMIRANTE NEFF,ALMIRANTE NEFF - CRISTOBAL COLON,0,BIDIRECCIONAL CON BANDEJON,CONCRETO,BUENO,SECO,DESPEJADO,0,1,0,0,1
-8130397.45523048,-4414566.25420971,1369,1504467,-36.823736,-73.036603,2023/01/12 00:00:00+00,1899/12/30 00:00:00+00,8,REGION BIO BIO,CONCEPCION,COLISION,COLISION,URBANA,CRUCE CON SEMAFORO FUNCIONANDO,VIRAJES INDEBIDOS,IMPRUDENCIA DEL CONDUCTOR,SAN MARTIN,ROOSEVELT,ROOSEVELT - SAN MARTIN,0,BIDIRECCIONAL CON BANDEJON,CONCRETO,BUENO,SECO,DESPEJADO,0,0,0,0,0
-8140789.68629348,-4422494.54404262,1370,1503436,-36.880726,-73.129958,2023/01/12 00:00:00+00,1899/12/30 00:00:00+00,8,REGION BIO BIO,SAN PEDRO DE LA PAZ,ATROPELLO,ATROPELLO,URBANA,TRAMO DE VIA RECTA,PEATON CRUZA CALZADA FORMA SORPRESIVA O DESCUIDADA,IMPRUDENCIA DEL PEATON,LOS OLIVILLOS, ,- LOS OLIVILLOS,6438,BIDIRECCIONAL,CONCRETO,BUENO,SECO,DESPEJADO,0,1,0,0,1
-8053345.77724657,-4502859.06370369,1371,1505480,-37.455998,-72.344436,2023/01/12 00:00:00+00,1899/12/30 00:00:00+00,8,REGION BIO BIO,LOS ANGELES,ATROPELLO,ATROPELLO,URBANA,CRUCE CON SEÑAL PARE,CONDUCCION NO ATENTO CONDICIONES TRANSITO MOMENTO,IMPRUDENCIA DEL CONDUCTOR,SOR VICENTA,GUACOLDA,GUACOLDA - SOR VICENTA,0,BIDIRECCIONAL CON BANDEJON,CONCRETO,BUENO,SECO,DESPEJADO,0,1,0,0,1
-8141941.06378676,-4419192.71352882,1372,1505322,-36.856997,-73.140301,2023/01/12 00:00:00+00,1899/12/30 00:00:00+00,8,REGION BIO BIO,SAN PEDRO DE LA PAZ,OTRO TIPO,OTRO TIPO,URBANA,TRAMO DE VIA RECTA,CONDUCCION EN ESTADO DE EBRIEDAD,ALCOHOL EN CONDUCTOR,4 NORTE, ,- 4 NORTE,764,BIDIRECCIONAL,CONCRETO,BUENO,SECO,DESPEJADO,0,0,0,0,0
-8141117.1882354,-4422659.0431827,1373,1503453,-36.881908,-73.1329,2023/01/13 00:00:00+00,1899/12/30 00:00:00+00,8,REGION BIO BIO,SAN PEDRO DE LA PAZ,ATROPELLO,ATROPELLO,URBANA,TRAMO DE VIA RECTA,PEATON PERMANECE SOBRE LA CALZADA,IMPRUDENCIA DEL PEATON,GABRIELA MISTRAL, ,- GABRIELA MISTRAL,536,BIDIRECCIONAL,CONCRETO,BUENO,SECO,DESPEJADO,0,1,1,0,0
-8054625.39479324,-4503529.95768528,1374,1505499,-37.460782,-72.355931,2023/01/13 00:00:00+00,1899/12/30 00:00:00+00,8,REGION BIO BIO,LOS ANGELES,COLISION LATERAL,COLISION,URBANA,CRUCE CON SEMAFORO FUNCIONANDO,CONDUCCION NO ATENTO CONDICIONES TRANSITO MOMENTO,IMPRUDENCIA DEL CONDUCTOR,OROMPELLO,PADRE HURTADO,OROMPELLO - PADRE HURTADO,0,BIDIRECCIONAL CON BANDEJON,CONCRETO,BUENO,SECO,DESPEJADO,0,0,0,0,0
-8129817.03540548,-4426067.75455557,1375,1503849,-36.906397,-73.031389,2023/01/13 00:00:00+00,1899/12/30 00:00:00+00,8,REGION BIO BIO,CHIGUAYANTE,COLISION PERPENDICULAR,COLISION,URBANA,CRUCE CON SEÑAL CEDA EL PASO,NO RESPETAR DERECHO PREFERENTE DE PASO A VEHICULO,IMPRUDENCIA DEL CONDUCTOR,8 ORIENTE,CALLE UNO,8 ORIENTE - CALLE UNO,0,BIDIRECCIONAL,CONCRETO,BUENO,SECO,DESPEJADO,0,1,1,0,0
-8138384.07209744,-4417037.45478927,1376,1503661,-36.841504,-73.108348,2023/01/13 00:00:00+00,1899/12/30 00:00:00+00,8,REGION BIO BIO,HUALPEN,COLISION,COLISION,URBANA,CRUCE CON SEMAFORO FUNCIONANDO,SEÑALIZACION DESOBEDECER LUZ ROJA DE SEMAFORO,DESOBEDIENCIA A SEÑALIZACION,LOS BOLDOS,CRISTOBAL COLON,CRISTOBAL COLON - LOS BOLDOS,0,BIDIRECCIONAL CON BANDEJON,CONCRETO,BUENO,SECO,DESPEJADO,0,0,0,0,0
-8130193.40660385,-4413690.0393367,1377,1504110,-36.817435,-73.03477,2023/01/13 00:00:00+00,1899/12/30 00:00:00+00,8,REGION BIO BIO,CONCEPCION,COLISION PERPENDICULAR,COLISION,URBANA,CRUCE CON SEMAFORO FUNCIONANDO,SEÑALIZACION DESOBEDECER LUZ ROJA DE SEMAFORO,DESOBEDIENCIA A SEÑALIZACION,VILUMILLA,MAIPU,MAIPU - VILUMILLA,0,UNIDIRECCIONAL,CONCRETO,BUENO,SECO,DESPEJADO,0,1,0,0,1
-8126568.17606668,-4416428.22438875,1378,1504207,-36.837124,-73.002204,2023/01/13 00:00:00+00,1899/12/30 00:00:00+00,8,REGION BIO BIO,CONCEPCION,CHOQUE,CHOQUE,URBANA,CRUCE CON SEÑAL PARE,CONDUCCION SIN MANTENER DISTANCIA RAZONABLE NI PRUDENTE,IMPRUDENCIA DEL CONDUCTOR,LAS VERTIENTES,LOS COPIHUES,LAS VERTIENTES - LOS COPIHUES,0,UNIDIRECCIONAL,CONCRETO,BUENO,SECO,DESPEJADO,0,1,1,0,0
-8139068.9096048,-4396221.39638558,1379,1505695,-36.691707,-73.1145,2023/01/13 00:00:00+00,1899/12/30 00:00:00+00,8,REGION BIO BIO,TALCAHUANO,COLISION LATERAL,COLISION,URBANA,TRAMO DE VIA RECTA,VIRAJES INDEBIDOS,IMPRUDENCIA DEL CONDUCTOR,MICHIMALONGO, ,- MICHIMALONGO,3721,BIDIRECCIONAL,CONCRETO,BUENO,SECO,DESPEJADO,0,0,0,0,0
-8129077.9853061,-4428111.22298949,1380,1533283,-36.921074,-73.02475,2023/01/13 00:00:00+00,1899/12/30 00:00:00+00,8,REGION BIO BIO,CHIGUAYANTE,COLISION POR ALCANCE,COLISION,URBANA,TRAMO DE VIA RECTA,CONDUCCION SIN MANTENER DISTANCIA RAZONABLE NI PRUDENTE,IMPRUDENCIA DEL CONDUCTOR,O'HIGGINS,COCHRANE,COCHRANE - O'HIGGINS,0,BIDIRECCIONAL,CONCRETO,BUENO,SECO,DESPEJADO,0,0,0,0,0
-8132720.58168384,-4410193.96339059,1381,1503782,-36.792289,-73.057472,2023/01/13 00:00:00+00,1899/12/30 00:00:00+00,8,REGION BIO BIO,CONCEPCION,COLISION,COLISION,URBANA,OTROS NO CONSIDERADOS,CONDUCCION NO ATENTO CONDICIONES TRANSITO MOMENTO,IMPRUDENCIA DEL CONDUCTOR,ALONSO GARCIA DE RAMON,GARCIA HURTADO DE MENDOZA,ALONSO GARCIA DE RAMON - GARCIA HURTADO DE MENDOZA,0,UNIDIRECCIONAL,CONCRETO,BUENO,SECO,DESPEJADO,0,0,0,0,0
-8128676.34458332,-4430094.36345455,1382,1503784,-36.935315,-73.021142,2023/01/13 00:00:00+00,1899/12/30 00:00:00+00,8,REGION BIO BIO,CHIGUAYANTE,COLISION,COLISION,URBANA,TRAMO DE VIA RECTA,CONDUCCION NO ATENTO CONDICIONES TRANSITO MOMENTO,IMPRUDENCIA DEL CONDUCTOR,21 DE MAYO,MIRAFLORES,21 DE MAYO - MIRAFLORES,0,BIDIRECCIONAL CON BANDEJON,CONCRETO,BUENO,SECO,DESPEJADO,0,0,0,0,0
-8073995.54278872,-4521150.54785111,1383,1505467,-37.586321,-72.529936,2023/01/13 00:00:00+00,1899/12/30 00:00:00+00,8,REGION BIO BIO,NEGRETE,COLISION,COLISION,URBANA,CRUCE CON SEÑAL PARE,SEÑALIZACION DESOBEDECER SEÑAL PARE,DESOBEDIENCIA A SEÑALIZACION,10 DE JULIO,LUIS CRUZ MARTINEZ,10 DE JULIO - LUIS CRUZ MARTINEZ,0,BIDIRECCIONAL,CONCRETO,BUENO,SECO,DESPEJADO,0,0,0,0,0
-8127324.25804815,-4413842.58258962,1384,1504188,-36.818532,-73.008996,2023/01/13 00:00:00+00,1899/12/30 00:00:00+00,8,REGION BIO BIO,CONCEPCION,COLISION,COLISION,URBANA,ROTONDA,CONDUCCION SIN MANTENER DISTANCIA RAZONABLE NI PRUDENTE,IMPRUDENCIA DEL CONDUCTOR,ROTONDA GENERAL BONILLA,GENERAL BONILLA,GENERAL BONILLA - ROTONDA GENERAL BONILLA,0,UNIDIRECCIONAL,CONCRETO,MALO,SECO,DESPEJADO,0,2,0,0,2
-8042196.35100719,-4540062.8923084,1385,1504096,-37.720828,-72.244279,2023/01/14 00:00:00+00,1899/12/30 00:00:00+00,8,REGION BIO BIO,MULCHEN,CHOQUE FRONTAL,CHOQUE,URBANA,TRAMO DE VIA RECTA,CONDUCCION NO ATENTO CONDICIONES TRANSITO MOMENTO,IMPRUDENCIA DEL CONDUCTOR,ANIBAL PINTO, ,- ANIBAL PINTO,495,UNIDIRECCIONAL,CONCRETO,BUENO,SECO,DESPEJADO,0,0,0,0,0
-8126241.4533612,-4414140.16642239,1386,1504246,-36.820672,-72.999269,2023/01/14 00:00:00+00,1899/12/30 00:00:00+00,8,REGION BIO BIO,CONCEPCION,CHOQUE,CHOQUE,URBANA,TRAMO DE VIA RECTA,FALLAS MECANICAS NEUMATICOS,FALLAS MECANICAS,GENERAL BONILLA, ,- GENERAL BONILLA,2098,BIDIRECCIONAL CON BANDEJON,CONCRETO,BUENO,SECO,DESPEJADO,0,0,0,0,0
-8053937.32902065,-4504124.45834945,1387,1505723,-37.465021,-72.34975,2023/01/14 00:00:00+00,1899/12/30 00:00:00+00,8,REGION BIO BIO,LOS ANGELES,COLISION LATERAL,COLISION,URBANA,TRAMO DE VIA RECTA,CONDUCCION NO ATENTO CONDICIONES TRANSITO MOMENTO,IMPRUDENCIA DEL CONDUCTOR,LIENTUR, ,- LIENTUR,217,UNIDIRECCIONAL,CONCRETO,BUENO,SECO,DESPEJADO,0,0,0,0,0
-8118875.22001643,-4386169.97250198,1388,1503551,-36.61927,-72.933097,2023/01/14 00:00:00+00,1899/12/30 00:00:00+00,8,REGION BIO BIO,TOME,ATROPELLO,ATROPELLO,URBANA,TRAMO DE VIA RECTA,PEATON CRUZA CALZADA FORMA SORPRESIVA O DESCUIDADA,IMPRUDENCIA DEL PEATON,CAMINO A COLLEN, ,- CAMINO A COLLEN,2005,BIDIRECCIONAL,CONCRETO,BUENO,SECO,DESPEJADO,0,1,1,0,0
-8144545.93987132,-4436552.96550897,1389,1503833,-36.981676,-73.163701,2023/01/14 00:00:00+00,1899/12/30 00:00:00+00,8,REGION BIO BIO,CORONEL,ATROPELLO,ATROPELLO,URBANA,TRAMO DE VIA RECTA,CONDUCCION NO ATENTO CONDICIONES TRANSITO MOMENTO,IMPRUDENCIA DEL CONDUCTOR,CERRO EL PLOMO, ,- CERRO EL PLOMO,201,BIDIRECCIONAL,ASFALTO,BUENO,SECO,DESPEJADO,0,0,0,0,0
-8135431.43392364,-4410145.31060608,1390,1503688,-36.791939,-73.081824,2023/01/14 00:00:00+00,1899/12/30 00:00:00+00,8,REGION BIO BIO,HUALPEN,CHOQUE,CHOQUE,URBANA,TRAMO DE VIA RECTA,CONDUCCION NO ATENTO CONDICIONES TRANSITO MOMENTO,IMPRUDENCIA DEL CONDUCTOR,PASAJE UNO, ,- PASAJE UNO,566,BIDIRECCIONAL,CONCRETO,BUENO,SECO,DESPEJADO,0,0,0,0,0
-8138501.95943819,-4402911.44639748,1391,1506014,-36.739882,-73.109407,2023/01/14 00:00:00+00,1899/12/30 00:00:00+00,8,REGION BIO BIO,TALCAHUANO,CHOQUE POSTERIOR/LADO,CHOQUE,URBANA,TRAMO DE VIA RECTA,CONDUCCION NO ATENTO CONDICIONES TRANSITO MOMENTO,IMPRUDENCIA DEL CONDUCTOR,ALTO HORNO, ,- ALTO HORNO,777,BIDIRECCIONAL,CONCRETO,BUENO,SECO,DESPEJADO,0,0,0,0,0
-8131941.01128982,-4418593.79351236,1392,1504219,-36.852692,-73.050469,2023/01/14 00:00:00+00,1899/12/30 00:00:00+00,8,REGION BIO BIO,CONCEPCION,CHOQUE,CHOQUE,URBANA,CRUCE CON SEMAFORO FUNCIONANDO,CONDUCCION NO ATENTO CONDICIONES TRANSITO MOMENTO,IMPRUDENCIA DEL CONDUCTOR,PEDRO DE VALDIVIA,INGLESA,INGLESA - PEDRO DE VALDIVIA,0,BIDIRECCIONAL CON BANDEJON,CONCRETO,BUENO,SECO,DESPEJADO,0,0,0,0,0
-8138296.35233869,-4415753.66065279,1393,1503454,-36.832274,-73.10756,2023/01/14 00:00:00+00,1899/12/30 00:00:00+00,8,REGION BIO BIO,SAN PEDRO DE LA PAZ,CHOQUE FRONTAL,CHOQUE,URBANA,CRUCE SIN SEÑALIZACION,CONDUCCION EN ESTADO DE EBRIEDAD,ALCOHOL EN CONDUCTOR,JORGE ALESSANDRI RODRIGUEZ,LAS VIOLETAS,JORGE ALESSANDRI RODRIGUEZ - LAS VIOLETAS,0,BIDIRECCIONAL CON BANDEJON,CONCRETO,BUENO,SECO,DESPEJADO,0,0,0,0,0
-8139085.16225046,-4407329.94400236,1394,1503703,-36.771683,-73.114646,2023/01/14 00:00:00+00,1899/12/30 00:00:00+00,8,REGION BIO BIO,HUALPEN,COLISION,COLISION,URBANA,ROTONDA,CONDUCCION NO ATENTO CONDICIONES TRANSITO MOMENTO,IMPRUDENCIA DEL CONDUCTOR,COSTANERA,GRAN BRETAÑA,COSTANERA - GRAN BRETAÑA,0,BIDIRECCIONAL CON BANDEJON,CONCRETO,BUENO,SECO,DESPEJADO,0,0,0,0,0