X,Y,FID,Idaccident,Latitude,Longitude,Fecha,Hora,Cód_Regi,Región,Comuna,Tipo_Accid,Tipo__CONA,Zona,Ubicación,Causa,Causa__CON,Calle_Uno,Calle_Dos,Intersecci,Número,Calzada,Tipo_Calza,Estado_Cal,Condición,Estado_Atm,Fallecidos,Lesionados,Graves,Menos_Grav,Leves
-8051329.7812683,-4503115.69241141,1499,1506436,-37.457828,-72.326326,2023/01/21 00:00:00+00,1899/12/30 00:00:00+00,8,REGION BIO BIO,LOS ANGELES,COLISION,COLISION,URBANA,TRAMO DE VIA RECTA,CONDUCCION EN ESTADO DE EBRIEDAD,ALCOHOL EN CONDUCTOR,LAS INDUSTRIAS, ,- LAS INDUSTRIAS,510,BIDIRECCIONAL,ASFALTO,BUENO,SECO,DESPEJADO,0,0,0,0,0
-8131248.27009861,-4414421.90532662,1500,1505319,-36.822698,-73.044246,2023/01/21 00:00:00+00,1899/12/30 00:00:00+00,8,REGION BIO BIO,CONCEPCION,COLISION PERPENDICULAR,COLISION,URBANA,CRUCE CON SEÑAL PARE,CONDUCCION NO ATENTO CONDICIONES TRANSITO MOMENTO,IMPRUDENCIA DEL CONDUCTOR,ONGOLMO,FREIRE,FREIRE - ONGOLMO,0,UNIDIRECCIONAL,CONCRETO,BUENO,SECO,DESPEJADO,0,0,0,0,0
-8127890.6516173,-4433046.15646916,1501,1505342,-36.956507,-73.014084,2023/01/21 00:00:00+00,1899/12/30 00:00:00+00,8,REGION BIO BIO,CHIGUAYANTE,ATROPELLO,ATROPELLO,URBANA,CRUCE CON SEMAFORO FUNCIONANDO,CONDUCCION NO ATENTO CONDICIONES TRANSITO MOMENTO,IMPRUDENCIA DEL CONDUCTOR,21 DE MAYO, ,- 21 DE MAYO,3225,BIDIRECCIONAL CON BANDEJON,CONCRETO,BUENO,SECO,DESPEJADO,0,1,1,0,0
-8054848.70169177,-4505918.40257864,1502,1506460,-37.477811,-72.357937,2023/01/21 00:00:00+00,1899/12/30 00:00:00+00,8,REGION BIO BIO,LOS ANGELES,COLISION,COLISION,URBANA,TRAMO DE VIA RECTA,CONDUCCION NO ATENTO CONDICIONES TRANSITO MOMENTO,IMPRUDENCIA DEL CONDUCTOR,CARLOS CONDELL,BLANCO ENCALADA,BLANCO ENCALADA - CARLOS CONDELL,0,UNIDIRECCIONAL,CONCRETO,BUENO,SECO,DESPEJADO,0,0,0,0,0
-8053754.65373625,-4505098.11539911,1503,1506471,-37.471963,-72.348109,2023/01/21 00:00:00+00,1899/12/30 00:00:00+00,8,REGION BIO BIO,LOS ANGELES,ATROPELLO,ATROPELLO,URBANA,OTROS NO CONSIDERADOS,CONDUCCION NO ATENTO CONDICIONES TRANSITO MOMENTO,IMPRUDENCIA DEL CONDUCTOR,VILLAGRAN, ,- VILLAGRAN,155,UNIDIRECCIONAL,CONCRETO,BUENO,SECO,DESPEJADO,0,1,1,0,0
-8121513.49194823,-4386747.23947084,1504,1504658,-36.623432,-72.956797,2023/01/21 00:00:00+00,1899/12/30 00:00:00+00,8,REGION BIO BIO,TOME,CHOQUE FRENTE/POSTERIOR,CHOQUE,URBANA,CRUCE CON SEÑAL PARE,CONDUCCION NO ATENTO CONDICIONES TRANSITO MOMENTO,IMPRUDENCIA DEL CONDUCTOR,LOS SUSPIROS,LATORRE,LATORRE - LOS SUSPIROS,0,BIDIRECCIONAL,CONCRETO,BUENO,SECO,DESPEJADO,0,0,0,0,0
-8131671.5068026,-4414272.96936949,1505,1505343,-36.821627,-73.048048,2023/01/21 00:00:00+00,1899/12/30 00:00:00+00,8,REGION BIO BIO,CONCEPCION,COLISION POR ALCANCE,COLISION,URBANA,OTROS NO CONSIDERADOS,CONDUCCION SIN MANTENER DISTANCIA RAZONABLE NI PRUDENTE,IMPRUDENCIA DEL CONDUCTOR,LOS CARRERA,TUCAPEL,LOS CARRERA - TUCAPEL,0,BIDIRECCIONAL CON BANDEJON,CONCRETO,BUENO,SECO,DESPEJADO,0,2,2,0,0
-8130942.36413791,-4415367.99631462,1506,1505245,-36.829501,-73.041498,2023/01/21 00:00:00+00,1899/12/30 00:00:00+00,8,REGION BIO BIO,CONCEPCION,CHOQUE,CHOQUE,URBANA,TRAMO DE VIA RECTA,CONDUCCION NO ATENTO CONDICIONES TRANSITO MOMENTO,IMPRUDENCIA DEL CONDUCTOR,OROMPELLO,VICTOR LAMAS,OROMPELLO - VICTOR LAMAS,0,UNIDIRECCIONAL,CONCRETO,BUENO,SECO,DESPEJADO,0,0,0,0,0
-8122155.24881265,-4385941.54317045,1507,1512792,-36.617623,-72.962562,2023/01/21 00:00:00+00,1899/12/30 00:00:00+00,8,REGION BIO BIO,TOME,OTRO TIPO,OTRO TIPO,URBANA,OTROS NO CONSIDERADOS,PASAJERO SUBE O DESCIENDE DE VEHICULO MOVIMIENTO,IMPRUDENCIA DEL PASAJERO,COSTANERA,CARACOL,CARACOL - COSTANERA,0,BIDIRECCIONAL CON BANDEJON,CONCRETO,BUENO,SECO,DESPEJADO,0,1,0,0,1
-8138325.40672579,-4401061.00391413,1508,1506350,-36.72656,-73.107821,2023/01/21 00:00:00+00,1899/12/30 00:00:00+00,8,REGION BIO BIO,TALCAHUANO,CAIDA,CAIDA,URBANA,TRAMO DE VIA RECTA,CONDUCCION NO ATENTO CONDICIONES TRANSITO MOMENTO,IMPRUDENCIA DEL CONDUCTOR,PEREZ GACITUA, ,- PEREZ GACITUA,390,BIDIRECCIONAL CON BANDEJON,CONCRETO,BUENO,SECO,DESPEJADO,0,1,0,0,1
-8139345.09326146,-4400814.20065655,1509,1506009,-36.724783,-73.116981,2023/01/21 00:00:00+00,1899/12/30 00:00:00+00,8,REGION BIO BIO,TALCAHUANO,ATROPELLO,ATROPELLO,URBANA,TRAMO DE VIA RECTA,NO RESPETAR DERECHO PREFERENTE DE PASO A PEATON,IMPRUDENCIA DEL CONDUCTOR,CRISTOBAL COLON, ,- CRISTOBAL COLON,998,BIDIRECCIONAL,CONCRETO,BUENO,SECO,DESPEJADO,0,2,2,0,0
-8164246.70675446,-4506273.30047472,1510,1506177,-37.480341,-73.340676,2023/01/21 00:00:00+00,1899/12/30 00:00:00+00,8,REGION BIO BIO,CURANILAHUE,VOLCADURA,VOLCADURA,URBANA,TRAMO DE VIA RECTA,CONDUCCION NO ATENTO CONDICIONES TRANSITO MOMENTO,IMPRUDENCIA DEL CONDUCTOR,SARGENTO ALDEA,MANUEL BULNES,MANUEL BULNES - SARGENTO ALDEA,0,BIDIRECCIONAL,CONCRETO,BUENO,SECO,DESPEJADO,0,1,0,1,0
-8142957.74469617,-4442483.0018224,1511,1508782,-37.024218,-73.149434,2023/01/22 00:00:00+00,1899/12/30 00:00:00+00,8,REGION BIO BIO,CORONEL,CHOQUE,CHOQUE,URBANA,TRAMO DE VIA RECTA,CONDUCCION BAJO LA INFLUENCIA DEL ALCOHOL,ALCOHOL EN CONDUCTOR,SARGENTO ALDEA,GALVARINO,GALVARINO - SARGENTO ALDEA,0,UNIDIRECCIONAL,ASFALTO,BUENO,SECO,DESPEJADO,0,0,0,0,0
-8131924.42468569,-4412408.45643331,1512,1505345,-36.808218,-73.05032,2023/01/22 00:00:00+00,1899/12/30 00:00:00+00,8,REGION BIO BIO,CONCEPCION,COLISION,COLISION,URBANA,CRUCE CON SEMAFORO FUNCIONANDO,CONDUCCION EN ESTADO DE EBRIEDAD,ALCOHOL EN CONDUCTOR,JUAN DE DIOS RIVERA,JANEQUEO,JANEQUEO - JUAN DE DIOS RIVERA,0,BIDIRECCIONAL,CONCRETO,BUENO,SECO,DESPEJADO,0,2,0,0,2
-8055170.97161761,-4505167.26503867,1513,1506474,-37.472456,-72.360832,2023/01/22 00:00:00+00,1899/12/30 00:00:00+00,8,REGION BIO BIO,LOS ANGELES,COLISION LATERAL,COLISION,URBANA,CRUCE CON SEMAFORO FUNCIONANDO,ADELANTAMIENTO SIN EFECTUAR LA SEÑAL RESPECTIVA,IMPRUDENCIA DEL CONDUCTOR,CAMILO HENRIQUEZ,RICARDO VICUÑA,CAMILO HENRIQUEZ - RICARDO VICUÑA,0,BIDIRECCIONAL,CONCRETO,BUENO,SECO,DESPEJADO,0,0,0,0,0
-8131406.45509503,-4410200.35777308,1514,1505344,-36.792335,-73.045667,2023/01/22 00:00:00+00,1899/12/30 00:00:00+00,8,REGION BIO BIO,CONCEPCION,CHOQUE FRONTAL,CHOQUE,URBANA,TRAMO DE VIA RECTA,CONDUCCION NO ATENTO CONDICIONES TRANSITO MOMENTO,IMPRUDENCIA DEL CONDUCTOR,JOSE TORIBIO MEDINA,ABDON CIFUENTES,ABDON CIFUENTES - JOSE TORIBIO MEDINA,0,BIDIRECCIONAL,CONCRETO,BUENO,SECO,DESPEJADO,0,0,0,0,0
-8051406.36907797,-4504831.76029889,1515,1506486,-37.470064,-72.327014,2023/01/22 00:00:00+00,1899/12/30 00:00:00+00,8,REGION BIO BIO,LOS ANGELES,COLISION,COLISION,URBANA,CRUCE SIN SEÑALIZACION,CONDUCCION NO ATENTO CONDICIONES TRANSITO MOMENTO,IMPRUDENCIA DEL CONDUCTOR,LAS INDUSTRIAS, ,- LAS INDUSTRIAS,507,BIDIRECCIONAL,ASFALTO,BUENO,SECO,DESPEJADO,0,1,0,0,1
-8139660.79533735,-4399607.90516778,1516,1505997,-36.716097,-73.119817,2023/01/22 00:00:00+00,1899/12/30 00:00:00+00,8,REGION BIO BIO,TALCAHUANO,CHOQUE POSTERIOR/FRENTE,CHOQUE,URBANA,TRAMO DE VIA RECTA,CONDUCCION NO ATENTO CONDICIONES TRANSITO MOMENTO,IMPRUDENCIA DEL CONDUCTOR,PRINCIPAL, ,- PRINCIPAL,29,BIDIRECCIONAL,CONCRETO,BUENO,SECO,DESPEJADO,0,0,0,0,0
-8137541.60619112,-4411804.49602269,1517,1504845,-36.803874,-73.10078,2023/01/22 00:00:00+00,1899/12/30 00:00:00+00,8,REGION BIO BIO,HUALPEN,CHOQUE FRENTE/POSTERIOR,CHOQUE,URBANA,TRAMO DE VIA RECTA,CONDUCCION EN ESTADO DE EBRIEDAD,ALCOHOL EN CONDUCTOR,PASAJE DIECISIETE, ,- PASAJE DIECISIETE,5290,BIDIRECCIONAL,CONCRETO,BUENO,SECO,DESPEJADO,0,0,0,0,0
-8163184.27353433,-4473601.62036824,1518,1508310,-37.247072,-73.331132,2023/01/23 00:00:00+00,1899/12/30 00:00:00+00,8,REGION BIO BIO,ARAUCO,COLISION POR ALCANCE,COLISION,URBANA,TRAMO DE VIA RECTA,CONDUCCION NO ATENTO CONDICIONES TRANSITO MOMENTO,IMPRUDENCIA DEL CONDUCTOR,COCHRANE,LAS TORTOLAS,COCHRANE - LAS TORTOLAS,0,BIDIRECCIONAL,CONCRETO,BUENO,SECO,DESPEJADO,0,1,0,0,1
-8132746.07384723,-4408430.09447096,1519,1505261,-36.779599,-73.057701,2023/01/23 00:00:00+00,1899/12/30 00:00:00+00,8,REGION BIO BIO,SAN PEDRO DE LA PAZ,VOLCADURA,VOLCADURA,URBANA,TRAMO DE VIA RECTA,FALLAS MECANICAS DIRECCION,FALLAS MECANICAS,JORGE ALESSANDRI RODRIGUEZ, ,- JORGE ALESSANDRI RODRIGUEZ,142,BIDIRECCIONAL CON BANDEJON,CONCRETO,BUENO,SECO,DESPEJADO,0,0,0,0,0
-8130861.5461876,-4421573.28458153,1520,1506552,-36.874106,-73.040772,2023/01/23 00:00:00+00,1899/12/30 00:00:00+00,8,REGION BIO BIO,CHIGUAYANTE,COLISION POR ALCANCE,COLISION,URBANA,TRAMO DE VIA RECTA,CONDUCCION NO ATENTO CONDICIONES TRANSITO MOMENTO,IMPRUDENCIA DEL CONDUCTOR,CAMINO A CHIGUAYANTE,NAHUELBUTA,CAMINO A CHIGUAYANTE - NAHUELBUTA,0,BIDIRECCIONAL CON BANDEJON,CONCRETO,BUENO,SECO,DESPEJADO,0,0,0,0,0
-8131671.5068026,-4414272.96936949,1521,1505519,-36.821627,-73.048048,2023/01/23 00:00:00+00,1899/12/30 00:00:00+00,8,REGION BIO BIO,CONCEPCION,CHOQUE,CHOQUE,URBANA,CRUCE CON SEMAFORO FUNCIONANDO,FALLAS MECANICAS CARROCERIA,FALLAS MECANICAS,TUCAPEL,LOS CARRERA,LOS CARRERA - TUCAPEL,0,UNIDIRECCIONAL,CONCRETO,BUENO,SECO,DESPEJADO,0,0,0,0,0
-8136404.47759266,-4416698.20095306,1522,1505291,-36.839065,-73.090565,2023/01/23 00:00:00+00,1899/12/30 00:00:00+00,8,REGION BIO BIO,SAN PEDRO DE LA PAZ,CHOQUE FRENTE/POSTERIOR,CHOQUE,URBANA,CRUCE CON SEMAFORO FUNCIONANDO,CONDUCCION NO ATENTO CONDICIONES TRANSITO MOMENTO,IMPRUDENCIA DEL CONDUCTOR,PEDRO AGUIRRE CERDA,PINCHEIRA,PEDRO AGUIRRE CERDA - PINCHEIRA,0,BIDIRECCIONAL CON BANDEJON,CONCRETO,BUENO,SECO,DESPEJADO,0,0,0,0,0
-8132079.38141687,-4415215.98748979,1523,1505529,-36.828408,-73.051712,2023/01/23 00:00:00+00,1899/12/30 00:00:00+00,8,REGION BIO BIO,CONCEPCION,ATROPELLO,ATROPELLO,URBANA,CRUCE CON SEMAFORO FUNCIONANDO,CONDUCCION NO ATENTO CONDICIONES TRANSITO MOMENTO,IMPRUDENCIA DEL CONDUCTOR,RENGO,O'HIGGINS,O'HIGGINS - RENGO,0,UNIDIRECCIONAL,CONCRETO,REGULAR,SECO,DESPEJADO,0,1,1,0,0
-8129831.50693928,-4426161.02962194,1524,1506582,-36.907067,-73.031519,2023/01/23 00:00:00+00,1899/12/30 00:00:00+00,8,REGION BIO BIO,CHIGUAYANTE,CHOQUE FRONTAL,CHOQUE,URBANA,ENLACE A NIVEL,FALLAS MECANICAS NEUMATICOS,FALLAS MECANICAS,COSTANERA,8 ORIENTE,8 ORIENTE - COSTANERA,0,BIDIRECCIONAL CON BANDEJON,CONCRETO,BUENO,SECO,DESPEJADO,0,1,0,0,1
-8128492.44478453,-4413968.01177009,1525,1505510,-36.819434,-73.01949,2023/01/23 00:00:00+00,1899/12/30 00:00:00+00,8,REGION BIO BIO,CONCEPCION,COLISION,COLISION,URBANA,OTROS NO CONSIDERADOS,CONDUCCION NO ATENTO CONDICIONES TRANSITO MOMENTO,IMPRUDENCIA DEL CONDUCTOR,PUCHACAY, ,- PUCHACAY,79,BIDIRECCIONAL,CONCRETO,BUENO,SECO,DESPEJADO,0,0,0,0,0
-8133285.52809962,-4409959.45901549,1526,1505346,-36.790602,-73.062547,2023/01/23 00:00:00+00,1899/12/30 00:00:00+00,8,REGION BIO BIO,TALCAHUANO,COLISION,COLISION,URBANA,TRAMO DE VIA RECTA,CONDUCCION NO ATENTO CONDICIONES TRANSITO MOMENTO,IMPRUDENCIA DEL CONDUCTOR,JORGE ALESSANDRI, ,- JORGE ALESSANDRI,3177,BIDIRECCIONAL CON BANDEJON,CONCRETO,BUENO,SECO,DESPEJADO,0,0,0,0,0
-8139095.96024106,-4398910.93797764,1527,1505699,-36.711078,-73.114743,2023/01/23 00:00:00+00,1899/12/30 00:00:00+00,8,REGION BIO BIO,TALCAHUANO,COLISION LATERAL,COLISION,URBANA,ROTONDA,CONDUCCION CAMBIAR SORPRESIVAMENTE PISTA CIRCULACION,IMPRUDENCIA DEL CONDUCTOR,EL ANCLA, ,- EL ANCLA,425,UNIDIRECCIONAL,CONCRETO,BUENO,SECO,DESPEJADO,0,1,0,0,1
-8125955.02831139,-4404864.74638548,1528,1505672,-36.753942,-72.996696,2023/01/23 00:00:00+00,1899/12/30 00:00:00+00,8,REGION BIO BIO,CONCEPCION,COLISION PERPENDICULAR,COLISION,URBANA,CRUCE CON SEMAFORO FUNCIONANDO,SEÑALIZACION DESOBEDECER LUZ ROJA DE SEMAFORO,DESOBEDIENCIA A SEÑALIZACION,LOS NARANJOS, ,- LOS NARANJOS,450,BIDIRECCIONAL CON BANDEJON,CONCRETO,BUENO,SECO,DESPEJADO,0,2,0,0,2
-8137433.62628505,-4409687.42928909,1529,1504908,-36.788645,-73.09981,2023/01/23 00:00:00+00,1899/12/30 00:00:00+00,8,REGION BIO BIO,HUALPEN,VOLCADURA,VOLCADURA,URBANA,TRAMO DE VIA RECTA,VELOCIDAD MAYOR QUE MAXIMA PERMITIDA,VELOCIDAD IMPRUDENTE,LA RECONQUISTA, ,- LA RECONQUISTA,3850,BIDIRECCIONAL,CONCRETO,BUENO,SECO,DESPEJADO,0,1,0,0,1
-8137021.96680809,-4408547.12069821,1530,1504953,-36.780441,-73.096112,2023/01/23 00:00:00+00,1899/12/30 00:00:00+00,8,REGION BIO BIO,HUALPEN,CHOQUE FRENTE/POSTERIOR,CHOQUE,URBANA,CRUCE CON SEMAFORO FUNCIONANDO,CONDUCCION NO ATENTO CONDICIONES TRANSITO MOMENTO,IMPRUDENCIA DEL CONDUCTOR,LAS GOLONDRINAS,SUECIA,LAS GOLONDRINAS - SUECIA,0,BIDIRECCIONAL CON BANDEJON,CONCRETO,BUENO,SECO,DESPEJADO,0,1,0,0,1
-8140297.65414418,-4404534.77194,1531,1505979,-36.751567,-73.125538,2023/01/23 00:00:00+00,1899/12/30 00:00:00+00,8,REGION BIO BIO,TALCAHUANO,COLISION POR ALCANCE,COLISION,URBANA,TRAMO DE VIA RECTA,ADELANTAMIENTO SIN EL ESPACIO O TIEMPO SUFICIENTE,IMPRUDENCIA DEL CONDUCTOR,GRAN BRETAÑA, ,- GRAN BRETAÑA,2910,BIDIRECCIONAL CON BANDEJON,CONCRETO,BUENO,SECO,DESPEJADO,0,0,0,0,0
-8164983.08518606,-4505195.31776083,1532,1506393,-37.472656,-73.347291,2023/01/23 00:00:00+00,1899/12/30 00:00:00+00,8,REGION BIO BIO,CURANILAHUE,COLISION LATERAL,COLISION,URBANA,OTROS NO CONSIDERADOS,CONDUCCION NO ATENTO CONDICIONES TRANSITO MOMENTO,IMPRUDENCIA DEL CONDUCTOR,BERNARDO O'HIGGINS, ,- BERNARDO O'HIGGINS,101,BIDIRECCIONAL,CONCRETO,BUENO,SECO,DESPEJADO,0,0,0,0,0
-8138710.01556648,-4399274.34395983,1533,1507343,-36.713695,-73.111276,2023/01/23 00:00:00+00,1899/12/30 00:00:00+00,8,REGION BIO BIO,TALCAHUANO,CHOQUE FRONTAL,CHOQUE,URBANA,TRAMO DE VIA RECTA,"VELOCIDAD NO REDUCIR CRUCE DE CALLES, CUMBRE, CURVA, ETC.",VELOCIDAD IMPRUDENTE,BLANCO ENCALADA, ,- BLANCO ENCALADA,521,BIDIRECCIONAL CON BANDEJON,CONCRETO,BUENO,SECO,DESPEJADO,0,1,0,0,1
-8137865.99118729,-4417785.40932119,1534,1505318,-36.846881,-73.103694,2023/01/23 00:00:00+00,1899/12/30 00:00:00+00,8,REGION BIO BIO,SAN PEDRO DE LA PAZ,CHOQUE FRENTE/POSTERIOR,CHOQUE,URBANA,CRUCE CON SEÑAL CEDA EL PASO,CONDUCCION EN ESTADO DE EBRIEDAD,ALCOHOL EN CONDUCTOR,LOS FRESNOS,LOS NOGALES,LOS FRESNOS - LOS NOGALES,0,BIDIRECCIONAL,CONCRETO,BUENO,SECO,DESPEJADO,0,0,0,0,0
-8164924.86509237,-4505300.79666791,1535,1506364,-37.473408,-73.346768,2023/01/23 00:00:00+00,1899/12/30 00:00:00+00,8,REGION BIO BIO,CURANILAHUE,CHOQUE FRONTAL,CHOQUE,URBANA,TRAMO DE VIA RECTA,CONDUCCION EN ESTADO DE EBRIEDAD,ALCOHOL EN CONDUCTOR,BERNARDO O'HIGGINS,LOMA BAJA,BERNARDO O'HIGGINS - LOMA BAJA,0,BIDIRECCIONAL,MIXTO,MALO,MOJADO,LLUVIA,0,2,0,0,2
-8131440.6301787,-4412803.19032725,1536,1505626,-36.811057,-73.045974,2023/01/24 00:00:00+00,1899/12/30 00:00:00+00,8,REGION BIO BIO,CONCEPCION,COLISION FRONTAL,COLISION,URBANA,CRUCE SIN SEÑALIZACION,CONDUCCION NO ATENTO CONDICIONES TRANSITO MOMENTO,IMPRUDENCIA DEL CONDUCTOR,BANDERA,VICUÑA MACKENNA,BANDERA - VICUÑA MACKENNA,0,BIDIRECCIONAL,CONCRETO,BUENO,SECO,DESPEJADO,0,0,0,0,0
-8131023.07076874,-4414603.94099381,1537,1505580,-36.824007,-73.042223,2023/01/24 00:00:00+00,1899/12/30 00:00:00+00,8,REGION BIO BIO,CONCEPCION,CAIDA,CAIDA,URBANA,TRAMO DE VIA RECTA,PASAJERO SUBE O DESCIENDE DE VEHICULO MOVIMIENTO,IMPRUDENCIA DEL PASAJERO,PAICAVI, ,- PAICAVI,427,BIDIRECCIONAL CON BANDEJON,CONCRETO,BUENO,SECO,DESPEJADO,0,1,0,0,1
-8126082.48912835,-4402856.8536085,1538,1507926,-36.739489,-72.997841,2023/01/24 00:00:00+00,1899/12/30 00:00:00+00,8,REGION BIO BIO,PENCO,ATROPELLO,ATROPELLO,URBANA,TRAMO DE VIA RECTA,CONDUCCION NO ATENTO CONDICIONES TRANSITO MOMENTO,IMPRUDENCIA DEL CONDUCTOR,LAS HERAS, ,- LAS HERAS,115,UNIDIRECCIONAL,ASFALTO,BUENO,SECO,DESPEJADO,0,1,1,0,0
-8131777.26031886,-4414753.15971877,1539,1505715,-36.82508,-73.048998,2023/01/24 00:00:00+00,1899/12/30 00:00:00+00,8,REGION BIO BIO,CONCEPCION,ATROPELLO,ATROPELLO,URBANA,ACERA O BERMA,IMPRUDENCIA DEL PEATON,IMPRUDENCIA DEL PEATON,COLO COLO, ,- COLO COLO,576,UNIDIRECCIONAL,CONCRETO,MALO,SECO,DESPEJADO,0,1,1,0,0
-8129130.52810576,-4411745.13067706,1540,1506077,-36.803447,-73.025222,2023/01/24 00:00:00+00,1899/12/30 00:00:00+00,8,REGION BIO BIO,CONCEPCION,COLISION,COLISION,URBANA,CRUCE CON SEMAFORO FUNCIONANDO,CONDUCCION CONTRA SENTIDO DEL TRANSITO,IMPRUDENCIA DEL CONDUCTOR,PASAJE SIETE,CAMINO A PENCO,CAMINO A PENCO - PASAJE SIETE,0,BIDIRECCIONAL CON BANDEJON,CONCRETO,BUENO,SECO,DESPEJADO,0,0,0,0,0
-8170961.83239758,-4551776.29881825,1541,1507823,-37.804013,-73.400999,2023/01/24 00:00:00+00,1899/12/30 00:00:00+00,8,REGION BIO BIO,CAÑETE,CHOQUE,CHOQUE,URBANA,TRAMO DE VIA RECTA,CONDUCCION NO ATENTO CONDICIONES TRANSITO MOMENTO,IMPRUDENCIA DEL CONDUCTOR,SAAVEDRA,ORELLA,ORELLA - SAAVEDRA,0,BIDIRECCIONAL,CONCRETO,BUENO,SECO,DESPEJADO,0,0,0,0,0
-8133809.95422074,-4413453.92838476,1542,1505670,-36.815737,-73.067258,2023/01/24 00:00:00+00,1899/12/30 00:00:00+00,8,REGION BIO BIO,CONCEPCION,COLISION PERPENDICULAR,COLISION,URBANA,CRUCE CON SEMAFORO FUNCIONANDO,SEÑALIZACION DESOBEDECER LUZ ROJA DE SEMAFORO,DESOBEDIENCIA A SEÑALIZACION,21 DE MAYO,ARGOMEDO,21 DE MAYO - ARGOMEDO,0,BIDIRECCIONAL CON BANDEJON,CONCRETO,BUENO,SECO,DESPEJADO,0,0,0,0,0
-8130397.45523048,-4414566.25420971,1543,1506089,-36.823736,-73.036603,2023/01/24 00:00:00+00,1899/12/30 00:00:00+00,8,REGION BIO BIO,CONCEPCION,CHOQUE,CHOQUE,URBANA,CRUCE CON SEMAFORO FUNCIONANDO,CONDUCCION NO ATENTO CONDICIONES TRANSITO MOMENTO,IMPRUDENCIA DEL CONDUCTOR,SAN MARTIN,ROOSEVELT,ROOSEVELT - SAN MARTIN,0,BIDIRECCIONAL CON BANDEJON,CONCRETO,BUENO,SECO,DESPEJADO,0,0,0,0,0
-8138614.94872134,-4401035.86499809,1544,1505732,-36.726379,-73.110422,2023/01/24 00:00:00+00,1899/12/30 00:00:00+00,8,REGION BIO BIO,HUALPEN,CHOQUE POSTERIOR/FRENTE,CHOQUE,URBANA,ROTONDA,CONDUCCION NO ATENTO CONDICIONES TRANSITO MOMENTO,IMPRUDENCIA DEL CONDUCTOR,CRISTOBAL COLON,O'HIGGINS,CRISTOBAL COLON - O'HIGGINS,0,BIDIRECCIONAL,CONCRETO,REGULAR,SECO,DESPEJADO,0,0,0,0,0
-8138562.73988017,-4409413.73853343,1545,1505123,-36.786676,-73.109953,2023/01/24 00:00:00+00,1899/12/30 00:00:00+00,8,REGION BIO BIO,HUALPEN,CHOQUE FRENTE/LADO,CHOQUE,URBANA,TRAMO DE VIA RECTA,CONDUCCION SIN MANTENER DISTANCIA RAZONABLE NI PRUDENTE,IMPRUDENCIA DEL CONDUCTOR,LAS GOLONDRINAS, ,- LAS GOLONDRINAS,1381,BIDIRECCIONAL CON BANDEJON,CONCRETO,BUENO,SECO,DESPEJADO,0,0,0,0,0
-8053798.62493512,-4504259.65971332,1546,1506542,-37.465985,-72.348504,2023/01/24 00:00:00+00,1899/12/30 00:00:00+00,8,REGION BIO BIO,LOS ANGELES,CHOQUE POSTERIOR/FRENTE,CHOQUE,URBANA,TRAMO DE VIA RECTA,CONDUCCION NO ATENTO CONDICIONES TRANSITO MOMENTO,IMPRUDENCIA DEL CONDUCTOR,VILLAGRAN, ,- VILLAGRAN,626,UNIDIRECCIONAL,CONCRETO,BUENO,SECO,DESPEJADO,0,0,0,0,0
-8054190.69218169,-4504140.72730097,1547,1506541,-37.465137,-72.352026,2023/01/24 00:00:00+00,1899/12/30 00:00:00+00,8,REGION BIO BIO,LOS ANGELES,CHOQUE POSTERIOR/POSTERIOR,CHOQUE,URBANA,TRAMO DE VIA RECTA,CONDUCCION NO ATENTO CONDICIONES TRANSITO MOMENTO,IMPRUDENCIA DEL CONDUCTOR,VALDIVIA,LIENTUR,LIENTUR - VALDIVIA,0,BIDIRECCIONAL,MIXTO,BUENO,SECO,DESPEJADO,0,0,0,0,0
-8139779.79587301,-4399765.38523231,1548,1507345,-36.717231,-73.120886,2023/01/24 00:00:00+00,1899/12/30 00:00:00+00,8,REGION BIO BIO,TALCAHUANO,CHOQUE POSTERIOR/FRENTE,CHOQUE,URBANA,TRAMO DE VIA RECTA,CONDUCCION CONTRA SENTIDO DEL TRANSITO,IMPRUDENCIA DEL CONDUCTOR,PRINCIPAL, ,- PRINCIPAL,180,BIDIRECCIONAL,CONCRETO,BUENO,SECO,DESPEJADO,0,0,0,0,0
-8131287.89983733,-4414870.53360642,1549,1505315,-36.825924,-73.044602,2023/01/24 00:00:00+00,1899/12/30 00:00:00+00,8,REGION BIO BIO,SAN PEDRO DE LA PAZ,COLISION LATERAL,COLISION,URBANA,TRAMO DE VIA RECTA,CONDUCCION CAMBIAR SORPRESIVAMENTE PISTA CIRCULACION,IMPRUDENCIA DEL CONDUCTOR,PEDRO AGUIRRE CERDA, ,- PEDRO AGUIRRE CERDA,1055,BIDIRECCIONAL CON BANDEJON,CONCRETO,BUENO,SECO,DESPEJADO,0,0,0,0,0
-8128676.34458332,-4430094.36345455,1550,1505676,-36.935315,-73.021142,2023/01/24 00:00:00+00,1899/12/30 00:00:00+00,8,REGION BIO BIO,CHIGUAYANTE,COLISION,COLISION,URBANA,CRUCE CON SEMAFORO FUNCIONANDO,SEÑALIZACION DESOBEDECER LUZ ROJA DE SEMAFORO,DESOBEDIENCIA A SEÑALIZACION,ENRIQUE VAN RYSELBERGUE,RAFAEL SOTOMAYOR,ENRIQUE VAN RYSELBERGUE - RAFAEL SOTOMAYOR,0,BIDIRECCIONAL CON BANDEJON,CONCRETO,BUENO,SECO,DESPEJADO,0,0,0,0,0