X,Y,FID,Idaccident,Latitude,Longitude,Fecha,Hora,Cód_Regi,Región,Comuna,Tipo_Accid,Tipo__CONA,Zona,Ubicación,Causa,Causa__CON,Calle_Uno,Calle_Dos,Intersecci,Número,Calzada,Tipo_Calza,Estado_Cal,Condición,Estado_Atm,Fallecidos,Lesionados,Graves,Menos_Grav,Leves
-8051254.41797304,-4503715.21837249,1551,1506525,-37.462103,-72.325649,2023/01/24 00:00:00+00,1899/12/30 00:00:00+00,8,REGION BIO BIO,LOS ANGELES,ATROPELLO,ATROPELLO,URBANA,CRUCE CON SEMAFORO FUNCIONANDO,HECHO DELICTUAL,OTRAS CAUSAS,LAS INDUSTRIAS, ,- LAS INDUSTRIAS,1398,BIDIRECCIONAL,ASFALTO,BUENO,SECO,DESPEJADO,0,1,1,0,0
-8135826.61811596,-4416730.88791605,1552,1505646,-36.8393,-73.085374,2023/01/24 00:00:00+00,1899/12/30 00:00:00+00,8,REGION BIO BIO,SAN PEDRO DE LA PAZ,COLISION,COLISION,URBANA,CRUCE CON SEMAFORO FUNCIONANDO,CONDUCCION CAMBIAR SORPRESIVAMENTE PISTA CIRCULACION,IMPRUDENCIA DEL CONDUCTOR,PEDRO AGUIRRE CERDA,SAN PEDRO,PEDRO AGUIRRE CERDA - SAN PEDRO,0,BIDIRECCIONAL CON BANDEJON,CONCRETO,BUENO,SECO,DESPEJADO,0,0,0,0,0
-8132746.07384723,-4408430.09447096,1553,1505271,-36.779599,-73.057701,2023/01/24 00:00:00+00,1899/12/30 00:00:00+00,8,REGION BIO BIO,SAN PEDRO DE LA PAZ,COLISION POR ALCANCE,COLISION,URBANA,TRAMO DE VIA RECTA,CONDUCCION NO ATENTO CONDICIONES TRANSITO MOMENTO,IMPRUDENCIA DEL CONDUCTOR,JORGE ALESSANDRI RODRIGUEZ, ,- JORGE ALESSANDRI RODRIGUEZ,142,BIDIRECCIONAL CON BANDEJON,CONCRETO,BUENO,SECO,DESPEJADO,0,0,0,0,0
-8198421.45646952,-4524282.96749173,1554,1507036,-37.608616,-73.647673,2023/01/24 00:00:00+00,1899/12/30 00:00:00+00,8,REGION BIO BIO,LEBU,CHOQUE FRONTAL,CHOQUE,URBANA,TRAMO DE VIA RECTA,NO RESPETAR DERECHO PREFERENTE DE PASO A VEHICULO,IMPRUDENCIA DEL CONDUCTOR,LEPIÑANCO,TEGUALDA,LEPIÑANCO - TEGUALDA,0,BIDIRECCIONAL,ASFALTO,BUENO,SECO,DESPEJADO,0,0,0,0,0
-8042752.3918637,-4540258.65290833,1555,1505372,-37.722219,-72.249274,2023/01/24 00:00:00+00,1899/12/30 00:00:00+00,8,REGION BIO BIO,MULCHEN,CHOQUE,CHOQUE,URBANA,CRUCE CON SEÑAL CEDA EL PASO,CONDUCCION NO ATENTO CONDICIONES TRANSITO MOMENTO,IMPRUDENCIA DEL CONDUCTOR,ECKERS,AMUNATEGUI,AMUNATEGUI - ECKERS,0,UNIDIRECCIONAL,CONCRETO,BUENO,SECO,DESPEJADO,0,0,0,0,0
-8091267.09574377,-4509924.53693052,1556,1506667,-37.506365,-72.685089,2023/01/24 00:00:00+00,1899/12/30 00:00:00+00,8,REGION BIO BIO,NACIMIENTO,ATROPELLO,ATROPELLO,URBANA,CRUCE SIN SEÑALIZACION,CONDUCCION NO ATENTO CONDICIONES TRANSITO MOMENTO,IMPRUDENCIA DEL CONDUCTOR,TOLINDOR VALDEBENITO,INGO YUNGE,INGO YUNGE - TOLINDOR VALDEBENITO,0,BIDIRECCIONAL,ASFALTO,BUENO,SECO,DESPEJADO,0,1,0,0,1
-8139038.51938381,-4417084.46990964,1557,1505729,-36.841842,-73.114227,2023/01/25 00:00:00+00,1899/12/30 00:00:00+00,8,REGION BIO BIO,SAN PEDRO DE LA PAZ,COLISION LATERAL,COLISION,URBANA,CRUCE CON SEÑAL PARE,ADELANTAMIENTO SIN EL ESPACIO O TIEMPO SUFICIENTE,IMPRUDENCIA DEL CONDUCTOR,LOS AVELLANOS,LOS BOLDOS,LOS AVELLANOS - LOS BOLDOS,0,BIDIRECCIONAL,CONCRETO,BUENO,SECO,DESPEJADO,0,1,0,0,1
-8052146.08709429,-4506826.15153123,1558,1506559,-37.484282,-72.333659,2023/01/25 00:00:00+00,1899/12/30 00:00:00+00,8,REGION BIO BIO,LOS ANGELES,CHOQUE FRENTE/POSTERIOR,CHOQUE,URBANA,CRUCE CON SEÑAL CEDA EL PASO,CONDUCCION NO ATENTO CONDICIONES TRANSITO MOMENTO,IMPRUDENCIA DEL CONDUCTOR,FRANCISCO ENCINA,LOS OMAHUACAS,FRANCISCO ENCINA - LOS OMAHUACAS,0,BIDIRECCIONAL CON BANDEJON,CONCRETO,BUENO,HUMEDO,DESPEJADO,0,1,0,0,1
-8131440.6301787,-4412803.19032725,1559,1505733,-36.811057,-73.045974,2023/01/25 00:00:00+00,1899/12/30 00:00:00+00,8,REGION BIO BIO,CONCEPCION,CHOQUE FRENTE/POSTERIOR,CHOQUE,URBANA,TRAMO DE VIA RECTA,CARGA ESCURRE A LA CALZADA,IMPRUDENCIA DEL CONDUCTOR,ALONSO DE RIBERA,VICUÑA MACKENNA,ALONSO DE RIBERA - VICUÑA MACKENNA,0,BIDIRECCIONAL CON BANDEJON,CONCRETO,BUENO,SECO,DESPEJADO,0,0,0,0,0
-8091989.33660004,-4508466.78000925,1560,1506707,-37.495976,-72.691577,2023/01/25 00:00:00+00,1899/12/30 00:00:00+00,8,REGION BIO BIO,NACIMIENTO,CHOQUE,CHOQUE,URBANA,TRAMO DE VIA RECTA,CONDUCCION NO ATENTO CONDICIONES TRANSITO MOMENTO,IMPRUDENCIA DEL CONDUCTOR,ROMA, ,- ROMA,1066,BIDIRECCIONAL,ASFALTO,BUENO,SECO,DESPEJADO,0,0,0,0,0
-8121359.42577297,-4385777.33226392,1561,1505629,-36.616439,-72.955413,2023/01/25 00:00:00+00,1899/12/30 00:00:00+00,8,REGION BIO BIO,TOME,COLISION LATERAL,COLISION,URBANA,CRUCE CON SEÑAL CEDA EL PASO,CONDUCCION NO ATENTO CONDICIONES TRANSITO MOMENTO,IMPRUDENCIA DEL CONDUCTOR,NOGUEIRA,O'HIGGINS,NOGUEIRA - O'HIGGINS,0,BIDIRECCIONAL,CONCRETO,BUENO,SECO,DESPEJADO,0,0,0,0,0
-8133353.32166951,-4416119.03244339,1562,1506115,-36.834901,-73.063156,2023/01/25 00:00:00+00,1899/12/30 00:00:00+00,8,REGION BIO BIO,CONCEPCION,VOLCADURA,VOLCADURA,URBANA,ENLACE A NIVEL,"CONDICIONES FISICAS DEFICIENTES (CANSANCIO, SUEÑO)",DROGAS Y/O FATIGA EN CONDUCTOR,PUENTE CHACABUCO,COSTANERA,COSTANERA - PUENTE CHACABUCO,0,UNIDIRECCIONAL,CONCRETO,MALO,OTROS,DESPEJADO,0,1,0,0,1
-8136992.68978202,-4417426.1008123,1563,1509582,-36.844298,-73.095849,2023/01/25 00:00:00+00,1899/12/30 00:00:00+00,8,REGION BIO BIO,SAN PEDRO DE LA PAZ,CHOQUE FRONTAL,CHOQUE,URBANA,TRAMO DE VIA RECTA,CONDUCCION NO ATENTO CONDICIONES TRANSITO MOMENTO,IMPRUDENCIA DEL CONDUCTOR,MICHIMALONCO, ,- MICHIMALONCO,1249,BIDIRECCIONAL CON BANDEJON,CONCRETO,BUENO,SECO,DESPEJADO,0,1,0,0,1
-8132207.95542874,-4412222.00919749,1564,1506246,-36.806877,-73.052867,2023/01/25 00:00:00+00,1899/12/30 00:00:00+00,8,REGION BIO BIO,CONCEPCION,CHOQUE FRONTAL,CHOQUE,URBANA,CRUCE CON SEMAFORO FUNCIONANDO,CONDUCCION NO ATENTO CONDICIONES TRANSITO MOMENTO,IMPRUDENCIA DEL CONDUCTOR,PAICAVI,MANUEL GUTIERREZ,MANUEL GUTIERREZ - PAICAVI,0,BIDIRECCIONAL CON BANDEJON,CONCRETO,BUENO,SECO,DESPEJADO,0,0,0,0,0
-8151654.80255338,-4581683.07292058,1565,1507842,-38.015977,-73.227561,2023/01/25 00:00:00+00,1899/12/30 00:00:00+00,8,REGION BIO BIO,CONTULMO,ATROPELLO,ATROPELLO,URBANA,TRAMO DE VIA RECTA,IMPRUDENCIA DEL PEATON,IMPRUDENCIA DEL PEATON,LOS TILOS, ,- LOS TILOS,552,UNIDIRECCIONAL,ASFALTO,BUENO,SECO,DESPEJADO,0,1,0,0,1
-8008575.74971729,-4472715.7533338,1566,1506555,-37.240737,-71.94226,2023/01/25 00:00:00+00,1899/12/30 00:00:00+00,8,REGION BIO BIO,TUCAPEL,ATROPELLO,ATROPELLO,URBANA,CRUCE CON SEÑAL PARE,CONDUCCION NO ATENTO CONDICIONES TRANSITO MOMENTO,IMPRUDENCIA DEL CONDUCTOR,ARTURO PRAT,12 DE FEBRERO,12 DE FEBRERO - ARTURO PRAT,0,UNIDIRECCIONAL,ASFALTO,BUENO,SECO,DESPEJADO,0,2,0,0,2
-8007693.87671123,-4472610.46106692,1567,1506550,-37.239984,-71.934338,2023/01/25 00:00:00+00,1899/12/30 00:00:00+00,8,REGION BIO BIO,TUCAPEL,CHOQUE LADO/LADO,CHOQUE,URBANA,TRAMO DE VIA RECTA,CONDUCCION NO ATENTO CONDICIONES TRANSITO MOMENTO,IMPRUDENCIA DEL CONDUCTOR,ROBERTO GOMEZ, ,- ROBERTO GOMEZ,68,UNIDIRECCIONAL,ASFALTO,BUENO,SECO,DESPEJADO,0,0,0,0,0
-8129284.81692,-4431264.70296241,1568,1506602,-36.943718,-73.026608,2023/01/26 00:00:00+00,1899/12/30 00:00:00+00,8,REGION BIO BIO,CHIGUAYANTE,COLISION PERPENDICULAR,COLISION,URBANA,CRUCE SIN SEÑALIZACION,CONDUCCION NO ATENTO CONDICIONES TRANSITO MOMENTO,IMPRUDENCIA DEL CONDUCTOR,LAS VIOLETAS,MANQUIMAVIDA,LAS VIOLETAS - MANQUIMAVIDA,0,BIDIRECCIONAL,CONCRETO,BUENO,SECO,DESPEJADO,0,0,0,0,0
-8088080.01872236,-4510527.68021256,1569,1506718,-37.510663,-72.656459,2023/01/26 00:00:00+00,1899/12/30 00:00:00+00,8,REGION BIO BIO,NACIMIENTO,COLISION FRONTAL,COLISION,URBANA,TRAMO DE VIA RECTA,VIRAJES INDEBIDOS,IMPRUDENCIA DEL CONDUCTOR,JULIO HEMMELMANN,LOS CARRERA,JULIO HEMMELMANN - LOS CARRERA,0,BIDIRECCIONAL,ASFALTO,BUENO,SECO,DESPEJADO,0,3,0,1,2
-8054341.7527307,-4506392.95848191,1570,1506606,-37.481194,-72.353383,2023/01/26 00:00:00+00,1899/12/30 00:00:00+00,8,REGION BIO BIO,LOS ANGELES,COLISION LATERAL,COLISION,URBANA,CRUCE CON SEMAFORO FUNCIONANDO,CONDUCCION EN ESTADO DE EBRIEDAD,ALCOHOL EN CONDUCTOR,VICUÑA MACKENNA,SAN MARTIN,SAN MARTIN - VICUÑA MACKENNA,0,BIDIRECCIONAL,ASFALTO,BUENO,SECO,DESPEJADO,1,3,1,1,1
-8125307.92811141,-4403298.46588823,1571,1507937,-36.742668,-72.990883,2023/01/26 00:00:00+00,1899/12/30 00:00:00+00,8,REGION BIO BIO,PENCO,COLISION LATERAL,COLISION,URBANA,TRAMO DE VIA RECTA,CONDUCCION NO ATENTO CONDICIONES TRANSITO MOMENTO,IMPRUDENCIA DEL CONDUCTOR,MAIPU, ,- MAIPU,759,UNIDIRECCIONAL,ASFALTO,BUENO,SECO,DESPEJADO,0,0,0,0,0
-8142647.27463635,-4438790.24373845,1572,1508831,-36.997729,-73.146645,2023/01/26 00:00:00+00,1899/12/30 00:00:00+00,8,REGION BIO BIO,CORONEL,ATROPELLO,ATROPELLO,URBANA,OTROS NO CONSIDERADOS,CONDUCCION NO ATENTO CONDICIONES TRANSITO MOMENTO,IMPRUDENCIA DEL CONDUCTOR,MINERO DELFIN SEGUNDO FIGUEROA, ,- MINERO DELFIN SEGUNDO FIGUEROA,1747,BIDIRECCIONAL,CONCRETO,BUENO,SECO,DESPEJADO,0,1,0,0,1
-8134766.63392462,-4412596.85348955,1573,1505737,-36.809573,-73.075852,2023/01/26 00:00:00+00,1899/12/30 00:00:00+00,8,REGION BIO BIO,CONCEPCION,COLISION LATERAL,COLISION,URBANA,CRUCE CON SEMAFORO FUNCIONANDO,CONDUCCION NO ATENTO CONDICIONES TRANSITO MOMENTO,IMPRUDENCIA DEL CONDUCTOR,21 DE MAYO,IV CENTENARIO,21 DE MAYO - IV CENTENARIO,0,BIDIRECCIONAL CON BANDEJON,CONCRETO,BUENO,SECO,DESPEJADO,0,1,0,0,1
-8132789.26580966,-4415221.55044601,1574,1506319,-36.828448,-73.058089,2023/01/26 00:00:00+00,1899/12/30 00:00:00+00,8,REGION BIO BIO,CONCEPCION,ATROPELLO,ATROPELLO,URBANA,CRUCE CON SEMAFORO FUNCIONANDO,IMPRUDENCIA DEL PEATON,IMPRUDENCIA DEL PEATON,SERRANO,FREIRE,FREIRE - SERRANO,0,UNIDIRECCIONAL,CONCRETO,BUENO,SECO,DESPEJADO,0,1,0,0,1
-8129751.24558642,-4413290.54489708,1575,1506424,-36.814562,-73.030798,2023/01/26 00:00:00+00,1899/12/30 00:00:00+00,8,REGION BIO BIO,CONCEPCION,COLISION,COLISION,URBANA,CRUCE CON SEMAFORO FUNCIONANDO,SEÑALIZACION DESOBEDECER OTRA,DESOBEDIENCIA A SEÑALIZACION,COLLAO,LOS CARRERA,COLLAO - LOS CARRERA,0,BIDIRECCIONAL CON BANDEJON,CONCRETO,BUENO,SECO,DESPEJADO,0,0,0,0,0
-8055378.13718998,-4505701.54203157,1576,1506566,-37.476265,-72.362693,2023/01/26 00:00:00+00,1899/12/30 00:00:00+00,8,REGION BIO BIO,LOS ANGELES,ATROPELLO,ATROPELLO,URBANA,CRUCE CON SEÑAL PARE,CONDUCCION NO ATENTO CONDICIONES TRANSITO MOMENTO,IMPRUDENCIA DEL CONDUCTOR,PATRICIO LYNCH,ALCAZAR,ALCAZAR - PATRICIO LYNCH,0,UNIDIRECCIONAL,ASFALTO,BUENO,SECO,DESPEJADO,0,1,0,0,1
-8137432.29045116,-4402590.83931036,1577,1507351,-36.737574,-73.099798,2023/01/26 00:00:00+00,1899/12/30 00:00:00+00,8,REGION BIO BIO,TALCAHUANO,CHOQUE LADO/LADO,CHOQUE,URBANA,TRAMO DE VIA RECTA,CONDUCCION NO ATENTO CONDICIONES TRANSITO MOMENTO,IMPRUDENCIA DEL CONDUCTOR,BUZO SOBENES, ,- BUZO SOBENES,145,BIDIRECCIONAL,CONCRETO,BUENO,SECO,DESPEJADO,0,0,0,0,0
-8170668.06026138,-4551080.74438921,1578,1507858,-37.799076,-73.39836,2023/01/26 00:00:00+00,1899/12/30 00:00:00+00,8,REGION BIO BIO,CAÑETE,COLISION,COLISION,URBANA,TRAMO DE VIA RECTA,CONDUCCION NO ATENTO CONDICIONES TRANSITO MOMENTO,IMPRUDENCIA DEL CONDUCTOR,VILLAGRAN, ,- VILLAGRAN,911,UNIDIRECCIONAL,ASFALTO,BUENO,SECO,DESPEJADO,0,0,0,0,0
-8139085.16225046,-4407329.94400236,1579,1506303,-36.771683,-73.114646,2023/01/26 00:00:00+00,1899/12/30 00:00:00+00,8,REGION BIO BIO,HUALPEN,COLISION,COLISION,URBANA,ROTONDA,CONDUCCION NO ATENTO CONDICIONES TRANSITO MOMENTO,IMPRUDENCIA DEL CONDUCTOR,COSTANERA,GRAN BRETAÑA,COSTANERA - GRAN BRETAÑA,0,UNIDIRECCIONAL,CONCRETO,BUENO,SECO,DESPEJADO,0,0,0,0,0
-8139085.16225046,-4407329.94400236,1580,1505564,-36.771683,-73.114646,2023/01/26 00:00:00+00,1899/12/30 00:00:00+00,8,REGION BIO BIO,HUALPEN,COLISION,COLISION,URBANA,ROTONDA,SEÑALIZACION DESOBEDECER SEÑAL CEDA EL PASO,DESOBEDIENCIA A SEÑALIZACION,COSTANERA,GRAN BRETAÑA,COSTANERA - GRAN BRETAÑA,0,BIDIRECCIONAL CON BANDEJON,CONCRETO,BUENO,SECO,DESPEJADO,0,0,0,0,0
-8129845.42187563,-4413529.01610537,1581,1506408,-36.816277,-73.031644,2023/01/26 00:00:00+00,1899/12/30 00:00:00+00,8,REGION BIO BIO,CONCEPCION,VOLCADURA,VOLCADURA,URBANA,TRAMO DE VIA RECTA,CONDUCCION CAMBIAR SORPRESIVAMENTE PISTA CIRCULACION,IMPRUDENCIA DEL CONDUCTOR,MAIPU, ,- MAIPU,2120,BIDIRECCIONAL,CONCRETO,BUENO,SECO,DESPEJADO,0,0,0,0,0
-8131684.19722456,-4415025.04078068,1582,1506356,-36.827035,-73.048162,2023/01/26 00:00:00+00,1899/12/30 00:00:00+00,8,REGION BIO BIO,CONCEPCION,ATROPELLO,ATROPELLO,URBANA,TRAMO DE VIA RECTA,PEATON CRUZA CALZADA FORMA SORPRESIVA O DESCUIDADA,IMPRUDENCIA DEL PEATON,O'HIGGINS, ,- O'HIGGINS,780,UNIDIRECCIONAL,CONCRETO,REGULAR,SECO,DESPEJADO,0,1,1,0,0
-8135793.33358821,-4410930.17665404,1583,1506598,-36.797585,-73.085075,2023/01/26 00:00:00+00,1899/12/30 00:00:00+00,8,REGION BIO BIO,HUALPEN,COLISION,COLISION,URBANA,TRAMO DE VIA RECTA,CONDUCCION NO ATENTO CONDICIONES TRANSITO MOMENTO,IMPRUDENCIA DEL CONDUCTOR,CRISTOBAL COLON, ,- CRISTOBAL COLON,8831,BIDIRECCIONAL CON BANDEJON,CONCRETO,BUENO,SECO,DESPEJADO,0,0,0,0,0
-8046945.79708188,-4449430.22541634,1584,1507019,-37.074027,-72.286944,2023/01/27 00:00:00+00,1899/12/30 00:00:00+00,8,REGION BIO BIO,CABRERO,COLISION LATERAL,COLISION,URBANA,TRAMO DE VIA RECTA,CONDUCCION NO ATENTO CONDICIONES TRANSITO MOMENTO,IMPRUDENCIA DEL CONDUCTOR,EL PROGRESO, ,- EL PROGRESO,150,BIDIRECCIONAL,ASFALTO,BUENO,SECO,DESPEJADO,0,3,1,0,2
-8138562.73988017,-4409413.73853343,1585,1505955,-36.786676,-73.109953,2023/01/27 00:00:00+00,1899/12/30 00:00:00+00,8,REGION BIO BIO,HUALPEN,VOLCADURA,VOLCADURA,URBANA,ENLACE A DESNIVEL,VELOCIDAD MAYOR QUE MAXIMA PERMITIDA,VELOCIDAD IMPRUDENTE,LAS GOLONDRINAS,CRISTOBAL COLON,CRISTOBAL COLON - LAS GOLONDRINAS,0,BIDIRECCIONAL CON BANDEJON,CONCRETO,BUENO,SECO,DESPEJADO,0,0,0,0,0
-8130735.42120453,-4415124.89449539,1586,1506449,-36.827753,-73.039639,2023/01/27 00:00:00+00,1899/12/30 00:00:00+00,8,REGION BIO BIO,CONCEPCION,CHOQUE,CHOQUE,URBANA,TRAMO DE VIA RECTA,CONDUCCION NO ATENTO CONDICIONES TRANSITO MOMENTO,IMPRUDENCIA DEL CONDUCTOR,PAICAVI, ,- PAICAVI,48,BIDIRECCIONAL CON BANDEJON,CONCRETO,BUENO,SECO,DESPEJADO,0,0,0,0,0
-8131306.04491433,-4414872.34150818,1587,1509588,-36.825937,-73.044765,2023/01/27 00:00:00+00,1899/12/30 00:00:00+00,8,REGION BIO BIO,SAN PEDRO DE LA PAZ,ATROPELLO,ATROPELLO,URBANA,TRAMO DE VIA RECTA,NO RESPETAR DERECHO PREFERENTE DE PASO A PEATON,IMPRUDENCIA DEL CONDUCTOR,PEDRO AGUIRRE CERDA, ,- PEDRO AGUIRRE CERDA,1054,BIDIRECCIONAL CON BANDEJON,CONCRETO,BUENO,SECO,DESPEJADO,0,1,1,0,0
-8053242.80671759,-4503654.07216686,1588,1506655,-37.461667,-72.343511,2023/01/27 00:00:00+00,1899/12/30 00:00:00+00,8,REGION BIO BIO,LOS ANGELES,COLISION,COLISION,URBANA,OTROS NO CONSIDERADOS,CONDUCCION NO ATENTO CONDICIONES TRANSITO MOMENTO,IMPRUDENCIA DEL CONDUCTOR,ALEMANIA, ,- ALEMANIA,831,UNIDIRECCIONAL,CONCRETO,BUENO,SECO,DESPEJADO,0,0,0,0,0
-8139345.09326146,-4400814.20065655,1589,1507350,-36.724783,-73.116981,2023/01/27 00:00:00+00,1899/12/30 00:00:00+00,8,REGION BIO BIO,TALCAHUANO,ATROPELLO,ATROPELLO,URBANA,TRAMO DE VIA RECTA,PEATON CRUZA CALZADA FORMA SORPRESIVA O DESCUIDADA,IMPRUDENCIA DEL PEATON,CRISTOBAL COLON, ,- CRISTOBAL COLON,2194,BIDIRECCIONAL CON BANDEJON,CONCRETO,BUENO,SECO,DESPEJADO,0,1,1,0,0
-8051284.36291606,-4506748.43358465,1590,1506584,-37.483728,-72.325918,2023/01/27 00:00:00+00,1899/12/30 00:00:00+00,8,REGION BIO BIO,LOS ANGELES,COLISION POR ALCANCE,COLISION,URBANA,TRAMO DE VIA CURVA HORIZONTAL,CONDUCCION NO ATENTO CONDICIONES TRANSITO MOMENTO,IMPRUDENCIA DEL CONDUCTOR,FRANCISCO ENCINA,LAS INDUSTRIAS,FRANCISCO ENCINA - LAS INDUSTRIAS,0,BIDIRECCIONAL CON BANDEJON,CONCRETO,BUENO,SECO,DESPEJADO,0,0,0,0,0
-8138346.78006802,-4409118.78867041,1591,1505941,-36.784554,-73.108013,2023/01/27 00:00:00+00,1899/12/30 00:00:00+00,8,REGION BIO BIO,HUALPEN,CHOQUE,CHOQUE,URBANA,CRUCE CON SEÑAL CEDA EL PASO,CONDUCCION SIN MANTENER DISTANCIA RAZONABLE NI PRUDENTE,IMPRUDENCIA DEL CONDUCTOR,FINLANDIA,HELSINKI,FINLANDIA - HELSINKI,0,BIDIRECCIONAL,CONCRETO,BUENO,SECO,DESPEJADO,0,0,0,0,0
-8162433.86884689,-4473440.66251095,1592,1508463,-37.245921,-73.324391,2023/01/27 00:00:00+00,1899/12/30 00:00:00+00,8,REGION BIO BIO,ARAUCO,ATROPELLO,ATROPELLO,URBANA,OTROS NO CONSIDERADOS,FALLAS MECANICAS FRENOS,FALLAS MECANICAS,CIENFUEGOS, ,- CIENFUEGOS,303,UNIDIRECCIONAL,CONCRETO,BUENO,SECO,DESPEJADO,0,1,0,0,1
-8129912.88148705,-4413437.10324594,1593,1518599,-36.815616,-73.03225,2023/01/27 00:00:00+00,1899/12/30 00:00:00+00,8,REGION BIO BIO,CONCEPCION,COLISION,COLISION,URBANA,TRAMO DE VIA RECTA,SEÑALIZACION DESOBEDECER SEÑAL CEDA EL PASO,DESOBEDIENCIA A SEÑALIZACION,PADRE KORDA, ,- PADRE KORDA,500,UNIDIRECCIONAL,CONCRETO,BUENO,SECO,DESPEJADO,0,0,0,0,0
-8131906.05696971,-4412789.84227066,1594,1506441,-36.810961,-73.050155,2023/01/27 00:00:00+00,1899/12/30 00:00:00+00,8,REGION BIO BIO,CONCEPCION,COLISION,COLISION,URBANA,TRAMO DE VIA RECTA,CONDUCCION CAMBIAR SORPRESIVAMENTE PISTA CIRCULACION,IMPRUDENCIA DEL CONDUCTOR,PAICAVI,LUIS DURAND,LUIS DURAND - PAICAVI,0,UNIDIRECCIONAL,CONCRETO,REGULAR,SECO,DESPEJADO,0,0,0,0,0
-8051266.10651957,-4505910.54726706,1595,1506671,-37.477755,-72.325754,2023/01/27 00:00:00+00,1899/12/30 00:00:00+00,8,REGION BIO BIO,LOS ANGELES,COLISION FRONTAL,COLISION,URBANA,TRAMO DE VIA RECTA,CONDUCCION CONTRA SENTIDO DEL TRANSITO,IMPRUDENCIA DEL CONDUCTOR,LAS INDUSTRIAS, ,- LAS INDUSTRIAS,10445,BIDIRECCIONAL,ASFALTO,BUENO,SECO,DESPEJADO,0,0,0,0,0
-8051345.588636,-4503886.87843325,1596,1506638,-37.463327,-72.326468,2023/01/27 00:00:00+00,1899/12/30 00:00:00+00,8,REGION BIO BIO,LOS ANGELES,COLISION,COLISION,URBANA,ROTONDA,CONDUCCION NO ATENTO CONDICIONES TRANSITO MOMENTO,IMPRUDENCIA DEL CONDUCTOR,LAS INDUSTRIAS, ,- LAS INDUSTRIAS,1718,BIDIRECCIONAL CON BANDEJON,ASFALTO,BUENO,SECO,DESPEJADO,0,0,0,0,0
-8138562.73988017,-4409413.73853343,1597,1505863,-36.786676,-73.109953,2023/01/27 00:00:00+00,1899/12/30 00:00:00+00,8,REGION BIO BIO,HUALPEN,COLISION,COLISION,URBANA,TRAMO DE VIA RECTA,CONDUCCION NO ATENTO CONDICIONES TRANSITO MOMENTO,IMPRUDENCIA DEL CONDUCTOR,68A156, ,- 68A156,40,BIDIRECCIONAL,CONCRETO,BUENO,SECO,DESPEJADO,0,0,0,0,0
-8172391.06333988,-4525133.14688311,1598,1508193,-37.614666,-73.413838,2023/01/27 00:00:00+00,1899/12/30 00:00:00+00,8,REGION BIO BIO,LOS ALAMOS,COLISION FRONTAL,COLISION,URBANA,CRUCE CON SEÑAL CEDA EL PASO,CONDUCCION NO ATENTO CONDICIONES TRANSITO MOMENTO,IMPRUDENCIA DEL CONDUCTOR,DIEGO PORTALES,LOS PEUMOS,DIEGO PORTALES - LOS PEUMOS,0,BIDIRECCIONAL,ASFALTO,BUENO,SECO,DESPEJADO,0,0,0,0,0
-8139315.92755487,-4415497.1985693,1599,1505751,-36.83043,-73.116719,2023/01/27 00:00:00+00,1899/12/30 00:00:00+00,8,REGION BIO BIO,SAN PEDRO DE LA PAZ,COLISION PERPENDICULAR,COLISION,URBANA,CRUCE CON SEÑAL CEDA EL PASO,NO RESPETAR DERECHO PREFERENTE DE PASO A VEHICULO,IMPRUDENCIA DEL CONDUCTOR,DANIEL BELTRAN, ,- DANIEL BELTRAN,480,BIDIRECCIONAL,CONCRETO,BUENO,SECO,DESPEJADO,0,0,0,0,0
-8054546.13531579,-4504291.07604748,1600,1506675,-37.466209,-72.355219,2023/01/27 00:00:00+00,1899/12/30 00:00:00+00,8,REGION BIO BIO,LOS ANGELES,COLISION LATERAL,COLISION,URBANA,CRUCE CON SEMAFORO FUNCIONANDO,CONDUCCION NO ATENTO CONDICIONES TRANSITO MOMENTO,IMPRUDENCIA DEL CONDUCTOR,TUCAPEL,ERCILLA,ERCILLA - TUCAPEL,0,BIDIRECCIONAL,CONCRETO,BUENO,SECO,DESPEJADO,0,0,0,0,0
-8143978.98970471,-4440057.44981102,1601,1518851,-37.00682,-73.158608,2023/03/20 00:00:00+00,1899/12/30 00:00:00+00,8,REGION BIO BIO,CORONEL,CHOQUE,CHOQUE,URBANA,TRAMO DE VIA RECTA,CONDUCCION EN ESTADO DE EBRIEDAD,ALCOHOL EN CONDUCTOR,MANUEL MONTT, ,- MANUEL MONTT,1235,BIDIRECCIONAL,ASFALTO,BUENO,SECO,DESPEJADO,0,1,0,0,1
-8134633.71845262,-4407841.09124489,1602,1518597,-36.775361,-73.074658,2023/03/20 00:00:00+00,1899/12/30 00:00:00+00,8,REGION BIO BIO,TALCAHUANO,IMPACTO CON ANIMAL,OTRO TIPO,URBANA,TRAMO DE VIA RECTA,ANIMALES SUELTOS VIA PUBLICA,DEFICIENCIAS VIALES,IFARLE, ,- IFARLE,909,BIDIRECCIONAL,CONCRETO,BUENO,SECO,DESPEJADO,0,0,0,0,0