X,Y,FID,Idaccident,Latitude,Longitude,Fecha,Hora,Cód_Regi,Región,Comuna,Tipo_Accid,Tipo__CONA,Zona,Ubicación,Causa,Causa__CON,Calle_Uno,Calle_Dos,Intersecci,Número,Calzada,Tipo_Calza,Estado_Cal,Condición,Estado_Atm,Fallecidos,Lesionados,Graves,Menos_Grav,Leves
-8131620.52247582,-4415780.92054356,1705,1519355,-36.83247,-73.04759,2023/03/24 00:00:00+00,1899/12/30 00:00:00+00,8,REGION BIO BIO,CONCEPCION,COLISION,COLISION,URBANA,CRUCE CON SEMAFORO FUNCIONANDO,CONDUCCION NO ATENTO CONDICIONES TRANSITO MOMENTO,IMPRUDENCIA DEL CONDUCTOR,PEDRO DE VALDIVIA,VICTOR LAMAS,PEDRO DE VALDIVIA - VICTOR LAMAS,0,BIDIRECCIONAL CON BANDEJON,CONCRETO,BUENO,SECO,DESPEJADO,0,0,0,0,0
-8131879.22897243,-4414214.42461997,1706,1524343,-36.821206,-73.049914,2023/03/24 00:00:00+00,1899/12/30 00:00:00+00,8,REGION BIO BIO,CONCEPCION,COLISION,COLISION,URBANA,CRUCE CON SEÑAL CEDA EL PASO,ADELANTAMIENTO SIN EFECTUAR LA SEÑAL RESPECTIVA,IMPRUDENCIA DEL CONDUCTOR,LAS HERAS,CASTELLON,CASTELLON - LAS HERAS,0,BIDIRECCIONAL,CONCRETO,BUENO,SECO,DESPEJADO,0,0,0,0,0
-8077807.01083399,-4451712.51076783,1707,1519794,-37.090383,-72.564175,2023/03/24 00:00:00+00,1899/12/30 00:00:00+00,8,REGION BIO BIO,YUMBEL,CHOQUE FRENTE/POSTERIOR,CHOQUE,URBANA,CRUCE CON SEÑAL PARE,CONDUCCION NO ATENTO CONDICIONES TRANSITO MOMENTO,IMPRUDENCIA DEL CONDUCTOR,GENERAL CRUZ,BALMACEDA,BALMACEDA - GENERAL CRUZ,0,UNIDIRECCIONAL,CONCRETO,BUENO,SECO,DESPEJADO,0,1,0,0,1
-8134010.21798468,-4410578.74524245,1708,1518866,-36.795057,-73.069057,2023/03/24 00:00:00+00,1899/12/30 00:00:00+00,8,REGION BIO BIO,HUALPEN,COLISION,COLISION,URBANA,TRAMO DE VIA RECTA,VELOCIDAD MAYOR QUE MAXIMA PERMITIDA,VELOCIDAD IMPRUDENTE,JORGE ALESSANDRI RODRIGUEZ, ,- JORGE ALESSANDRI RODRIGUEZ,9000,BIDIRECCIONAL,CONCRETO,BUENO,SECO,DESPEJADO,0,1,1,0,0
-8131107.33962327,-4414907.66518878,1709,1520962,-36.826191,-73.04298,2023/03/24 00:00:00+00,1899/12/30 00:00:00+00,8,REGION BIO BIO,SAN PEDRO DE LA PAZ,CHOQUE POSTERIOR/FRENTE,CHOQUE,URBANA,CRUCE CON SEMAFORO FUNCIONANDO,CONDUCIR VEHICULO EN RETROCESO,IMPRUDENCIA DEL CONDUCTOR,PEDRO AGUIRRE CERDA,VICTORIA,PEDRO AGUIRRE CERDA - VICTORIA,0,BIDIRECCIONAL CON BANDEJON,CONCRETO,BUENO,SECO,DESPEJADO,0,0,0,0,0
-8138256.16600252,-4409907.74920203,1710,1518793,-36.79023,-73.107199,2023/03/24 00:00:00+00,1899/12/30 00:00:00+00,8,REGION BIO BIO,HUALPEN,COLISION,COLISION,URBANA,CRUCE SIN SEÑALIZACION,CONDUCCION NO ATENTO CONDICIONES TRANSITO MOMENTO,IMPRUDENCIA DEL CONDUCTOR,MADRID,TARRAZA,MADRID - TARRAZA,0,BIDIRECCIONAL,CONCRETO,BUENO,SECO,DESPEJADO,0,1,0,0,1
-8132791.93747744,-4415585.65225547,1711,1519368,-36.831066,-73.058113,2023/03/24 00:00:00+00,1899/12/30 00:00:00+00,8,REGION BIO BIO,CONCEPCION,CHOQUE POSTERIOR,CHOQUE,URBANA,CRUCE CON SEMAFORO FUNCIONANDO,CONDUCCION NO ATENTO CONDICIONES TRANSITO MOMENTO,IMPRUDENCIA DEL CONDUCTOR,O'HIGGINS,ARTURO PRAT,ARTURO PRAT - O'HIGGINS,0,UNIDIRECCIONAL,CONCRETO,BUENO,SECO,DESPEJADO,0,0,0,0,0
-8136160.24262986,-4407987.29665232,1712,1520242,-36.776413,-73.088371,2023/03/24 00:00:00+00,1899/12/30 00:00:00+00,8,REGION BIO BIO,TALCAHUANO,COLISION LATERAL,COLISION,URBANA,TRAMO DE VIA RECTA,ADELANTAMIENTO SIN EL ESPACIO O TIEMPO SUFICIENTE,IMPRUDENCIA DEL CONDUCTOR,EJERCITO, ,- EJERCITO,245,BIDIRECCIONAL,CONCRETO,BUENO,SECO,DESPEJADO,0,0,0,0,0
-8052426.83485007,-4501832.19100463,1713,1520876,-37.448675,-72.336181,2023/03/24 00:00:00+00,1899/12/30 00:00:00+00,8,REGION BIO BIO,LOS ANGELES,COLISION LATERAL,COLISION,URBANA,TRAMO DE VIA RECTA,CONDUCCION NO ATENTO CONDICIONES TRANSITO MOMENTO,IMPRUDENCIA DEL CONDUCTOR,SOR VICENTA,PABLO NERUDA,PABLO NERUDA - SOR VICENTA,0,BIDIRECCIONAL CON BANDEJON,ASFALTO,BUENO,SECO,DESPEJADO,0,0,0,0,0
-8137440.41677399,-4403628.40206766,1714,1520244,-36.745043,-73.099871,2023/03/24 00:00:00+00,1899/12/30 00:00:00+00,8,REGION BIO BIO,TALCAHUANO,COLISION LATERAL,COLISION,URBANA,TRAMO DE VIA RECTA,CONDUCCION CAMBIAR SORPRESIVAMENTE PISTA CIRCULACION,IMPRUDENCIA DEL CONDUCTOR,CARLOS DITTBORN, ,- CARLOS DITTBORN,205,BIDIRECCIONAL,CONCRETO,BUENO,SECO,DESPEJADO,0,1,0,0,1
-8136039.12702388,-4406059.26983325,1715,1520615,-36.762539,-73.087283,2023/03/24 00:00:00+00,1899/12/30 00:00:00+00,8,REGION BIO BIO,TALCAHUANO,CHOQUE FRENTE/POSTERIOR,CHOQUE,URBANA,TRAMO DE VIA RECTA,CONDUCCION SIN MANTENER DISTANCIA RAZONABLE NI PRUDENTE,IMPRUDENCIA DEL CONDUCTOR,CRISTOBAL COLON, ,- CRISTOBAL COLON,5495,BIDIRECCIONAL CON BANDEJON,CONCRETO,BUENO,SECO,DESPEJADO,0,0,0,0,0
-8051765.1517968,-4502673.67791003,1716,1520988,-37.454676,-72.330237,2023/03/24 00:00:00+00,1899/12/30 00:00:00+00,8,REGION BIO BIO,LOS ANGELES,COLISION POR ALCANCE,COLISION,URBANA,TRAMO DE VIA RECTA,CONDUCCION NO ATENTO CONDICIONES TRANSITO MOMENTO,IMPRUDENCIA DEL CONDUCTOR,LA TRINIDAD,ALMIRANTE LATORRE,ALMIRANTE LATORRE - LA TRINIDAD,0,BIDIRECCIONAL,CONCRETO,BUENO,SECO,DESPEJADO,0,0,0,0,0
-8138562.73988017,-4409413.73853343,1717,1518834,-36.786676,-73.109953,2023/03/24 00:00:00+00,1899/12/30 00:00:00+00,8,REGION BIO BIO,HUALPEN,CHOQUE FRENTE/LADO,CHOQUE,URBANA,CRUCE CON SEÑAL PARE,CONDUCCION SIN MANTENER DISTANCIA RAZONABLE NI PRUDENTE,IMPRUDENCIA DEL CONDUCTOR,GRAN BRETAÑA,DOS,DOS - GRAN BRETAÑA,0,BIDIRECCIONAL,CONCRETO,BUENO,SECO,DESPEJADO,0,0,0,0,0
-8136972.76359316,-4415143.25210481,1718,1520970,-36.827885,-73.09567,2023/03/24 00:00:00+00,1899/12/30 00:00:00+00,8,REGION BIO BIO,SAN PEDRO DE LA PAZ,COLISION POR ALCANCE,COLISION,URBANA,PUENTE,CONDUCCION NO ATENTO CONDICIONES TRANSITO MOMENTO,IMPRUDENCIA DEL CONDUCTOR,PUENTE JUAN PABLO II, ,- PUENTE JUAN PABLO II,1,BIDIRECCIONAL CON BANDEJON,CONCRETO,BUENO,SECO,DESPEJADO,0,0,0,0,0
-8136696.13465854,-4417813.50906592,1719,1520968,-36.847083,-73.093185,2023/03/24 00:00:00+00,1899/12/30 00:00:00+00,8,REGION BIO BIO,SAN PEDRO DE LA PAZ,COLISION LATERAL,COLISION,URBANA,TRAMO DE VIA RECTA,CONDUCCION CAMBIAR SORPRESIVAMENTE PISTA CIRCULACION,IMPRUDENCIA DEL CONDUCTOR,CAMINO EL VENADO, ,- CAMINO EL VENADO,560,BIDIRECCIONAL,CONCRETO,BUENO,SECO,DESPEJADO,0,0,0,0,0
-8131492.6163809,-4413379.39739334,1720,1524401,-36.815201,-73.046441,2023/03/24 00:00:00+00,1899/12/30 00:00:00+00,8,REGION BIO BIO,CONCEPCION,COLISION,COLISION,URBANA,OTROS NO CONSIDERADOS,CONDUCCION SIN MANTENER DISTANCIA RAZONABLE NI PRUDENTE,IMPRUDENCIA DEL CONDUCTOR,PAICAVI, ,- PAICAVI,1248,BIDIRECCIONAL,CONCRETO,BUENO,SECO,DESPEJADO,0,1,0,0,1
-8120859.04466186,-4385872.8904999,1721,1519359,-36.617128,-72.950918,2023/03/24 00:00:00+00,1899/12/30 00:00:00+00,8,REGION BIO BIO,TOME,ATROPELLO,ATROPELLO,URBANA,TRAMO DE VIA CURVA VERTICAL,EBRIEDAD DEL PEATON,ALCOHOL EN PEATON,LOS ALMENDROS, ,- LOS ALMENDROS,124,BIDIRECCIONAL,CONCRETO,BUENO,SECO,DESPEJADO,0,1,1,0,0
-8130382.42709922,-4423489.64964105,1722,1523853,-36.887876,-73.036468,2023/03/24 00:00:00+00,1899/12/30 00:00:00+00,8,REGION BIO BIO,CHIGUAYANTE,CHOQUE FRONTAL,CHOQUE,URBANA,TRAMO DE VIA RECTA,FALLAS MECANICAS FRENOS,FALLAS MECANICAS,CAMINO A CHIGUAYANTE, ,- CAMINO A CHIGUAYANTE,5583,BIDIRECCIONAL CON BANDEJON,CONCRETO,BUENO,SECO,DESPEJADO,0,2,0,0,2
-8141117.29955489,-4399146.31032917,1723,1520608,-36.712773,-73.132901,2023/03/24 00:00:00+00,1899/12/30 00:00:00+00,8,REGION BIO BIO,TALCAHUANO,ATROPELLO,ATROPELLO,URBANA,OTROS NO CONSIDERADOS,NO RESPETAR DERECHO PREFERENTE DE PASO A PEATON,IMPRUDENCIA DEL CONDUCTOR,SAN VICENTE, ,- SAN VICENTE,919,BIDIRECCIONAL,CONCRETO,BUENO,SECO,DESPEJADO,0,1,1,0,0
-8128867.92542698,-4427005.27584224,1724,1523839,-36.913131,-73.022863,2023/03/24 00:00:00+00,1899/12/30 00:00:00+00,8,REGION BIO BIO,CHIGUAYANTE,CHOQUE LADO/LADO,CHOQUE,URBANA,TRAMO DE VIA RECTA,CONDUCCION NO ATENTO CONDICIONES TRANSITO MOMENTO,IMPRUDENCIA DEL CONDUCTOR,ARTURO PRAT, ,- ARTURO PRAT,488,BIDIRECCIONAL,CONCRETO,BUENO,SECO,DESPEJADO,0,0,0,0,0
-8056270.80818665,-4504869.34976075,1725,1520879,-37.470332,-72.370712,2023/03/24 00:00:00+00,1899/12/30 00:00:00+00,8,REGION BIO BIO,LOS ANGELES,COLISION LATERAL,COLISION,URBANA,CRUCE CON SEÑAL CEDA EL PASO,CONDUCCION EN ESTADO DE EBRIEDAD,ALCOHOL EN CONDUCTOR,PADRE HURTADO,ÑUBLE,ÑUBLE - PADRE HURTADO,0,BIDIRECCIONAL,CONCRETO,BUENO,SECO,DESPEJADO,0,2,0,1,1
-8054095.95929502,-4504855.32382639,1726,1521000,-37.470232,-72.351175,2023/03/25 00:00:00+00,1899/12/30 00:00:00+00,8,REGION BIO BIO,LOS ANGELES,CHOQUE FRONTAL,CHOQUE,URBANA,TRAMO DE VIA RECTA,CONDUCCION EN ESTADO DE EBRIEDAD,ALCOHOL EN CONDUCTOR,CRISTOBAL COLON,LAUTARO,CRISTOBAL COLON - LAUTARO,0,UNIDIRECCIONAL,CONCRETO,BUENO,SECO,DESPEJADO,0,0,0,0,0
-8051406.36907797,-4504834.42521899,1727,1521096,-37.470083,-72.327014,2023/03/25 00:00:00+00,1899/12/30 00:00:00+00,8,REGION BIO BIO,LOS ANGELES,CHOQUE LATERAL,CHOQUE,URBANA,ACERA O BERMA,CONDUCCION EN ESTADO DE EBRIEDAD,ALCOHOL EN CONDUCTOR,LAS INDUSTRIAS, ,- LAS INDUSTRIAS,511,BIDIRECCIONAL,ASFALTO,BUENO,SECO,DESPEJADO,0,0,0,0,0
-8132929.19440959,-4415351.30722498,1728,1519596,-36.829381,-73.059346,2023/03/25 00:00:00+00,1899/12/30 00:00:00+00,8,REGION BIO BIO,CONCEPCION,OTRO TIPO,OTRO TIPO,URBANA,TRAMO DE VIA RECTA,OTRAS CAUSAS,OTRAS CAUSAS,ARTURO PRAT, ,- ARTURO PRAT,535,UNIDIRECCIONAL,CONCRETO,BUENO,SECO,DESPEJADO,0,1,0,0,1
-8052675.41127301,-4504624.88041143,1729,1521066,-37.468589,-72.338414,2023/03/25 00:00:00+00,1899/12/30 00:00:00+00,8,REGION BIO BIO,LOS ANGELES,CHOQUE POSTERIOR/FRENTE,CHOQUE,URBANA,OTROS NO CONSIDERADOS,CONDUCCION NO ATENTO CONDICIONES TRANSITO MOMENTO,IMPRUDENCIA DEL CONDUCTOR,MARCONI,ALEMANIA,ALEMANIA - MARCONI,0,BIDIRECCIONAL CON BANDEJON,ASFALTO,BUENO,SECO,DESPEJADO,0,0,0,0,0
-8139887.10786213,-4415375.22826158,1730,1520973,-36.829553,-73.12185,2023/03/25 00:00:00+00,1899/12/30 00:00:00+00,8,REGION BIO BIO,SAN PEDRO DE LA PAZ,CHOQUE POSTERIOR,CHOQUE,URBANA,CRUCE CON SEÑAL PARE,CONDUCIR VEHICULO EN RETROCESO,IMPRUDENCIA DEL CONDUCTOR,LOS CIPRESES,LA VICTORIA,LA VICTORIA - LOS CIPRESES,0,BIDIRECCIONAL,CONCRETO,BUENO,SECO,DESPEJADO,0,0,0,0,0
-8051424.62547446,-4500771.2088336,1731,1533824,-37.441108,-72.327178,2023/03/25 00:00:00+00,1899/12/30 00:00:00+00,8,REGION BIO BIO,LOS ANGELES,COLISION,COLISION,URBANA,CRUCE CON SEÑAL CEDA EL PASO,CONDUCCION NO ATENTO CONDICIONES TRANSITO MOMENTO,IMPRUDENCIA DEL CONDUCTOR,SOR VICENTA,LAS INDUSTRIAS,LAS INDUSTRIAS - SOR VICENTA,0,BIDIRECCIONAL,ASFALTO,BUENO,MOJADO,LLUVIA,0,0,0,0,0
-8136888.04946067,-4408596.60010736,1732,1518917,-36.780797,-73.094909,2023/03/25 00:00:00+00,1899/12/30 00:00:00+00,8,REGION BIO BIO,HUALPEN,COLISION,COLISION,URBANA,CRUCE SIN SEÑALIZACION,CONDUCCION SIN MANTENER DISTANCIA RAZONABLE NI PRUDENTE,IMPRUDENCIA DEL CONDUCTOR,LAS GOLONDRINAS,GENOVA,GENOVA - LAS GOLONDRINAS,0,BIDIRECCIONAL,CONCRETO,BUENO,SECO,DESPEJADO,0,0,0,0,0
-8139345.09326146,-4400814.20065655,1733,1520240,-36.724783,-73.116981,2023/03/25 00:00:00+00,1899/12/30 00:00:00+00,8,REGION BIO BIO,TALCAHUANO,COLISION LATERAL,COLISION,URBANA,TRAMO DE VIA RECTA,VIRAJES INDEBIDOS,IMPRUDENCIA DEL CONDUCTOR,CRISTOBAL COLON, ,- CRISTOBAL COLON,4352,BIDIRECCIONAL CON BANDEJON,CONCRETO,BUENO,SECO,DESPEJADO,0,0,0,0,0
-8133230.20231269,-4413670.57180449,1734,1519587,-36.817295,-73.06205,2023/03/25 00:00:00+00,1899/12/30 00:00:00+00,8,REGION BIO BIO,CONCEPCION,COLISION PERPENDICULAR,COLISION,URBANA,CRUCE CON SEÑAL PARE,SEÑALIZACION DESOBEDECER SEÑAL PARE,DESOBEDIENCIA A SEÑALIZACION,ANGOL,ARGENTINA,ANGOL - ARGENTINA,0,UNIDIRECCIONAL,CONCRETO,BUENO,SECO,DESPEJADO,0,1,1,0,0
-8093763.76928328,-4476369.61318677,1735,1519807,-37.266863,-72.707517,2023/03/25 00:00:00+00,1899/12/30 00:00:00+00,8,REGION BIO BIO,LAJA,CHOQUE FRONTAL,CHOQUE,URBANA,TRAMO DE VIA RECTA,VELOCIDAD NO RAZONABLE NI PRUDENTE,VELOCIDAD IMPRUDENTE,ANDRES BELLO, ,- ANDRES BELLO,959,BIDIRECCIONAL,ASFALTO,BUENO,SECO,DESPEJADO,0,1,1,0,0
-8139383.2758468,-4401340.73043631,1736,1520241,-36.728574,-73.117324,2023/03/25 00:00:00+00,1899/12/30 00:00:00+00,8,REGION BIO BIO,TALCAHUANO,COLISION LATERAL,COLISION,URBANA,TRAMO DE VIA RECTA,ADELANTAMIENTO SIN EL ESPACIO O TIEMPO SUFICIENTE,IMPRUDENCIA DEL CONDUCTOR,JUAN ANTONIO RIOS, ,- JUAN ANTONIO RIOS,101,BIDIRECCIONAL CON BANDEJON,CONCRETO,BUENO,SECO,DESPEJADO,0,0,0,0,0
-8053681.5168308,-4506698.77296027,1737,1521073,-37.483374,-72.347452,2023/03/25 00:00:00+00,1899/12/30 00:00:00+00,8,REGION BIO BIO,LOS ANGELES,COLISION POR ALCANCE,COLISION,URBANA,CRUCE CON SEÑAL PARE,CONDUCCION NO ATENTO CONDICIONES TRANSITO MOMENTO,IMPRUDENCIA DEL CONDUCTOR,LOS CARRERA,MARIA AUXILIADORA,LOS CARRERA - MARIA AUXILIADORA,0,BIDIRECCIONAL,CONCRETO,BUENO,SECO,DESPEJADO,0,0,0,0,0
-8059866.42773928,-4503946.20278411,1738,1521087,-37.46375,-72.403012,2023/03/25 00:00:00+00,1899/12/30 00:00:00+00,8,REGION BIO BIO,LOS ANGELES,COLISION LATERAL,COLISION,URBANA,OTROS NO CONSIDERADOS,CONDUCCION NO ATENTO CONDICIONES TRANSITO MOMENTO,IMPRUDENCIA DEL CONDUCTOR,FIESTA CHILENA,EL SOMBRERITO,EL SOMBRERITO - FIESTA CHILENA,0,UNIDIRECCIONAL,TIERRA,REGULAR, ,DESPEJADO,0,1,0,0,1
-8055744.93491215,-4504866.68483178,1739,1533855,-37.470313,-72.365988,2023/03/25 00:00:00+00,1899/12/30 00:00:00+00,8,REGION BIO BIO,LOS ANGELES,ATROPELLO,ATROPELLO,URBANA,CRUCE CON SEMAFORO FUNCIONANDO,CONDUCCION NO ATENTO CONDICIONES TRANSITO MOMENTO,IMPRUDENCIA DEL CONDUCTOR,LAS AZALEAS,COLO COLO,COLO COLO - LAS AZALEAS,0,BIDIRECCIONAL,ASFALTO,BUENO,HUMEDO,NUBLADO,0,1,0,0,1
-8135510.58208159,-4411647.81115444,1740,1518937,-36.802747,-73.082535,2023/03/25 00:00:00+00,1899/12/30 00:00:00+00,8,REGION BIO BIO,HUALPEN,COLISION,COLISION,URBANA,TRAMO DE VIA RECTA,CONDUCCION NO ATENTO CONDICIONES TRANSITO MOMENTO,IMPRUDENCIA DEL CONDUCTOR,CRISTOBAL COLON, ,- CRISTOBAL COLON,9000,BIDIRECCIONAL CON BANDEJON,CONCRETO,BUENO,SECO,DESPEJADO,0,1,0,0,1
-8133225.41557459,-4414733.82930931,1741,1524427,-36.824941,-73.062007,2023/03/25 00:00:00+00,1899/12/30 00:00:00+00,8,REGION BIO BIO,CONCEPCION,COLISION,COLISION,URBANA,ENLACE A NIVEL,CONDUCCION NO ATENTO CONDICIONES TRANSITO MOMENTO,IMPRUDENCIA DEL CONDUCTOR,ARTURO PRAT,MARTINEZ DE ROZAS,ARTURO PRAT - MARTINEZ DE ROZAS,0,BIDIRECCIONAL CON BANDEJON,CONCRETO,BUENO,SECO,DESPEJADO,0,2,1,0,1
-8136607.85830234,-4404920.46097351,1742,1520265,-36.754343,-73.092392,2023/03/25 00:00:00+00,1899/12/30 00:00:00+00,8,REGION BIO BIO,TALCAHUANO,VOLCADURA,VOLCADURA,URBANA,TRAMO DE VIA RECTA,VELOCIDAD MAYOR QUE MAXIMA PERMITIDA,VELOCIDAD IMPRUDENTE,CRISTOBAL COLON, ,- CRISTOBAL COLON,4990,BIDIRECCIONAL,CONCRETO,BUENO,SECO,DESPEJADO,0,1,0,1,0
-8138952.24677845,-4407893.20796132,1743,1520620,-36.775736,-73.113452,2023/03/26 00:00:00+00,1899/12/30 00:00:00+00,8,REGION BIO BIO,TALCAHUANO,COLISION LATERAL,COLISION,URBANA,TRAMO DE VIA RECTA,VIRAJES INDEBIDOS,IMPRUDENCIA DEL CONDUCTOR,GRAN BRETAÑA, ,- GRAN BRETAÑA,5690,BIDIRECCIONAL CON BANDEJON,CONCRETO,BUENO,SECO,DESPEJADO,0,0,0,0,0
-8129095.68510514,-4412993.40195237,1744,1524442,-36.812425,-73.024909,2023/03/26 00:00:00+00,1899/12/30 00:00:00+00,8,REGION BIO BIO,CONCEPCION,CHOQUE,CHOQUE,URBANA,TRAMO DE VIA RECTA,CONDUCCION NO ATENTO CONDICIONES TRANSITO MOMENTO,IMPRUDENCIA DEL CONDUCTOR,ALONSO DE RIBERA,ROTONDA GENERAL BONILLA,ALONSO DE RIBERA - ROTONDA GENERAL BONILLA,0,BIDIRECCIONAL CON BANDEJON,CONCRETO,BUENO,SECO,DESPEJADO,0,0,0,0,0
-8091609.40317796,-4508685.66213007,1745,1519575,-37.497536,-72.688164,2023/03/26 00:00:00+00,1899/12/30 00:00:00+00,8,REGION BIO BIO,NACIMIENTO,VOLCADURA,VOLCADURA,URBANA,TRAMO DE VIA RECTA,CONDUCCION EN ESTADO DE EBRIEDAD,ALCOHOL EN CONDUCTOR,JULIO HEMMELMANN,JUAN ANTONIO RIOS,JUAN ANTONIO RIOS - JULIO HEMMELMANN,0,BIDIRECCIONAL,ASFALTO,BUENO,SECO,DESPEJADO,0,1,1,0,0
-8126237.11190106,-4404550.61048,1746,1519626,-36.751681,-72.99923,2023/03/26 00:00:00+00,1899/12/30 00:00:00+00,8,REGION BIO BIO,PENCO,CHOQUE LATERAL,CHOQUE,URBANA,TRAMO DE VIA RECTA,SEÑALIZACION DESOBEDECER SEÑAL PARE,DESOBEDIENCIA A SEÑALIZACION,JORGE ROSS, ,- JORGE ROSS,283,UNIDIRECCIONAL,ASFALTO,BUENO,SECO,DESPEJADO,0,1,0,0,1
-8172815.63587776,-4516557.65450533,1747,1519820,-37.553619,-73.417652,2023/03/26 00:00:00+00,1899/12/30 00:00:00+00,8,REGION BIO BIO,LAJA,CHOQUE FRONTAL,CHOQUE,URBANA,CRUCE CON SEÑAL PARE,CONDUCCION EN ESTADO DE EBRIEDAD,ALCOHOL EN CONDUCTOR,LOS RIOS,LAVANDEROS,LAVANDEROS - LOS RIOS,0,BIDIRECCIONAL,ASFALTO,BUENO,SECO,DESPEJADO,0,1,0,0,1
-8142410.27544045,-4444886.51633817,1748,1522811,-37.041454,-73.144516,2023/03/26 00:00:00+00,1899/12/30 00:00:00+00,8,REGION BIO BIO,CORONEL,VOLCADURA,VOLCADURA,URBANA,TRAMO DE VIA RECTA,CONDUCCION SIN MANTENER DISTANCIA RAZONABLE NI PRUDENTE,IMPRUDENCIA DEL CONDUCTOR,CARLOS PRATS, ,- CARLOS PRATS,1,BIDIRECCIONAL,ASFALTO,BUENO,SECO,DESPEJADO,0,1,1,0,0
-8199921.70924694,-4524273.41214946,1749,1521512,-37.608548,-73.66115,2023/03/26 00:00:00+00,1899/12/30 00:00:00+00,8,REGION BIO BIO,LEBU,COLISION POR ALCANCE,COLISION,URBANA,TRAMO DE VIA RECTA,CONDUCCION NO ATENTO CONDICIONES TRANSITO MOMENTO,IMPRUDENCIA DEL CONDUCTOR,PEDRO DE VALDIVIA, ,- PEDRO DE VALDIVIA,328,BIDIRECCIONAL,ASFALTO,BUENO,SECO,DESPEJADO,0,0,0,0,0
-8135687.46875246,-4404436.96253019,1750,1520624,-36.750863,-73.084124,2023/03/26 00:00:00+00,1899/12/30 00:00:00+00,8,REGION BIO BIO,TALCAHUANO,OTRO TIPO,OTRO TIPO,URBANA,TRAMO DE VIA RECTA,CONDUCCION NO ATENTO CONDICIONES TRANSITO MOMENTO,IMPRUDENCIA DEL CONDUCTOR,CLAUDIO GAY ORIENTE, ,- CLAUDIO GAY ORIENTE,4431,BIDIRECCIONAL,CONCRETO,BUENO,SECO,DESPEJADO,0,1,0,0,1
-8055191.00912596,-4504707.35136202,1751,1521955,-37.469177,-72.361012,2023/03/26 00:00:00+00,1899/12/30 00:00:00+00,8,REGION BIO BIO,LOS ANGELES,VOLCADURA,VOLCADURA,URBANA,CRUCE CON SEMAFORO FUNCIONANDO,VELOCIDAD NO RAZONABLE NI PRUDENTE,VELOCIDAD IMPRUDENTE,MENDOZA,GALVARINO,GALVARINO - MENDOZA,0,UNIDIRECCIONAL,ASFALTO,BUENO,SECO,DESPEJADO,0,1,1,0,0
-8139099.96774273,-4394379.05374918,1752,1520623,-36.678435,-73.114779,2023/03/26 00:00:00+00,1899/12/30 00:00:00+00,8,REGION BIO BIO,TALCAHUANO,CHOQUE POSTERIOR/LADO,CHOQUE,URBANA,TRAMO DE VIA RECTA,CONDUCCION NO ATENTO CONDICIONES TRANSITO MOMENTO,IMPRUDENCIA DEL CONDUCTOR,COLO COLO, ,- COLO COLO,62,BIDIRECCIONAL,CONCRETO,BUENO,SECO,DESPEJADO,0,0,0,0,0
-8129655.9561023,-4430395.6059526,1753,1524209,-36.937478,-73.029942,2023/03/26 00:00:00+00,1899/12/30 00:00:00+00,8,REGION BIO BIO,CHIGUAYANTE,CHOQUE FRENTE/POSTERIOR,CHOQUE,URBANA,TRAMO DE VIA RECTA,CONDUCCION EN ESTADO DE EBRIEDAD,ALCOHOL EN CONDUCTOR,LIBERTAD, ,- LIBERTAD,843,BIDIRECCIONAL,CONCRETO,BUENO,SECO,DESPEJADO,0,1,0,0,1
-8077694.02155084,-4452752.09340107,1754,1519815,-37.097832,-72.56316,2023/03/26 00:00:00+00,1899/12/30 00:00:00+00,8,REGION BIO BIO,YUMBEL,CHOQUE FRENTE/POSTERIOR,CHOQUE,URBANA,TRAMO DE VIA RECTA,CONDUCCION NO ATENTO CONDICIONES TRANSITO MOMENTO,IMPRUDENCIA DEL CONDUCTOR,GENERAL CRUZ, ,- GENERAL CRUZ,870,UNIDIRECCIONAL,CONCRETO,BUENO,SECO,DESPEJADO,0,0,0,0,0
-8074574.9607383,-4521067.52585701,1755,1519533,-37.58573,-72.535141,2023/03/26 00:00:00+00,1899/12/30 00:00:00+00,8,REGION BIO BIO,NEGRETE,COLISION FRONTAL,COLISION,URBANA,TRAMO DE VIA RECTA,CONDUCCION EN ESTADO DE EBRIEDAD,ALCOHOL EN CONDUCTOR,IGNACIO CARRERA PINTO,RIO VERGARA,IGNACIO CARRERA PINTO - RIO VERGARA,0,BIDIRECCIONAL,ASFALTO,BUENO,SECO,DESPEJADO,0,2,0,0,2
-8177121.91905961,-4527489.84039523,1756,1521522,-37.631434,-73.456336,2023/03/26 00:00:00+00,1899/12/30 00:00:00+00,8,REGION BIO BIO,LOS ALAMOS,COLISION LATERAL,COLISION,URBANA,TRAMO DE VIA RECTA,CONDUCCION EN ESTADO DE EBRIEDAD,ALCOHOL EN CONDUCTOR,CAUPOLICAN,TRIHUECO,CAUPOLICAN - TRIHUECO,0,BIDIRECCIONAL,ASFALTO,BUENO,SECO,DESPEJADO,0,0,0,0,0
-8131591.69072771,-4415476.61511257,1757,1519609,-36.830282,-73.047331,2023/03/26 00:00:00+00,1899/12/30 00:00:00+00,8,REGION BIO BIO,CONCEPCION,COLISION,COLISION,URBANA,CRUCE CON SEMAFORO FUNCIONANDO,CONDUCCION NO ATENTO CONDICIONES TRANSITO MOMENTO,IMPRUDENCIA DEL CONDUCTOR,ANIBAL PINTO,CHACABUCO,ANIBAL PINTO - CHACABUCO,0,UNIDIRECCIONAL,CONCRETO,BUENO,SECO,DESPEJADO,0,0,0,0,0