X,Y,FID,Idaccident,Latitude,Longitude,Fecha,Hora,Cód_Regi,Región,Comuna,Tipo_Accid,Tipo__CONA,Zona,Ubicación,Causa,Causa__CON,Calle_Uno,Calle_Dos,Intersecci,Número,Calzada,Tipo_Calza,Estado_Cal,Condición,Estado_Atm,Fallecidos,Lesionados,Graves,Menos_Grav,Leves
-8052196.06954566,-4507961.96547391,2066,1544672,-37.492378,-72.334108,2023/07/13 00:00:00+00,1899/12/30 00:00:00+00,8,REGION BIO BIO,LOS ANGELES,CHOQUE LADO/POSTERIOR,CHOQUE,URBANA,TRAMO DE VIA CURVA HORIZONTAL,CONDUCCION BAJO LA INFLUENCIA DEL ALCOHOL,ALCOHOL EN CONDUCTOR,PETROHUE, ,- PETROHUE,2344,BIDIRECCIONAL,ASFALTO,BUENO,SECO,DESPEJADO,0,2,0,2,0
-8136061.16828306,-4416646.04111376,2067,1545120,-36.83869,-73.087481,2023/07/13 00:00:00+00,1899/12/30 00:00:00+00,8,REGION BIO BIO,CONCEPCION,COLISION,COLISION,URBANA,TRAMO DE VIA RECTA,CONDUCCION CAMBIAR SORPRESIVAMENTE PISTA CIRCULACION,IMPRUDENCIA DEL CONDUCTOR,PADRE HURTADO,SAN PEDRO,PADRE HURTADO - SAN PEDRO,0,UNIDIRECCIONAL,ASFALTO,BUENO,SECO,DESPEJADO,0,0,0,0,0
-8130519.12743391,-4413099.77177721,2068,1545304,-36.81319,-73.037696,2023/07/13 00:00:00+00,1899/12/30 00:00:00+00,8,REGION BIO BIO,CONCEPCION,COLISION,COLISION,URBANA,TRAMO DE VIA RECTA,CONDUCCION SIN MANTENER DISTANCIA RAZONABLE NI PRUDENTE,IMPRUDENCIA DEL CONDUCTOR,CAMILO HENRIQUEZ,PAULA JARAQUEMADA,CAMILO HENRIQUEZ - PAULA JARAQUEMADA,0,BIDIRECCIONAL,ASFALTO,BUENO,SECO,DESPEJADO,0,1,0,1,0
-8131941.01128982,-4418593.79351236,2069,1544605,-36.852692,-73.050469,2023/07/13 00:00:00+00,1899/12/30 00:00:00+00,8,REGION BIO BIO,CONCEPCION,ATROPELLO,ATROPELLO,URBANA,CRUCE CON SEMAFORO FUNCIONANDO,SEÑALIZACION DESOBEDECER LUZ ROJA DE SEMAFORO,DESOBEDIENCIA A SEÑALIZACION,PEDRO DE VALDIVIA,INGLESA,INGLESA - PEDRO DE VALDIVIA,0,BIDIRECCIONAL CON BANDEJON,CONCRETO,BUENO,SECO,NUBLADO,1,0,0,0,0
-8129876.92529153,-4413466.72107009,2070,1547718,-36.815829,-73.031927,2023/07/13 00:00:00+00,1899/12/30 00:00:00+00,8,REGION BIO BIO,CONCEPCION,COLISION LATERAL,COLISION,URBANA,ROTONDA,CONDUCCION SIN MANTENER DISTANCIA RAZONABLE NI PRUDENTE,IMPRUDENCIA DEL CONDUCTOR,PADRE KORDA,JUAN BOSCO,JUAN BOSCO - PADRE KORDA,0,UNIDIRECCIONAL,CONCRETO,BUENO,SECO,DESPEJADO,0,0,0,0,0
-8139432.25642275,-4396469.62055629,2071,1549003,-36.693495,-73.117764,2023/07/13 00:00:00+00,1899/12/30 00:00:00+00,8,REGION BIO BIO,TALCAHUANO,CHOQUE FRENTE/POSTERIOR,CHOQUE,URBANA,TRAMO DE VIA RECTA,CONDUCCION SIN MANTENER DISTANCIA RAZONABLE NI PRUDENTE,IMPRUDENCIA DEL CONDUCTOR,MICHIMALONGO, ,- MICHIMALONGO,3415,BIDIRECCIONAL,CONCRETO,BUENO,SECO,DESPEJADO,0,1,0,0,1
-8053050.55795699,-4507576.98707601,2072,1544806,-37.489634,-72.341784,2023/07/13 00:00:00+00,1899/12/30 00:00:00+00,8,REGION BIO BIO,LOS ANGELES,COLISION PERPENDICULAR,COLISION,URBANA,TRAMO DE VIA RECTA,CONDUCCION NO ATENTO CONDICIONES TRANSITO MOMENTO,IMPRUDENCIA DEL CONDUCTOR,LOS CARRERA,FERROCARRIL,FERROCARRIL - LOS CARRERA,0,UNIDIRECCIONAL,ASFALTO,BUENO,SECO,DESPEJADO,0,6,0,0,6
-8052026.41864169,-4506547.54798834,2073,1544675,-37.482296,-72.332584,2023/07/13 00:00:00+00,1899/12/30 00:00:00+00,8,REGION BIO BIO,LOS ANGELES,CHOQUE FRENTE/LADO,CHOQUE,URBANA,TRAMO DE VIA RECTA,CONDUCCION NO ATENTO CONDICIONES TRANSITO MOMENTO,IMPRUDENCIA DEL CONDUCTOR,TORONTO, ,- TORONTO,863,UNIDIRECCIONAL,ASFALTO,BUENO,SECO,DESPEJADO,0,0,0,0,0
-8139080.59815133,-4398971.34277611,2074,1549009,-36.711513,-73.114605,2023/07/13 00:00:00+00,1899/12/30 00:00:00+00,8,REGION BIO BIO,TALCAHUANO,COLISION LATERAL,COLISION,URBANA,TRAMO DE VIA RECTA,ADELANTAMIENTO SIN EL ESPACIO O TIEMPO SUFICIENTE,IMPRUDENCIA DEL CONDUCTOR,BLANCO ENCALADA, ,- BLANCO ENCALADA,94,BIDIRECCIONAL,CONCRETO,BUENO,SECO,DESPEJADO,0,0,0,0,0
-8144986.09713792,-4434893.95220317,2075,1545289,-36.96977,-73.167655,2023/07/13 00:00:00+00,1899/12/30 00:00:00+00,8,REGION BIO BIO,CORONEL,COLISION,COLISION,URBANA,TRAMO DE VIA RECTA,CONDUCCION BAJO LA INFLUENCIA DEL ALCOHOL,ALCOHOL EN CONDUCTOR,MANUEL MONTT,PARQUE INDUSTRIAL,MANUEL MONTT - PARQUE INDUSTRIAL,0,BIDIRECCIONAL CON BANDEJON,ASFALTO,BUENO,SECO,DESPEJADO,0,0,0,0,0
-8127890.6516173,-4433046.15646916,2076,1545300,-36.956507,-73.014084,2023/07/14 00:00:00+00,1899/12/30 00:00:00+00,8,REGION BIO BIO,CHIGUAYANTE,COLISION,COLISION,URBANA,TRAMO DE VIA RECTA,CONDUCCION EN ESTADO DE EBRIEDAD,ALCOHOL EN CONDUCTOR,21 DEMAYO, ,- 21 DEMAYO,3225,BIDIRECCIONAL CON BANDEJON,CONCRETO,BUENO,SECO,DESPEJADO,0,0,0,0,0
-8131906.05696971,-4412789.84227066,2077,1547948,-36.810961,-73.050155,2023/07/14 00:00:00+00,1899/12/30 00:00:00+00,8,REGION BIO BIO,CONCEPCION,COLISION PERPENDICULAR,COLISION,URBANA,CRUCE CON SEMAFORO FUNCIONANDO,SEÑALIZACION DESOBEDECER LUZ ROJA DE SEMAFORO,DESOBEDIENCIA A SEÑALIZACION,PAICAVI,LOS CARRERA,LOS CARRERA - PAICAVI,0,BIDIRECCIONAL CON BANDEJON,CONCRETO,BUENO,SECO,DESPEJADO,0,0,0,0,0
-8133989.51255939,-4415328.0816188,2078,1544854,-36.829214,-73.068871,2023/07/14 00:00:00+00,1899/12/30 00:00:00+00,8,REGION BIO BIO,CONCEPCION,COLISION,COLISION,URBANA,ENLACE A DESNIVEL,ADELANTAMIENTO SIN EL ESPACIO O TIEMPO SUFICIENTE,IMPRUDENCIA DEL CONDUCTOR,PUENTE JUAN PABLO II,COSTANERA,COSTANERA - PUENTE JUAN PABLO II,0,BIDIRECCIONAL CON BANDEJON,CONCRETO,BUENO,SECO,DESPEJADO,0,0,0,0,0
-8122248.53454594,-4383343.72819341,2079,1544847,-36.59889,-72.9634,2023/07/14 00:00:00+00,1899/12/30 00:00:00+00,8,REGION BIO BIO,TOME,COLISION PERPENDICULAR,COLISION,URBANA,ROTONDA,CONDUCCION NO ATENTO CONDICIONES TRANSITO MOMENTO,IMPRUDENCIA DEL CONDUCTOR,NIPAS, ,- NIPAS,832,BIDIRECCIONAL,CONCRETO,BUENO,SECO,DESPEJADO,0,0,0,0,0
-8143393.11522467,-4442179.18488142,2080,1545345,-37.022039,-73.153345,2023/07/14 00:00:00+00,1899/12/30 00:00:00+00,8,REGION BIO BIO,CORONEL,CHOQUE POSTERIOR,CHOQUE,URBANA,TRAMO DE VIA RECTA,CONDUCCION NO ATENTO CONDICIONES TRANSITO MOMENTO,IMPRUDENCIA DEL CONDUCTOR,MANUEL MONTT,ONOFRE ROJAS,MANUEL MONTT - ONOFRE ROJAS,0,UNIDIRECCIONAL,ASFALTO,REGULAR,SECO,DESPEJADO,0,1,0,0,1
-8126985.62415715,-4415264.24623184,2081,1547954,-36.828755,-73.005954,2023/07/14 00:00:00+00,1899/12/30 00:00:00+00,8,REGION BIO BIO,CONCEPCION,CHOQUE POSTERIOR,CHOQUE,URBANA,TRAMO DE VIA RECTA,FALLAS MECANICAS FRENOS,FALLAS MECANICAS,CAMINO NONGUEN, ,- CAMINO NONGUEN,705,BIDIRECCIONAL,CONCRETO,BUENO,SECO,DESPEJADO,0,1,0,0,1
-8128241.08537432,-4431337.82735116,2082,1548971,-36.944243,-73.017232,2023/07/14 00:00:00+00,1899/12/30 00:00:00+00,8,REGION BIO BIO,CHIGUAYANTE,CHOQUE FRENTE/POSTERIOR,CHOQUE,URBANA,CRUCE CON SEMAFORO FUNCIONANDO,VELOCIDAD NO RAZONABLE NI PRUDENTE,VELOCIDAD IMPRUDENTE,MANUEL RODRIGUEZ,COQUIMBO,COQUIMBO - MANUEL RODRIGUEZ,0,BIDIRECCIONAL CON BANDEJON,CONCRETO,BUENO,SECO,DESPEJADO,0,0,0,0,0
-8133724.79481029,-4415310.5581411,2083,1547984,-36.829088,-73.066493,2023/07/14 00:00:00+00,1899/12/30 00:00:00+00,8,REGION BIO BIO,CONCEPCION,COLISION PERPENDICULAR,COLISION,URBANA,CRUCE CON SEÑAL CEDA EL PASO,SEÑALIZACION DESOBEDECER SEÑAL CEDA EL PASO,DESOBEDIENCIA A SEÑALIZACION,CALETERA LOS CARRERA,ZAÑARTU,CALETERA LOS CARRERA - ZAÑARTU,0,UNIDIRECCIONAL,CONCRETO,BUENO,SECO,DESPEJADO,0,0,0,0,0
-8138474.79748244,-4408611.88873532,2084,1544825,-36.780907,-73.109163,2023/07/14 00:00:00+00,1899/12/30 00:00:00+00,8,REGION BIO BIO,HUALPEN,CHOQUE FRENTE/POSTERIOR,CHOQUE,URBANA,CRUCE CON SEÑAL CEDA EL PASO,CONDUCCION NO ATENTO CONDICIONES TRANSITO MOMENTO,IMPRUDENCIA DEL CONDUCTOR,SUIZA,LAS GOLONDRINAS,LAS GOLONDRINAS - SUIZA,0,BIDIRECCIONAL,CONCRETO,BUENO,SECO,DESPEJADO,0,1,0,0,1
-8053176.90557904,-4507305.2378808,2085,1544924,-37.487697,-72.342919,2023/07/14 00:00:00+00,1899/12/30 00:00:00+00,8,REGION BIO BIO,LOS ANGELES,CHOQUE FRENTE/POSTERIOR,CHOQUE,URBANA,OTROS NO CONSIDERADOS,CONDUCCION NO ATENTO CONDICIONES TRANSITO MOMENTO,IMPRUDENCIA DEL CONDUCTOR,LOS CARRERA,FRANCISCO ENCINA,FRANCISCO ENCINA - LOS CARRERA,0,BIDIRECCIONAL,ASFALTO,BUENO,SECO,DESPEJADO,0,0,0,0,0
-8053400.991714,-4505956.5570329,2086,1547903,-37.478083,-72.344932,2023/07/14 00:00:00+00,1899/12/30 00:00:00+00,8,REGION BIO BIO,LOS ANGELES,COLISION LATERAL,COLISION,URBANA,CRUCE CON SEÑAL PARE,SEÑALIZACION DESOBEDECER SEÑAL PARE,DESOBEDIENCIA A SEÑALIZACION,SAN MARTIN,CARLOS CONDELL,CARLOS CONDELL - SAN MARTIN,0,UNIDIRECCIONAL,CONCRETO,REGULAR,SECO,DESPEJADO,0,0,0,0,0
-8135868.69688348,-4416389.27933958,2087,1549983,-36.836844,-73.085752,2023/07/14 00:00:00+00,1899/12/30 00:00:00+00,8,REGION BIO BIO,SAN PEDRO DE LA PAZ,CHOQUE FRENTE/POSTERIOR,CHOQUE,URBANA,PUENTE,CONDUCCION NO ATENTO CONDICIONES TRANSITO MOMENTO,IMPRUDENCIA DEL CONDUCTOR,PUENTE LLACOLEN, ,- PUENTE LLACOLEN,1,BIDIRECCIONAL CON BANDEJON,CONCRETO,BUENO,SECO,DESPEJADO,0,0,0,0,0
-8054519.75259648,-4506307.52841701,2088,1544935,-37.480585,-72.354982,2023/07/14 00:00:00+00,1899/12/30 00:00:00+00,8,REGION BIO BIO,LOS ANGELES,CHOQUE POSTERIOR,CHOQUE,URBANA,CRUCE CON SEMAFORO FUNCIONANDO,CONDUCCION NO ATENTO CONDICIONES TRANSITO MOMENTO,IMPRUDENCIA DEL CONDUCTOR,ALCAZAR,VICUÑA MACKENNA,ALCAZAR - VICUÑA MACKENNA,0,BIDIRECCIONAL CON BANDEJON,ASFALTO,BUENO,SECO,DESPEJADO,0,0,0,0,0
-8131493.28429785,-4409133.10508685,2089,1545305,-36.784657,-73.046447,2023/07/14 00:00:00+00,1899/12/30 00:00:00+00,8,REGION BIO BIO,CONCEPCION,CHOQUE FRENTE/POSTERIOR,CHOQUE,URBANA,TRAMO DE VIA RECTA,CONDUCCION EN ESTADO DE EBRIEDAD,ALCOHOL EN CONDUCTOR,7 LAGUNAS, ,- 7 LAGUNAS,1064,BIDIRECCIONAL,ASFALTO,BUENO,SECO,DESPEJADO,0,0,0,0,0
-8133059.6608528,-4411224.75962519,2090,1545355,-36.799704,-73.060518,2023/07/15 00:00:00+00,1899/12/30 00:00:00+00,8,REGION BIO BIO,CONCEPCION,VOLCADURA,VOLCADURA,URBANA,TRAMO DE VIA RECTA,CONDUCCION EN ESTADO DE EBRIEDAD,ALCOHOL EN CONDUCTOR,PAICAVI, ,- PAICAVI,3117,BIDIRECCIONAL,ASFALTO,BUENO,SECO,DESPEJADO,0,1,0,0,1
-8054522.64690324,-4506376.96659413,2091,1544960,-37.48108,-72.355008,2023/07/15 00:00:00+00,1899/12/30 00:00:00+00,8,REGION BIO BIO,LOS ANGELES,COLISION FRONTAL,COLISION,URBANA,TRAMO DE VIA RECTA,CONDUCCION NO ATENTO CONDICIONES TRANSITO MOMENTO,IMPRUDENCIA DEL CONDUCTOR,VICUÑA MACKENNA,MANUEL RODRIGUEZ,MANUEL RODRIGUEZ - VICUÑA MACKENNA,0,UNIDIRECCIONAL,ASFALTO,BUENO,SECO,DESPEJADO,0,0,0,0,0
-8043551.6658076,-4483848.27189354,2092,1544971,-37.320309,-72.256454,2023/07/15 00:00:00+00,1899/12/30 00:00:00+00,8,REGION BIO BIO,LOS ANGELES,CHOQUE POSTERIOR/LADO,CHOQUE,URBANA,OTROS NO CONSIDERADOS,CONDUCCION NO ATENTO CONDICIONES TRANSITO MOMENTO,IMPRUDENCIA DEL CONDUCTOR,PEDREGAL, ,- PEDREGAL,190,BIDIRECCIONAL,CONCRETO,BUENO,SECO,DESPEJADO,0,0,0,0,0
-8051477.83619106,-4506856.87412752,2093,1544991,-37.484501,-72.327656,2023/07/15 00:00:00+00,1899/12/30 00:00:00+00,8,REGION BIO BIO,LOS ANGELES,CHOQUE FRENTE/POSTERIOR,CHOQUE,URBANA,TRAMO DE VIA RECTA,CONDUCCION NO ATENTO CONDICIONES TRANSITO MOMENTO,IMPRUDENCIA DEL CONDUCTOR,FRANCISCO ENCINA, ,- FRANCISCO ENCINA,1483,UNIDIRECCIONAL,CONCRETO,BUENO,SECO,DESPEJADO,0,0,0,0,0
-8132577.64745766,-4415296.51156475,2094,1548012,-36.828987,-73.056188,2023/07/15 00:00:00+00,1899/12/30 00:00:00+00,8,REGION BIO BIO,CONCEPCION,COLISION PERPENDICULAR,COLISION,URBANA,TRAMO DE VIA RECTA,SEÑALIZACION DESOBEDECER LUZ ROJA DE SEMAFORO,DESOBEDIENCIA A SEÑALIZACION,SALAS,BARROS ARANA,BARROS ARANA - SALAS,0,UNIDIRECCIONAL,CONCRETO,BUENO,SECO,DESPEJADO,0,0,0,0,0
-8094350.97959721,-4478862.56208225,2095,1545959,-37.284683,-72.712792,2023/07/15 00:00:00+00,1899/12/30 00:00:00+00,8,REGION BIO BIO,LAJA,COLISION,COLISION,URBANA,CRUCE CON SEÑAL PARE,SEÑALIZACION DESOBEDECER SEÑAL PARE,DESOBEDIENCIA A SEÑALIZACION,BALMACEDA,FELIX EICHER,BALMACEDA - FELIX EICHER,0,BIDIRECCIONAL,ASFALTO,BUENO,SECO,NUBLADO,0,0,0,0,0
-8132088.7322541,-4415934.3282722,2096,1548003,-36.833573,-73.051796,2023/07/15 00:00:00+00,1899/12/30 00:00:00+00,8,REGION BIO BIO,CONCEPCION,CHOQUE,CHOQUE,URBANA,TRAMO DE VIA RECTA,VELOCIDAD NO RAZONABLE NI PRUDENTE,VELOCIDAD IMPRUDENTE,ANGOL, ,- ANGOL,21,UNIDIRECCIONAL,CONCRETO,BUENO,SECO,DESPEJADO,0,0,0,0,0
-8052457.892988,-4503033.23397799,2097,1545031,-37.45724,-72.33646,2023/07/15 00:00:00+00,1899/12/30 00:00:00+00,8,REGION BIO BIO,LOS ANGELES,COLISION LATERAL,COLISION,URBANA,CRUCE CON SEMAFORO FUNCIONANDO,CONDUCCION NO ATENTO CONDICIONES TRANSITO MOMENTO,IMPRUDENCIA DEL CONDUCTOR,ALMAGRO,ALMIRANTE LATORRE,ALMAGRO - ALMIRANTE LATORRE,0,BIDIRECCIONAL CON BANDEJON,CONCRETO,BUENO,SECO,DESPEJADO,0,0,0,0,0
-8129335.91256627,-4428171.79373558,2098,1547591,-36.921509,-73.027067,2023/07/15 00:00:00+00,1899/12/30 00:00:00+00,8,REGION BIO BIO,CHIGUAYANTE,COLISION POR ALCANCE,COLISION,URBANA,CRUCE CON SEMAFORO FUNCIONANDO,CONDUCCION SIN MANTENER DISTANCIA RAZONABLE NI PRUDENTE,IMPRUDENCIA DEL CONDUCTOR,MANUEL RODRIGUEZ,COCHRANE,COCHRANE - MANUEL RODRIGUEZ,0,BIDIRECCIONAL CON BANDEJON,CONCRETO,BUENO,SECO,DESPEJADO,0,2,0,0,2
-8077644.37305794,-4453015.04068373,2099,1545956,-37.099716,-72.562714,2023/07/15 00:00:00+00,1899/12/30 00:00:00+00,8,REGION BIO BIO,YUMBEL,COLISION,COLISION,URBANA,CRUCE CON SEÑAL PARE,NO RESPETAR DERECHO PREFERENTE DE PASO A VEHICULO,IMPRUDENCIA DEL CONDUCTOR,GENERAL CRUZ,URIZAR,GENERAL CRUZ - URIZAR,0,UNIDIRECCIONAL,CONCRETO,BUENO,SECO,DESPEJADO,0,0,0,0,0
-8131990.54846322,-4414410.91931647,2100,1548042,-36.822619,-73.050914,2023/07/15 00:00:00+00,1899/12/30 00:00:00+00,8,REGION BIO BIO,CONCEPCION,ATROPELLO,ATROPELLO,URBANA,TRAMO DE VIA RECTA,PEATON CRUZA CALZADA FUERA PASO PEATONES,IMPRUDENCIA DEL PEATON,COLO COLO, ,- COLO COLO,805,UNIDIRECCIONAL,CONCRETO,BUENO,SECO,DESPEJADO,0,1,1,0,0
-8133254.2473227,-4409878.83629748,2101,1545301,-36.790022,-73.062266,2023/07/15 00:00:00+00,1899/12/30 00:00:00+00,8,REGION BIO BIO,CONCEPCION,COLISION,COLISION,URBANA,TRAMO DE VIA RECTA,CONDUCCION NO ATENTO CONDICIONES TRANSITO MOMENTO,IMPRUDENCIA DEL CONDUCTOR,JORGE ALESSANDRI RODRIGUEZ,RAMON CARRASCO,JORGE ALESSANDRI RODRIGUEZ - RAMON CARRASCO,0,BIDIRECCIONAL,CONCRETO,BUENO,SECO,DESPEJADO,0,0,0,0,0
-8128518.15958691,-4413987.20173074,2102,1547650,-36.819572,-73.019721,2023/07/15 00:00:00+00,1899/12/30 00:00:00+00,8,REGION BIO BIO,CONCEPCION,COLISION LATERAL,COLISION,URBANA,CRUCE CON SEÑAL CEDA EL PASO,CONDUCCION SIN MANTENER DISTANCIA RAZONABLE NI PRUDENTE,IMPRUDENCIA DEL CONDUCTOR,CALLEJON PUCHACAY,GENERAL NOVOA,CALLEJON PUCHACAY - GENERAL NOVOA,0,UNIDIRECCIONAL,CONCRETO,BUENO,SECO,DESPEJADO,0,0,0,0,0
-8053831.90946286,-4504416.18131191,2103,1545097,-37.467101,-72.348803,2023/07/15 00:00:00+00,1899/12/30 00:00:00+00,8,REGION BIO BIO,LOS ANGELES,CHOQUE POSTERIOR/LADO,CHOQUE,URBANA,OTROS NO CONSIDERADOS,CONDUCCION NO ATENTO CONDICIONES TRANSITO MOMENTO,IMPRUDENCIA DEL CONDUCTOR,VILLAGRAN, ,- VILLAGRAN,558,UNIDIRECCIONAL,CONCRETO,BUENO,SECO,DESPEJADO,0,0,0,0,0
-8138933.09982603,-4407966.86668867,2104,1544796,-36.776266,-73.11328,2023/07/15 00:00:00+00,1899/12/30 00:00:00+00,8,REGION BIO BIO,HUALPEN,COLISION,COLISION,URBANA,CRUCE CON SEMAFORO FUNCIONANDO,CONDUCCION CAMBIAR SORPRESIVAMENTE PISTA CIRCULACION,IMPRUDENCIA DEL CONDUCTOR,CAMINO A LENGA,GRAN BRETAÑA,CAMINO A LENGA - GRAN BRETAÑA,0,BIDIRECCIONAL CON BANDEJON,CONCRETO,BUENO,SECO,DESPEJADO,0,0,0,0,0
-8131971.95810826,-4413667.0954632,2105,1545321,-36.81727,-73.050747,2023/07/15 00:00:00+00,1899/12/30 00:00:00+00,8,REGION BIO BIO,CONCEPCION,COLISION POR ALCANCE,COLISION,URBANA,CRUCE CON SEÑAL PARE,CONDUCCION EN ESTADO DE EBRIEDAD,ALCOHOL EN CONDUCTOR,TUCAPEL,CRUZ,CRUZ - TUCAPEL,0,UNIDIRECCIONAL,CONCRETO,BUENO,SECO,DESPEJADO,0,0,0,0,0
-8136937.03003662,-4404081.85522826,2106,1549389,-36.748307,-73.095349,2023/07/15 00:00:00+00,1899/12/30 00:00:00+00,8,REGION BIO BIO,TALCAHUANO,CHOQUE POSTERIOR/FRENTE,CHOQUE,URBANA,TRAMO DE VIA RECTA,CONDUCCION NO ATENTO CONDICIONES TRANSITO MOMENTO,IMPRUDENCIA DEL CONDUCTOR,LUIS URIBE, ,- LUIS URIBE,3639,BIDIRECCIONAL,CONCRETO,BUENO,SECO,DESPEJADO,0,0,0,0,0
-8136106.69795479,-4409775.55670734,2107,1544780,-36.789279,-73.08789,2023/07/15 00:00:00+00,1899/12/30 00:00:00+00,8,REGION BIO BIO,HUALPEN,CHOQUE,CHOQUE,URBANA,CRUCE SIN SEÑALIZACION,CONDUCCION EN ESTADO DE EBRIEDAD,ALCOHOL EN CONDUCTOR,PATRIA VIEJA,CHAITEN,CHAITEN - PATRIA VIEJA,0,BIDIRECCIONAL,CONCRETO,BUENO,SECO,DESPEJADO,0,0,0,0,0
-8051562.88428202,-4506818.57611036,2108,1545118,-37.484228,-72.32842,2023/07/15 00:00:00+00,1899/12/30 00:00:00+00,8,REGION BIO BIO,LOS ANGELES,CHOQUE FRONTAL,CHOQUE,URBANA,TRAMO DE VIA RECTA,CONDUCCION EN ESTADO DE EBRIEDAD,ALCOHOL EN CONDUCTOR,FRANCISCO ENCINA, ,- FRANCISCO ENCINA,1400,UNIDIRECCIONAL,ASFALTO,BUENO,SECO,DESPEJADO,0,0,0,0,0
-8051424.62547446,-4500771.2088336,2109,1545121,-37.441108,-72.327178,2023/07/15 00:00:00+00,1899/12/30 00:00:00+00,8,REGION BIO BIO,LOS ANGELES,CHOQUE POSTERIOR/POSTERIOR,CHOQUE,URBANA,CRUCE CON SEMAFORO FUNCIONANDO,CONDUCCION NO ATENTO CONDICIONES TRANSITO MOMENTO,IMPRUDENCIA DEL CONDUCTOR,LAS INDUSTRIAS,SOR VICENTA,LAS INDUSTRIAS - SOR VICENTA,0,BIDIRECCIONAL CON BANDEJON,ASFALTO,BUENO,SECO,DESPEJADO,0,0,0,0,0
-8138562.73988017,-4409413.73853343,2110,1544774,-36.786676,-73.109953,2023/07/16 00:00:00+00,1899/12/30 00:00:00+00,8,REGION BIO BIO,HUALPEN,CHOQUE FRONTAL,CHOQUE,URBANA,TRAMO DE VIA RECTA,CONDUCCION EN ESTADO DE EBRIEDAD,ALCOHOL EN CONDUCTOR,JORGE ALESSANDRI RODRIGUEZ,CRISTOBAL COLON,CRISTOBAL COLON - JORGE ALESSANDRI RODRIGUEZ,0,BIDIRECCIONAL CON BANDEJON,CONCRETO,BUENO,SECO,DESPEJADO,0,1,0,0,1
-8041434.36909271,-4539648.16218876,2111,1548175,-37.717881,-72.237434,2023/07/16 00:00:00+00,1899/12/30 00:00:00+00,8,REGION BIO BIO,MULCHEN,CHOQUE,CHOQUE,URBANA,TRAMO DE VIA RECTA,EBRIEDAD DEL PEATON,ALCOHOL EN PEATON,BERNARDO O'HIGGINS, ,- BERNARDO O'HIGGINS,661,BIDIRECCIONAL,CONCRETO,BUENO,SECO,DESPEJADO,0,0,0,0,0
-8138020.61396,-4403858.46045197,2112,1546305,-36.746699,-73.105083,2023/07/16 00:00:00+00,1899/12/30 00:00:00+00,8,REGION BIO BIO,TALCAHUANO,VOLCADURA,VOLCADURA,URBANA,TRAMO DE VIA RECTA,VELOCIDAD NO RAZONABLE NI PRUDENTE,VELOCIDAD IMPRUDENTE,ALTO HORNO, ,- ALTO HORNO,207,BIDIRECCIONAL,CONCRETO,BUENO,SECO,DESPEJADO,0,1,1,0,0
-8177478.14143015,-4526953.74710649,2113,1546443,-37.62762,-73.459536,2023/07/16 00:00:00+00,1899/12/30 00:00:00+00,8,REGION BIO BIO,LOS ALAMOS,COLISION PERPENDICULAR,COLISION,URBANA,TRAMO DE VIA RECTA,CONDUCCION NO ATENTO CONDICIONES TRANSITO MOMENTO,IMPRUDENCIA DEL CONDUCTOR,IGNACIO CARRERA PINTO,SERRANO,IGNACIO CARRERA PINTO - SERRANO,0,BIDIRECCIONAL CON BANDEJON,ASFALTO,BUENO,HUMEDO,DESPEJADO,0,2,0,1,1
-8172815.63587776,-4516557.65450533,2114,1545964,-37.553619,-73.417652,2023/07/16 00:00:00+00,1899/12/30 00:00:00+00,8,REGION BIO BIO,LAJA,CHOQUE FRONTAL,CHOQUE,URBANA,CRUCE CON SEÑAL PARE,CONDUCCION EN ESTADO DE EBRIEDAD,ALCOHOL EN CONDUCTOR,CELULOSA,LOS RIOS,CELULOSA - LOS RIOS,0,BIDIRECCIONAL,ASFALTO,BUENO,HUMEDO,NUBLADO,0,0,0,0,0
-8131765.34913334,-4413069.59879079,2115,1545319,-36.812973,-73.048891,2023/07/16 00:00:00+00,1899/12/30 00:00:00+00,8,REGION BIO BIO,CONCEPCION,VOLCADURA,VOLCADURA,URBANA,TRAMO DE VIA RECTA,VELOCIDAD NO RAZONABLE NI PRUDENTE,VELOCIDAD IMPRUDENTE,PAICAVI,BANDERA,BANDERA - PAICAVI,0,BIDIRECCIONAL CON BANDEJON,CONCRETO,BUENO,HUMEDO,DESPEJADO,0,1,1,0,0
-8088884.85864079,-4415319.73710201,2116,1546821,-36.829154,-72.663689,2023/07/16 00:00:00+00,1899/12/30 00:00:00+00,8,REGION BIO BIO,FLORIDA,COLISION LATERAL,COLISION,URBANA,TRAMO DE VIA RECTA,CONDUCCION NO ATENTO CONDICIONES TRANSITO MOMENTO,IMPRUDENCIA DEL CONDUCTOR,BAQUEDANO, ,- BAQUEDANO,100,UNIDIRECCIONAL,ASFALTO,BUENO,SECO,DESPEJADO,0,0,0,0,0
-8142586.16023591,-4425050.9702485,2117,1549834,-36.899093,-73.146096,2023/07/16 00:00:00+00,1899/12/30 00:00:00+00,8,REGION BIO BIO,SAN PEDRO DE LA PAZ,COLISION LATERAL,COLISION,URBANA,CRUCE SIN SEÑALIZACION,CONDUCCION NO ATENTO CONDICIONES TRANSITO MOMENTO,IMPRUDENCIA DEL CONDUCTOR,MARIANO LATORRE,MARCELA PAZ,MARCELA PAZ - MARIANO LATORRE,0,BIDIRECCIONAL,CONCRETO,REGULAR,SECO,DESPEJADO,0,3,0,0,3