X,Y,FID,Idaccident,Latitude,Longitude,Fecha,Hora,Cód_Regi,Región,Comuna,Tipo_Accid,Tipo__CONA,Zona,Ubicación,Causa,Causa__CON,Calle_Uno,Calle_Dos,Intersecci,Número,Calzada,Tipo_Calza,Estado_Cal,Condición,Estado_Atm,Fallecidos,Lesionados,Graves,Menos_Grav,Leves
-8139345.09326146,-4400814.20065655,2326,1549428,-36.724783,-73.116981,2023/07/27 00:00:00+00,1899/12/30 00:00:00+00,8,REGION BIO BIO,TALCAHUANO,COLISION LATERAL,COLISION,URBANA,TRAMO DE VIA RECTA,CONDUCCION CAMBIAR SORPRESIVAMENTE PISTA CIRCULACION,IMPRUDENCIA DEL CONDUCTOR,CRISTOBAL COLON, ,- CRISTOBAL COLON,2194,BIDIRECCIONAL CON BANDEJON,CONCRETO,BUENO,SECO,DESPEJADO,0,1,0,0,1
-8136571.67946783,-4419187.42674697,2327,1550759,-36.856959,-73.092067,2023/07/27 00:00:00+00,1899/12/30 00:00:00+00,8,REGION BIO BIO,SAN PEDRO DE LA PAZ,CHOQUE FRONTAL,CHOQUE,URBANA,TRAMO DE VIA RECTA,CONDUCCION NO ATENTO CONDICIONES TRANSITO MOMENTO,IMPRUDENCIA DEL CONDUCTOR,CAMINO EL VENADO, ,- CAMINO EL VENADO,1760,BIDIRECCIONAL,CONCRETO,BUENO,SECO,DESPEJADO,0,1,0,0,1
-8138891.80029495,-4399128.39685261,2328,1549423,-36.712644,-73.112909,2023/07/27 00:00:00+00,1899/12/30 00:00:00+00,8,REGION BIO BIO,TALCAHUANO,OTRO TIPO,OTRO TIPO,URBANA,TRAMO DE VIA RECTA,OTRAS CAUSAS,OTRAS CAUSAS,BLANCO ENCALADA, ,- BLANCO ENCALADA,301,BIDIRECCIONAL CON BANDEJON,CONCRETO,BUENO,SECO,DESPEJADO,0,1,0,0,1
-8138256.16600252,-4402048.96857039,2329,1548668,-36.733673,-73.107199,2023/07/27 00:00:00+00,1899/12/30 00:00:00+00,8,REGION BIO BIO,TALCAHUANO,COLISION LATERAL,COLISION,URBANA,TRAMO DE VIA RECTA,ADELANTAMIENTO SIN EL ESPACIO O TIEMPO SUFICIENTE,IMPRUDENCIA DEL CONDUCTOR,CRISTOBAL COLON, ,- CRISTOBAL COLON,2400,BIDIRECCIONAL CON BANDEJON,CONCRETO,BUENO,SECO,DESPEJADO,0,0,0,0,0
-8152049.09618977,-4581750.33063015,2330,1549754,-38.016453,-73.231103,2023/07/27 00:00:00+00,1899/12/30 00:00:00+00,8,REGION BIO BIO,CONTULMO,COLISION,COLISION,URBANA,TRAMO DE VIA RECTA,CONDUCCION NO ATENTO CONDICIONES TRANSITO MOMENTO,IMPRUDENCIA DEL CONDUCTOR,ESMERALDA,LA PAZ,ESMERALDA - LA PAZ,0,BIDIRECCIONAL,CONCRETO,BUENO,HUMEDO,NEBLINA,0,0,0,0,0
-8172304.34545655,-4524739.5263057,2331,1549006,-37.611865,-73.413059,2023/07/27 00:00:00+00,1899/12/30 00:00:00+00,8,REGION BIO BIO,LOS ALAMOS,ATROPELLO,ATROPELLO,URBANA,TRAMO DE VIA RECTA,CONDUCCION EN ESTADO DE EBRIEDAD,ALCOHOL EN CONDUCTOR,LOS COPIHUES,LOS CHILCOS,LOS CHILCOS - LOS COPIHUES,0,BIDIRECCIONAL,RIPIO,REGULAR, ,NEBLINA,0,1,0,0,1
-8163829.81526144,-4506413.15879608,2332,1547543,-37.481338,-73.336931,2023/07/27 00:00:00+00,1899/12/30 00:00:00+00,8,REGION BIO BIO,CURANILAHUE,COLISION FRONTAL,COLISION,URBANA,TRAMO DE VIA RECTA,CONDUCCION CONTRA SENTIDO DEL TRANSITO,IMPRUDENCIA DEL CONDUCTOR,JUAN BENITEZ MEZA, ,- JUAN BENITEZ MEZA,386,UNIDIRECCIONAL,CONCRETO,BUENO,SECO,DESPEJADO,0,0,0,0,0
-8132943.33198492,-4413875.39983774,2333,1547905,-36.818768,-73.059473,2023/07/27 00:00:00+00,1899/12/30 00:00:00+00,8,REGION BIO BIO,CONCEPCION,COLISION,COLISION,URBANA,CRUCE CON SEÑAL CEDA EL PASO,SEÑALIZACION DESOBEDECER SEÑAL CEDA EL PASO,DESOBEDIENCIA A SEÑALIZACION,LINCOYAN,MANUEL RODRIGUEZ,LINCOYAN - MANUEL RODRIGUEZ,0,UNIDIRECCIONAL,CONCRETO,BUENO,SECO,DESPEJADO,0,1,0,0,1
-8134257.01329577,-4414677.50709345,2334,1547282,-36.824536,-73.071274,2023/07/27 00:00:00+00,1899/12/30 00:00:00+00,8,REGION BIO BIO,CONCEPCION,COLISION,COLISION,URBANA,TRAMO DE VIA RECTA,CONDUCCION NO ATENTO CONDICIONES TRANSITO MOMENTO,IMPRUDENCIA DEL CONDUCTOR,COSTANERA, ,- COSTANERA,1525,BIDIRECCIONAL,CONCRETO,BUENO,SECO,DESPEJADO,0,0,0,0,0
-8133085.59829415,-4415011.13365242,2335,1547481,-36.826935,-73.060751,2023/07/28 00:00:00+00,1899/12/30 00:00:00+00,8,REGION BIO BIO,CONCEPCION,CHOQUE,CHOQUE,URBANA,CRUCE CON SEMAFORO FUNCIONANDO,CONDUCCION EN ESTADO DE EBRIEDAD,ALCOHOL EN CONDUCTOR,LOS CARRERA,ARTURO PRAT,ARTURO PRAT - LOS CARRERA,0,BIDIRECCIONAL CON BANDEJON,CONCRETO,BUENO,SECO,NUBLADO,0,1,0,0,1
-8138638.10317543,-4409180.22430208,2336,1547570,-36.784996,-73.11063,2023/07/28 00:00:00+00,1899/12/30 00:00:00+00,8,REGION BIO BIO,HUALPEN,COLISION,COLISION,URBANA,CRUCE CON SEMAFORO FUNCIONANDO,CONDUCCION NO ATENTO CONDICIONES TRANSITO MOMENTO,IMPRUDENCIA DEL CONDUCTOR,GRAN BRETAÑA,FINLANDIA,FINLANDIA - GRAN BRETAÑA,0,BIDIRECCIONAL,CONCRETO,BUENO,SECO,DESPEJADO,0,1,0,0,1
-8139345.09326146,-4400814.20065655,2337,1549397,-36.724783,-73.116981,2023/07/28 00:00:00+00,1899/12/30 00:00:00+00,8,REGION BIO BIO,TALCAHUANO,COLISION LATERAL,COLISION,URBANA,TRAMO DE VIA RECTA,SEÑALIZACION DESOBEDECER LUZ ROJA DE SEMAFORO,DESOBEDIENCIA A SEÑALIZACION,CRISTOBAL COLON, ,- CRISTOBAL COLON,3341,BIDIRECCIONAL CON BANDEJON,CONCRETO,BUENO,SECO,DESPEJADO,0,0,0,0,0
-8136679.7706934,-4416823.80289554,2338,1550976,-36.839968,-73.093038,2023/07/28 00:00:00+00,1899/12/30 00:00:00+00,8,REGION BIO BIO,SAN PEDRO DE LA PAZ,ATROPELLO,ATROPELLO,URBANA,CRUCE SIN SEÑALIZACION,CONDUCCION NO ATENTO CONDICIONES TRANSITO MOMENTO,IMPRUDENCIA DEL CONDUCTOR,VICTORIA,LOTA,LOTA - VICTORIA,0,BIDIRECCIONAL,ASFALTO,BUENO,SECO,DESPEJADO,0,1,0,0,1
-8133574.84745619,-4415732.52037742,2339,1548715,-36.832122,-73.065146,2023/07/28 00:00:00+00,1899/12/30 00:00:00+00,8,REGION BIO BIO,CONCEPCION,COLISION PERPENDICULAR,COLISION,URBANA,CRUCE CON SEÑAL CEDA EL PASO,SEÑALIZACION DESOBEDECER SEÑAL CEDA EL PASO,DESOBEDIENCIA A SEÑALIZACION,COSTANERA,CENTRAL NORTE,CENTRAL NORTE - COSTANERA,0,BIDIRECCIONAL CON BANDEJON,CONCRETO,BUENO,SECO,DESPEJADO,0,1,0,0,1
-8130545.06487527,-4413698.38257569,2340,1547910,-36.817495,-73.037929,2023/07/28 00:00:00+00,1899/12/30 00:00:00+00,8,REGION BIO BIO,CONCEPCION,COLISION,COLISION,URBANA,TRAMO DE VIA RECTA,CONDUCCION SIN MANTENER DISTANCIA RAZONABLE NI PRUDENTE,IMPRUDENCIA DEL CONDUCTOR,LOS CARRERA,LIENTUR,LIENTUR - LOS CARRERA,0,BIDIRECCIONAL CON BANDEJON,CONCRETO,BUENO,SECO,DESPEJADO,0,1,0,0,1
-8041730.36761873,-4540742.51119852,2341,1548524,-37.725657,-72.240093,2023/07/28 00:00:00+00,1899/12/30 00:00:00+00,8,REGION BIO BIO,MULCHEN,CHOQUE,CHOQUE,URBANA,TRAMO DE VIA RECTA,CONDUCCION NO ATENTO CONDICIONES TRANSITO MOMENTO,IMPRUDENCIA DEL CONDUCTOR,SALVO, ,- SALVO,105,BIDIRECCIONAL,CONCRETO,BUENO,SECO,DESPEJADO,0,0,0,0,0
-8123449.89449058,-4399386.6870987,2342,1551461,-36.714504,-72.974192,2023/07/28 00:00:00+00,1899/12/30 00:00:00+00,8,REGION BIO BIO,PENCO,ATROPELLO,ATROPELLO,URBANA,TRAMO DE VIA RECTA,PEATON CRUZA CALZADA FUERA PASO PEATONES,IMPRUDENCIA DEL PEATON,FRESIA, ,- FRESIA,200,UNIDIRECCIONAL,ASFALTO,BUENO,SECO,DESPEJADO,0,1,0,0,1
-8131478.03352761,-4413638.17234769,2343,1549514,-36.817062,-73.04631,2023/07/28 00:00:00+00,1899/12/30 00:00:00+00,8,REGION BIO BIO,CONCEPCION,COLISION,COLISION,URBANA,TRAMO DE VIA RECTA,CONDUCCION SIN MANTENER DISTANCIA RAZONABLE NI PRUDENTE,IMPRUDENCIA DEL CONDUCTOR,BULNES,PAICAVI,BULNES - PAICAVI,0,BIDIRECCIONAL,CONCRETO,BUENO,SECO,DESPEJADO,0,0,0,0,0
-8132088.28697614,-4414855.3750576,2344,1548727,-36.825815,-73.051792,2023/07/28 00:00:00+00,1899/12/30 00:00:00+00,8,REGION BIO BIO,CONCEPCION,ATROPELLO,ATROPELLO,URBANA,CRUCE CON SEMAFORO FUNCIONANDO,PEATON PERMANECE SOBRE LA CALZADA,IMPRUDENCIA DEL PEATON,FREIRE,CAUPOLICAN,CAUPOLICAN - FREIRE,0,UNIDIRECCIONAL,CONCRETO,BUENO,SECO,DESPEJADO,0,1,1,0,0
-8051274.01020341,-4504779.16333035,2345,1548491,-37.469689,-72.325825,2023/07/28 00:00:00+00,1899/12/30 00:00:00+00,8,REGION BIO BIO,LOS ANGELES,CHOQUE LADO/FRENTE,CHOQUE,URBANA,TRAMO DE VIA RECTA,CONDUCCION NO ATENTO CONDICIONES TRANSITO MOMENTO,IMPRUDENCIA DEL CONDUCTOR,LAS INDUSTRIAS, ,- LAS INDUSTRIAS,502,BIDIRECCIONAL,CONCRETO,BUENO,SECO,DESPEJADO,0,0,0,0,0
-8131671.5068026,-4414272.96936949,2346,1547549,-36.821627,-73.048048,2023/07/28 00:00:00+00,1899/12/30 00:00:00+00,8,REGION BIO BIO,HUALPEN,ATROPELLO,ATROPELLO,URBANA,CRUCE CON SEMAFORO FUNCIONANDO,SEÑALIZACION DESOBEDECER LUZ ROJA DE SEMAFORO,DESOBEDIENCIA A SEÑALIZACION,LOS CARRERA,TUCAPEL,LOS CARRERA - TUCAPEL,0,BIDIRECCIONAL CON BANDEJON,CONCRETO,BUENO,SECO,DESPEJADO,0,0,0,0,0
-8138562.73988017,-4409413.73853343,2347,1547594,-36.786676,-73.109953,2023/07/28 00:00:00+00,1899/12/30 00:00:00+00,8,REGION BIO BIO,HUALPEN,COLISION,COLISION,URBANA,CRUCE CON SEÑAL CEDA EL PASO,CONDUCCION NO ATENTO CONDICIONES TRANSITO MOMENTO,IMPRUDENCIA DEL CONDUCTOR,LAS GOLONDRINAS,CRISTOBAL COLON,CRISTOBAL COLON - LAS GOLONDRINAS,0,UNIDIRECCIONAL,CONCRETO,BUENO,SECO,DESPEJADO,0,0,0,0,0
-8139171.43485582,-4398948.43057092,2348,1549433,-36.711348,-73.115421,2023/07/28 00:00:00+00,1899/12/30 00:00:00+00,8,REGION BIO BIO,TALCAHUANO,CHOQUE POSTERIOR/LADO,CHOQUE,URBANA,TRAMO DE VIA RECTA,CONDUCCION EN ESTADO DE EBRIEDAD,ALCOHOL EN CONDUCTOR,LATORRE, ,- LATORRE,12,BIDIRECCIONAL,CONCRETO,BUENO,SECO,DESPEJADO,0,0,0,0,0
-8129740.33627632,-4426987.31542019,2349,1548940,-36.913002,-73.0307,2023/07/28 00:00:00+00,1899/12/30 00:00:00+00,8,REGION BIO BIO,CHIGUAYANTE,CHOQUE FRENTE/LADO,CHOQUE,URBANA,TRAMO DE VIA RECTA,"CONDICIONES FISICAS DEFICIENTES (CANSANCIO, SUEÑO)",DROGAS Y/O FATIGA EN CONDUCTOR,LAS ARAUCARIAS,8 ORIENTE,8 ORIENTE - LAS ARAUCARIAS,0,BIDIRECCIONAL,CONCRETO,BUENO,SECO,DESPEJADO,0,0,0,0,0
-8057339.69793725,-4506024.44986113,2350,1548571,-37.478567,-72.380314,2023/07/29 00:00:00+00,1899/12/30 00:00:00+00,8,REGION BIO BIO,LOS ANGELES,CHOQUE LADO/LADO,CHOQUE,URBANA,CRUCE CON SEÑAL PARE,CONDUCCION EN ESTADO DE EBRIEDAD,ALCOHOL EN CONDUCTOR,PATRICIO LYNCH,COMPAÑIA DE MARIA,COMPAÑIA DE MARIA - PATRICIO LYNCH,0,BIDIRECCIONAL,CONCRETO,BUENO,SECO,NUBLADO,0,0,0,0,0
-8169738.54251326,-4551088.77462879,2351,1549780,-37.799133,-73.39001,2023/07/29 00:00:00+00,1899/12/30 00:00:00+00,8,REGION BIO BIO,CAÑETE,CHOQUE,CHOQUE,URBANA,TRAMO DE VIA RECTA,CONDUCCION EN ESTADO DE EBRIEDAD,ALCOHOL EN CONDUCTOR,PRESIDENTE FREI,SIMON BOLIVAR,PRESIDENTE FREI - SIMON BOLIVAR,0,BIDIRECCIONAL,CONCRETO,BUENO,SECO,DESPEJADO,0,0,0,0,0
-8128040.71029089,-4415059.94775269,2352,1547921,-36.827286,-73.015432,2023/07/29 00:00:00+00,1899/12/30 00:00:00+00,8,REGION BIO BIO,CONCEPCION,CHOQUE FRENTE/POSTERIOR,CHOQUE,URBANA,CRUCE CON SEMAFORO FUNCIONANDO,VELOCIDAD NO RAZONABLE NI PRUDENTE,VELOCIDAD IMPRUDENTE, ,CALLE DOS,- CALLE DOS,0,BIDIRECCIONAL,CONCRETO,BUENO,SECO,DESPEJADO,0,0,0,0,0
-8051863.44690717,-4506905.27292081,2353,1548613,-37.484846,-72.33112,2023/07/29 00:00:00+00,1899/12/30 00:00:00+00,8,REGION BIO BIO,LOS ANGELES,CHOQUE FRENTE/LADO,CHOQUE,URBANA,TRAMO DE VIA RECTA,CONDUCCION NO ATENTO CONDICIONES TRANSITO MOMENTO,IMPRUDENCIA DEL CONDUCTOR,CORDOVA, ,- CORDOVA,1608,UNIDIRECCIONAL,CONCRETO,BUENO,SECO,DESPEJADO,0,0,0,0,0
-8132046.76480607,-4415973.27165597,2354,1548857,-36.833853,-73.051419,2023/07/29 00:00:00+00,1899/12/30 00:00:00+00,8,REGION BIO BIO,CONCEPCION,COLISION PERPENDICULAR,COLISION,URBANA,CRUCE CON SEÑAL PARE,CONDUCCION BAJO LA INFLUENCIA DEL ALCOHOL,ALCOHOL EN CONDUCTOR,VICTOR LAMAS,ANGOL,ANGOL - VICTOR LAMAS,0,UNIDIRECCIONAL,CONCRETO,BUENO,SECO,DESPEJADO,0,0,0,0,0
-8141961.43525357,-4443857.74646639,2355,1551129,-37.034077,-73.140484,2023/07/29 00:00:00+00,1899/12/30 00:00:00+00,8,REGION BIO BIO,CORONEL,CHOQUE,CHOQUE,URBANA,TRAMO DE VIA RECTA,CONDUCCION BAJO LA INFLUENCIA DEL ALCOHOL,ALCOHOL EN CONDUCTOR,LOS CHIFLONES,SEBASTIAN CORREA,LOS CHIFLONES - SEBASTIAN CORREA,0,BIDIRECCIONAL,ASFALTO,BUENO,HUMEDO,DESPEJADO,0,1,0,0,1
-8074017.91800637,-4520997.1473224,2356,1548019,-37.585229,-72.530137,2023/07/29 00:00:00+00,1899/12/30 00:00:00+00,8,REGION BIO BIO,NEGRETE,COLISION,COLISION,URBANA,TRAMO DE VIA RECTA,SEÑALIZACION DESOBEDECER SEÑAL PARE,DESOBEDIENCIA A SEÑALIZACION,10 DE JULIO,IGNACIO CARRERA PINTO,10 DE JULIO - IGNACIO CARRERA PINTO,0,BIDIRECCIONAL,ASFALTO,BUENO,SECO,NEBLINA,0,0,0,0,0
-8053915.84435892,-4505020.55052464,2357,1548604,-37.47141,-72.349557,2023/07/29 00:00:00+00,1899/12/30 00:00:00+00,8,REGION BIO BIO,LOS ANGELES,COLISION,COLISION,URBANA,CRUCE CON SEMAFORO FUNCIONANDO,CONDUCCION NO ATENTO CONDICIONES TRANSITO MOMENTO,IMPRUDENCIA DEL CONDUCTOR,CAUPOLICAN,ALMAGRO,ALMAGRO - CAUPOLICAN,0,UNIDIRECCIONAL,CONCRETO,BUENO,SECO,DESPEJADO,0,0,0,0,0
-8139345.09326146,-4400814.20065655,2358,1549394,-36.724783,-73.116981,2023/07/29 00:00:00+00,1899/12/30 00:00:00+00,8,REGION BIO BIO,TALCAHUANO,CHOQUE POSTERIOR/LADO,CHOQUE,URBANA,OTROS NO CONSIDERADOS,CONDUCCION NO ATENTO CONDICIONES TRANSITO MOMENTO,IMPRUDENCIA DEL CONDUCTOR,JORGE ALESSANDRI PALMA, ,- JORGE ALESSANDRI PALMA,3177,BIDIRECCIONAL,CONCRETO,BUENO,SECO,DESPEJADO,0,0,0,0,0
-8170790.40038176,-4551193.30919003,2359,1549761,-37.799875,-73.399459,2023/07/29 00:00:00+00,1899/12/30 00:00:00+00,8,REGION BIO BIO,CAÑETE,ATROPELLO,ATROPELLO,URBANA,CRUCE CON SEÑAL CEDA EL PASO,CONDUCCION NO ATENTO CONDICIONES TRANSITO MOMENTO,IMPRUDENCIA DEL CONDUCTOR,SAAVEDRA,ARTURO PRAT,ARTURO PRAT - SAAVEDRA,0,BIDIRECCIONAL,CONCRETO,BUENO,SECO,DESPEJADO,0,1,0,0,1
-8133521.08014214,-4414182.0235075,2360,1548877,-36.820973,-73.064663,2023/07/29 00:00:00+00,1899/12/30 00:00:00+00,8,REGION BIO BIO,CONCEPCION,VOLCADURA,VOLCADURA,URBANA,TRAMO DE VIA RECTA,VELOCIDAD NO RAZONABLE NI PRUDENTE,VELOCIDAD IMPRUDENTE,MANUEL RODRIGUEZ,21 DE MAYO,21 DE MAYO - MANUEL RODRIGUEZ,0,BIDIRECCIONAL CON BANDEJON,CONCRETO,BUENO,SECO,DESPEJADO,0,1,1,0,0
-8052312.28709404,-4505452.28418889,2361,1548599,-37.474488,-72.335152,2023/07/29 00:00:00+00,1899/12/30 00:00:00+00,8,REGION BIO BIO,LOS ANGELES,COLISION,COLISION,URBANA,TRAMO DE VIA RECTA,CONDUCCION NO ATENTO CONDICIONES TRANSITO MOMENTO,IMPRUDENCIA DEL CONDUCTOR,GABRIELA MISTRAL, ,- GABRIELA MISTRAL,1255,BIDIRECCIONAL CON BANDEJON,CONCRETO,BUENO,SECO,NUBLADO,0,0,0,0,0
-8162166.81338848,-4473824.95171931,2362,1550362,-37.248669,-73.321992,2023/07/29 00:00:00+00,1899/12/30 00:00:00+00,8,REGION BIO BIO,ARAUCO,ATROPELLO,ATROPELLO,URBANA,CRUCE SIN SEÑALIZACION,CONDUCCION NO ATENTO CONDICIONES TRANSITO MOMENTO,IMPRUDENCIA DEL CONDUCTOR,TUCAPEL,COVADONGA,COVADONGA - TUCAPEL,0,UNIDIRECCIONAL,CONCRETO,BUENO,SECO,DESPEJADO,0,0,0,0,0
-8138762.89232461,-4400169.51137902,2363,1549396,-36.720141,-73.111751,2023/07/29 00:00:00+00,1899/12/30 00:00:00+00,8,REGION BIO BIO,TALCAHUANO,ATROPELLO,ATROPELLO,URBANA,TRAMO DE VIA RECTA,VELOCIDAD NO RAZONABLE NI PRUDENTE,VELOCIDAD IMPRUDENTE,SERRANO, ,- SERRANO,1098,BIDIRECCIONAL,CONCRETO,BUENO,SECO,DESPEJADO,0,1,0,0,1
-8042350.52850194,-4540249.50513487,2364,1548549,-37.722154,-72.245664,2023/07/29 00:00:00+00,1899/12/30 00:00:00+00,8,REGION BIO BIO,MULCHEN,COLISION,COLISION,URBANA,CRUCE CON SEÑAL CEDA EL PASO,CONDUCCION SIN MANTENER DISTANCIA RAZONABLE NI PRUDENTE,IMPRUDENCIA DEL CONDUCTOR,GANA,UNZUETA,GANA - UNZUETA,0,UNIDIRECCIONAL,CONCRETO,BUENO,SECO,DESPEJADO,0,1,0,0,1
-8041913.59950057,-4540109.19336929,2365,1548543,-37.721157,-72.241739,2023/07/29 00:00:00+00,1899/12/30 00:00:00+00,8,REGION BIO BIO,MULCHEN,CHOQUE,CHOQUE,URBANA,CRUCE CON SEÑAL CEDA EL PASO,CONDUCCION NO ATENTO CONDICIONES TRANSITO MOMENTO,IMPRUDENCIA DEL CONDUCTOR,VILLAGRA,ANIBAL PINTO,ANIBAL PINTO - VILLAGRA,0,BIDIRECCIONAL,CONCRETO,BUENO,SECO,NUBLADO,0,0,0,0,0
-8132652.34283599,-4414788.76114032,2366,1548909,-36.825336,-73.056859,2023/07/29 00:00:00+00,1899/12/30 00:00:00+00,8,REGION BIO BIO,CONCEPCION,COLISION PERPENDICULAR,COLISION,URBANA,TRAMO DE VIA RECTA,SEÑALIZACION DESOBEDECER LUZ ROJA DE SEMAFORO,DESOBEDIENCIA A SEÑALIZACION,LOS CARRERA,ANGOL,ANGOL - LOS CARRERA,0,BIDIRECCIONAL CON BANDEJON,CONCRETO,BUENO,SECO,NUBLADO,0,2,1,0,1
-8132099.08496674,-4414789.17834519,2367,1548836,-36.825339,-73.051889,2023/07/29 00:00:00+00,1899/12/30 00:00:00+00,8,REGION BIO BIO,CONCEPCION,CHOQUE,CHOQUE,URBANA,TRAMO DE VIA RECTA,CONDUCCION NO ATENTO CONDICIONES TRANSITO MOMENTO,IMPRUDENCIA DEL CONDUCTOR,CAUPOLICAN, ,- CAUPOLICAN,648,UNIDIRECCIONAL,CONCRETO,BUENO,SECO,DESPEJADO,0,0,0,0,0
-8161587.3954389,-4474190.23523945,2368,1550395,-37.251281,-73.316787,2023/07/29 00:00:00+00,1899/12/30 00:00:00+00,8,REGION BIO BIO,ARAUCO,CHOQUE,CHOQUE,URBANA,TRAMO DE VIA RECTA,CONDUCCION EN ESTADO DE EBRIEDAD,ALCOHOL EN CONDUCTOR,CAUPOLICAN, ,- CAUPOLICAN,769,BIDIRECCIONAL,CONCRETO,BUENO,SECO,NUBLADO,0,5,0,1,4
-8132690.63674082,-4416986.2669655,2369,1548863,-36.841136,-73.057203,2023/07/29 00:00:00+00,1899/12/30 00:00:00+00,8,REGION BIO BIO,CONCEPCION,CHOQUE,CHOQUE,URBANA,TRAMO DE VIA RECTA,CONDUCCION NO ATENTO CONDICIONES TRANSITO MOMENTO,IMPRUDENCIA DEL CONDUCTOR,GABRIELA MISTRAL, ,- GABRIELA MISTRAL,425,BIDIRECCIONAL,CONCRETO,BUENO,SECO,NUBLADO,0,0,0,0,0
-8091327.09694931,-4508251.55038231,2370,1548053,-37.494442,-72.685628,2023/07/30 00:00:00+00,1899/12/30 00:00:00+00,8,REGION BIO BIO,NACIMIENTO,CHOQUE,CHOQUE,URBANA,CRUCE SIN SEÑALIZACION,CONDUCCION EN ESTADO DE EBRIEDAD,ALCOHOL EN CONDUCTOR,DOCTOR CARLOS GONZALEZ,DOCTOR GONZALO ARELLANO,DOCTOR CARLOS GONZALEZ - DOCTOR GONZALO ARELLANO,0,BIDIRECCIONAL,CONCRETO,BUENO,SECO,NUBLADO,0,2,0,0,2
-8165654.34171554,-4505000.07237144,2371,1547569,-37.471264,-73.353321,2023/07/30 00:00:00+00,1899/12/30 00:00:00+00,8,REGION BIO BIO,CURANILAHUE,CHOQUE FRONTAL,CHOQUE,URBANA,TRAMO DE VIA CURVA HORIZONTAL,HECHO DELICTUAL,OTRAS CAUSAS,BERNARDO O'HIGGINS, ,- BERNARDO O'HIGGINS,701,BIDIRECCIONAL,ASFALTO,BUENO,SECO,DESPEJADO,0,0,0,0,0
-8164554.72778548,-4505472.06188791,2372,1547731,-37.474629,-73.343443,2023/07/30 00:00:00+00,1899/12/30 00:00:00+00,8,REGION BIO BIO,CURANILAHUE,CHOQUE LATERAL,CHOQUE,URBANA,PUENTE,CONDUCCION EN ESTADO DE EBRIEDAD,ALCOHOL EN CONDUCTOR,CAUPOLICAN, ,- CAUPOLICAN,899,BIDIRECCIONAL,ASFALTO,REGULAR,SECO,DESPEJADO,0,0,0,0,0
-8138906.82842621,-4400004.3871965,2373,1549410,-36.718952,-73.113044,2023/07/30 00:00:00+00,1899/12/30 00:00:00+00,8,REGION BIO BIO,TALCAHUANO,CHOQUE LADO/LADO,CHOQUE,URBANA,TRAMO DE VIA RECTA,SEÑALIZACION DESOBEDECER SEÑAL CEDA EL PASO,DESOBEDIENCIA A SEÑALIZACION,TRUMBULL, ,- TRUMBULL,402,BIDIRECCIONAL,CONCRETO,BUENO,SECO,DESPEJADO,0,0,0,0,0
-8197877.32679853,-4522062.84986555,2374,1549013,-37.592815,-73.642785,2023/07/30 00:00:00+00,1899/12/30 00:00:00+00,8,REGION BIO BIO,LEBU,CHOQUE FRENTE/LADO,CHOQUE,URBANA,TRAMO DE VIA RECTA,CONDUCCION SIN MANTENER DISTANCIA RAZONABLE NI PRUDENTE,IMPRUDENCIA DEL CONDUCTOR,ABEL PEÑA, ,- ABEL PEÑA,323,BIDIRECCIONAL,CONCRETO,BUENO,SECO,DESPEJADO,0,0,0,0,0
-8131763.67934098,-4411639.46952247,2375,1547927,-36.802687,-73.048876,2023/07/30 00:00:00+00,1899/12/30 00:00:00+00,8,REGION BIO BIO,CONCEPCION,COLISION,COLISION,URBANA,TRAMO DE VIA RECTA,CONDUCCION SIN MANTENER DISTANCIA RAZONABLE NI PRUDENTE,IMPRUDENCIA DEL CONDUCTOR,BELLAVISTA,AINAVILLO,AINAVILLO - BELLAVISTA,0,UNIDIRECCIONAL,ASFALTO,BUENO,SECO,DESPEJADO,0,1,0,0,1
-8143530.81743478,-4451946.26490528,2376,1550646,-37.092058,-73.154582,2023/07/30 00:00:00+00,1899/12/30 00:00:00+00,8,REGION BIO BIO,LOTA,COLISION FRONTAL,COLISION,URBANA,CRUCE CON SEÑAL PARE,CONDUCCION NO ATENTO CONDICIONES TRANSITO MOMENTO,IMPRUDENCIA DEL CONDUCTOR, ,CRUCE POLVORIN,- CRUCE POLVORIN,0,BIDIRECCIONAL,ASFALTO,BUENO,SECO,DESPEJADO,0,0,0,0,0
-8130892.71564502,-4415128.2322402,2377,1548927,-36.827777,-73.041052,2023/07/30 00:00:00+00,1899/12/30 00:00:00+00,8,REGION BIO BIO,CONCEPCION,COLISION PERPENDICULAR,COLISION,URBANA,CRUCE CON SEMAFORO FUNCIONANDO,SEÑALIZACION DESOBEDECER LUZ INTERMITENTE SEMAFORO,DESOBEDIENCIA A SEÑALIZACION,ONGOLMO,CHACABUCO,CHACABUCO - ONGOLMO,0,BIDIRECCIONAL CON BANDEJON,CONCRETO,BUENO,SECO,DESPEJADO,0,0,0,0,0
-8131671.5068026,-4414272.96936949,2378,1548091,-36.821627,-73.048048,2023/07/30 00:00:00+00,1899/12/30 00:00:00+00,8,REGION BIO BIO,CONCEPCION,COLISION,COLISION,URBANA,TRAMO DE VIA RECTA,CONDUCCION NO ATENTO CONDICIONES TRANSITO MOMENTO,IMPRUDENCIA DEL CONDUCTOR,TUCAPEL,LOS CARRERA,LOS CARRERA - TUCAPEL,0,UNIDIRECCIONAL,CONCRETO,BUENO,SECO,DESPEJADO,0,0,0,0,0