X,Y,FID,Idaccident,Latitude,Longitude,Fecha,Hora,Cód_Regi,Región,Comuna,Tipo_Accid,Tipo__CONA,Zona,Ubicación,Causa,Causa__CON,Calle_Uno,Calle_Dos,Intersecci,Número,Calzada,Tipo_Calza,Estado_Cal,Condición,Estado_Atm,Fallecidos,Lesionados,Graves,Menos_Grav,Leves
-8143324.09714037,-4452409.60180919,2483,1551906,-37.095378,-73.152725,2023/08/04 00:00:00+00,1899/12/30 00:00:00+00,8,REGION BIO BIO,LOTA,CHOQUE LADO/POSTERIOR,CHOQUE,URBANA,TRAMO DE VIA RECTA,SEÑALIZACION DESOBEDECER SEÑAL PARE,DESOBEDIENCIA A SEÑALIZACION,MATTA,CARLOS CONDELL,CARLOS CONDELL - MATTA,0,UNIDIRECCIONAL,ASFALTO,BUENO,SECO,DESPEJADO,0,0,0,0,0
-8138130.82025589,-4417561.30955851,2484,1552199,-36.84527,-73.106073,2023/08/04 00:00:00+00,1899/12/30 00:00:00+00,8,REGION BIO BIO,SAN PEDRO DE LA PAZ,COLISION POR ALCANCE,COLISION,URBANA,TRAMO DE VIA RECTA,CONDUCCION NO ATENTO CONDICIONES TRANSITO MOMENTO,IMPRUDENCIA DEL CONDUCTOR,LOS FRESNOS, ,- LOS FRESNOS,1610,BIDIRECCIONAL,ASFALTO,BUENO,SECO,DESPEJADO,0,2,0,0,2
-8131688.98396266,-4411940.32851539,2485,1549516,-36.804851,-73.048205,2023/08/04 00:00:00+00,1899/12/30 00:00:00+00,8,REGION BIO BIO,CONCEPCION,COLISION,COLISION,URBANA,CRUCE CON SEMAFORO FUNCIONANDO,SEÑALIZACION DESOBEDECER LUZ ROJA DE SEMAFORO,DESOBEDIENCIA A SEÑALIZACION,APICAVI,MANUEL GUTIERREZ,APICAVI - MANUEL GUTIERREZ,0,BIDIRECCIONAL CON BANDEJON,CONCRETO,BUENO,SECO,DESPEJADO,0,0,0,0,0
-8058657.72070824,-4444409.00519077,2486,1549904,-37.03803,-72.392154,2023/08/04 00:00:00+00,1899/12/30 00:00:00+00,8,REGION BIO BIO,CABRERO,CHOQUE FRENTE/POSTERIOR,CHOQUE,URBANA,TRAMO DE VIA RECTA,CONDUCCION NO ATENTO CONDICIONES TRANSITO MOMENTO,IMPRUDENCIA DEL CONDUCTOR,PABLO NERUDA, ,- PABLO NERUDA,260,BIDIRECCIONAL,ASFALTO,BUENO,SECO,DESPEJADO,0,0,0,0,0
-8134241.09460859,-4411307.89494437,2487,1549599,-36.800302,-73.071131,2023/08/04 00:00:00+00,1899/12/30 00:00:00+00,8,REGION BIO BIO,HUALPEN,CHOQUE FRENTE/POSTERIOR,CHOQUE,URBANA,TRAMO DE VIA RECTA,CONDUCCION SIN MANTENER DISTANCIA RAZONABLE NI PRUDENTE,IMPRUDENCIA DEL CONDUCTOR,JORGE ALESSANDRI RODRIGUEZ, ,- JORGE ALESSANDRI RODRIGUEZ,2047,BIDIRECCIONAL,CONCRETO,BUENO,SECO,DESPEJADO,0,0,0,0,0
-8091974.0858298,-4509221.80233384,2488,1549946,-37.501357,-72.69144,2023/08/04 00:00:00+00,1899/12/30 00:00:00+00,8,REGION BIO BIO,NACIMIENTO,CHOQUE,CHOQUE,URBANA,TRAMO DE VIA RECTA,CONDUCCION SIN MANTENER DISTANCIA RAZONABLE NI PRUDENTE,IMPRUDENCIA DEL CONDUCTOR,LOS NOTROS,PASTOR JOSE REYES REYES,LOS NOTROS - PASTOR JOSE REYES REYES,0,BIDIRECCIONAL,CONCRETO,BUENO,SECO,DESPEJADO,0,0,0,0,0
-8137377.52126169,-4417471.1702034,2489,1552192,-36.844622,-73.099306,2023/08/04 00:00:00+00,1899/12/30 00:00:00+00,8,REGION BIO BIO,SAN PEDRO DE LA PAZ,COLISION FRONTAL,COLISION,URBANA,CRUCE SIN SEÑALIZACION,CONDUCCION NO ATENTO CONDICIONES TRANSITO MOMENTO,IMPRUDENCIA DEL CONDUCTOR,FRANCISCO RODRIGUEZ,GASPAR DE VERDUGO,FRANCISCO RODRIGUEZ - GASPAR DE VERDUGO,0,BIDIRECCIONAL,ASFALTO,BUENO,SECO,DESPEJADO,0,0,0,0,0
-8055191.00912596,-4504707.35136202,2490,1551844,-37.469177,-72.361012,2023/08/04 00:00:00+00,1899/12/30 00:00:00+00,8,REGION BIO BIO,LOS ANGELES,COLISION LATERAL,COLISION,URBANA,CRUCE CON SEÑAL CEDA EL PASO,CONDUCCION NO ATENTO CONDICIONES TRANSITO MOMENTO,IMPRUDENCIA DEL CONDUCTOR,MANUEL RODRIGUEZ,PATRICIO LYNCH,MANUEL RODRIGUEZ - PATRICIO LYNCH,0,UNIDIRECCIONAL,CONCRETO,BUENO,SECO,DESPEJADO,0,2,0,0,2
-8136392.56640715,-4412282.3504511,2491,1549607,-36.807311,-73.090458,2023/08/04 00:00:00+00,1899/12/30 00:00:00+00,8,REGION BIO BIO,HUALPEN,CHOQUE POSTERIOR/POSTERIOR,CHOQUE,URBANA,TRAMO DE VIA RECTA,CONDUCCION NO ATENTO CONDICIONES TRANSITO MOMENTO,IMPRUDENCIA DEL CONDUCTOR,COSTANERA, ,- COSTANERA,9781,BIDIRECCIONAL,CONCRETO,BUENO,SECO,DESPEJADO,0,0,0,0,0
-8140296.76358825,-4415074.13308879,2492,1549860,-36.827388,-73.12553,2023/08/04 00:00:00+00,1899/12/30 00:00:00+00,8,REGION BIO BIO,CONCEPCION,COLISION LATERAL,COLISION,URBANA,ROTONDA,CONDUCCION NO ATENTO CONDICIONES TRANSITO MOMENTO,IMPRUDENCIA DEL CONDUCTOR,GENERAL BONILLA,JUAN BOSCO,GENERAL BONILLA - JUAN BOSCO,0,UNIDIRECCIONAL,CONCRETO,BUENO,SECO,DESPEJADO,0,0,0,0,0
-8051439.20832775,-4506818.01496829,2493,1551695,-37.484224,-72.327309,2023/08/04 00:00:00+00,1899/12/30 00:00:00+00,8,REGION BIO BIO,LOS ANGELES,COLISION FRONTAL,COLISION,URBANA,CRUCE SIN SEÑALIZACION,CONDUCCION NO ATENTO CONDICIONES TRANSITO MOMENTO,IMPRUDENCIA DEL CONDUCTOR,FRANCISCO ENCINA, ,- FRANCISCO ENCINA,1451,BIDIRECCIONAL CON BANDEJON,ASFALTO,BUENO,SECO,DESPEJADO,0,1,0,0,1
-8130546.84598712,-4422405.19786099,2494,1551831,-36.880084,-73.037945,2023/08/04 00:00:00+00,1899/12/30 00:00:00+00,8,REGION BIO BIO,CHIGUAYANTE,CHOQUE FRONTAL,CHOQUE,URBANA,TRAMO DE VIA RECTA,VELOCIDAD NO RAZONABLE NI PRUDENTE,VELOCIDAD IMPRUDENTE,CAMINO A CHIGUAYANTE,IGNACIO VERDUGO,CAMINO A CHIGUAYANTE - IGNACIO VERDUGO,0,BIDIRECCIONAL CON BANDEJON,ASFALTO,BUENO,SECO,DESPEJADO,0,0,0,0,0
-8132846.48402793,-4415479.25758114,2495,1549847,-36.830301,-73.058603,2023/08/04 00:00:00+00,1899/12/30 00:00:00+00,8,REGION BIO BIO,CONCEPCION,CHOQUE POSTERIOR,CHOQUE,URBANA,TRAMO DE VIA RECTA,FALLAS MECANICAS FRENOS,FALLAS MECANICAS,ARTURO PRAT,BARROS ARANA,ARTURO PRAT - BARROS ARANA,0,UNIDIRECCIONAL,CONCRETO,BUENO,SECO,DESPEJADO,0,1,1,0,0
-8051357.05454355,-4504089.95703579,2496,1551689,-37.464775,-72.326571,2023/08/04 00:00:00+00,1899/12/30 00:00:00+00,8,REGION BIO BIO,LOS ANGELES,COLISION LATERAL,COLISION,URBANA,CRUCE CON SEÑAL CEDA EL PASO,CONDUCCION NO ATENTO CONDICIONES TRANSITO MOMENTO,IMPRUDENCIA DEL CONDUCTOR,LAS INDUSTRIAS,LOS CARRERA,LAS INDUSTRIAS - LOS CARRERA,0,BIDIRECCIONAL,ASFALTO,BUENO,SECO,DESPEJADO,0,0,0,0,0
-8056761.72714105,-4503768.93196197,2497,1551924,-37.462486,-72.375122,2023/08/04 00:00:00+00,1899/12/30 00:00:00+00,8,REGION BIO BIO,LOS ANGELES,COLISION,COLISION,URBANA,TRAMO DE VIA RECTA,CONDUCCION NO ATENTO CONDICIONES TRANSITO MOMENTO,IMPRUDENCIA DEL CONDUCTOR,NELTUME, ,- NELTUME,1,BIDIRECCIONAL,RIPIO,MALO, ,DESPEJADO,0,4,2,0,2
-8135826.61811596,-4416730.88791605,2498,1552201,-36.8393,-73.085374,2023/08/04 00:00:00+00,1899/12/30 00:00:00+00,8,REGION BIO BIO,SAN PEDRO DE LA PAZ,COLISION,COLISION,URBANA,CRUCE CON SEMAFORO FUNCIONANDO,CONDUCCION NO ATENTO CONDICIONES TRANSITO MOMENTO,IMPRUDENCIA DEL CONDUCTOR,PEDRO AGUIRRE CERDA,SAN PEDRO,PEDRO AGUIRRE CERDA - SAN PEDRO,0,BIDIRECCIONAL,ASFALTO,BUENO,SECO,DESPEJADO,0,0,0,0,0
-8131347.78972338,-4414721.45230298,2499,1549833,-36.824852,-73.04514,2023/08/04 00:00:00+00,1899/12/30 00:00:00+00,8,REGION BIO BIO,CONCEPCION,COLISION,COLISION,URBANA,OTROS NO CONSIDERADOS,CONDUCCION NO ATENTO CONDICIONES TRANSITO MOMENTO,IMPRUDENCIA DEL CONDUCTOR,BARROS ARANA, ,- BARROS ARANA,1068,BIDIRECCIONAL,CONCRETO,BUENO,SECO,DESPEJADO,0,0,0,0,0
-8130659.94658977,-4420599.0908597,2500,1551823,-36.867105,-73.038961,2023/08/04 00:00:00+00,1899/12/30 00:00:00+00,8,REGION BIO BIO,CHIGUAYANTE,COLISION PERPENDICULAR,COLISION,URBANA,CRUCE CON SEMAFORO FUNCIONANDO,CONDUCCION NO ATENTO CONDICIONES TRANSITO MOMENTO,IMPRUDENCIA DEL CONDUCTOR,COSTANERA,PASCUAL BINIMELIS,COSTANERA - PASCUAL BINIMELIS,0,BIDIRECCIONAL CON BANDEJON,ASFALTO,BUENO,SECO,DESPEJADO,0,4,0,0,4
-8138980.18797064,-4400870.03297021,2501,1552305,-36.725185,-73.113703,2023/08/04 00:00:00+00,1899/12/30 00:00:00+00,8,REGION BIO BIO,TALCAHUANO,COLISION LATERAL,COLISION,URBANA,CRUCE SIN SEÑALIZACION,CONDUCCION EN ESTADO DE EBRIEDAD,ALCOHOL EN CONDUCTOR,BARROS ARANA,BALMACEDA,BALMACEDA - BARROS ARANA,0,BIDIRECCIONAL,CONCRETO,BUENO,SECO,DESPEJADO,0,0,0,0,0
-8134565.70224374,-4411262.99066962,2502,1549625,-36.799979,-73.074047,2023/08/05 00:00:00+00,1899/12/30 00:00:00+00,8,REGION BIO BIO,HUALPEN,CHOQUE FRONTAL,CHOQUE,URBANA,CRUCE CON SEÑAL CEDA EL PASO,VELOCIDAD MAYOR QUE MAXIMA PERMITIDA,VELOCIDAD IMPRUDENTE,JORGE ALESSANDRI RODRIGUEZ,VASCO NUÑEZ DE BALBOA,JORGE ALESSANDRI RODRIGUEZ - VASCO NUÑEZ DE BALBOA,0,BIDIRECCIONAL,CONCRETO,BUENO,SECO,DESPEJADO,0,0,0,0,0
-8129831.50693928,-4426161.02962194,2503,1551873,-36.907067,-73.031519,2023/08/05 00:00:00+00,1899/12/30 00:00:00+00,8,REGION BIO BIO,CHIGUAYANTE,CHOQUE FRONTAL,CHOQUE,URBANA,TRAMO DE VIA CURVA HORIZONTAL,CONDUCCION EN ESTADO DE EBRIEDAD,ALCOHOL EN CONDUCTOR,8 ORIENTE,OROZIMBO BARBOSA,8 ORIENTE - OROZIMBO BARBOSA,0,BIDIRECCIONAL CON BANDEJON,CONCRETO,BUENO,SECO,DESPEJADO,0,1,0,0,1
-8131264.30010528,-4414065.49156644,2504,1549536,-36.820135,-73.04439,2023/08/05 00:00:00+00,1899/12/30 00:00:00+00,8,REGION BIO BIO,CONCEPCION,CHOQUE FRONTAL,CHOQUE,URBANA,TRAMO DE VIA RECTA,CONDUCCION NO ATENTO CONDICIONES TRANSITO MOMENTO,IMPRUDENCIA DEL CONDUCTOR,CAMINO DE AMANECER, ,- CAMINO DE AMANECER,1974,UNIDIRECCIONAL,CONCRETO,BUENO,SECO,DESPEJADO,0,0,0,0,0
-8135693.92528293,-4410225.79633275,2505,1549616,-36.792518,-73.084182,2023/08/05 00:00:00+00,1899/12/30 00:00:00+00,8,REGION BIO BIO,HUALPEN,VOLCADURA,VOLCADURA,URBANA,TRAMO DE VIA RECTA,VELOCIDAD MAYOR QUE MAXIMA PERMITIDA,VELOCIDAD IMPRUDENTE,ARTEAGA ALEMPARTE, ,- ARTEAGA ALEMPARTE,7490,BIDIRECCIONAL,CONCRETO,BUENO,SECO,DESPEJADO,0,0,0,0,0
-8077595.83775996,-4453540.6757124,2506,1550670,-37.103482,-72.562278,2023/08/05 00:00:00+00,1899/12/30 00:00:00+00,8,REGION BIO BIO,YUMBEL,CHOQUE FRONTAL,CHOQUE,URBANA,TRAMO DE VIA RECTA,CONDUCCION EN ESTADO DE EBRIEDAD,ALCOHOL EN CONDUCTOR,GENERAL CRUZ, ,- GENERAL CRUZ,320,UNIDIRECCIONAL,CONCRETO,BUENO,HUMEDO,NEBLINA,0,0,0,0,0
-8138514.87249912,-4402757.67047808,2507,1552812,-36.738775,-73.109523,2023/08/05 00:00:00+00,1899/12/30 00:00:00+00,8,REGION BIO BIO,TALCAHUANO,CHOQUE FRONTAL,CHOQUE,URBANA,TRAMO DE VIA RECTA,"CONDICIONES FISICAS DEFICIENTES (CANSANCIO, SUEÑO)",DROGAS Y/O FATIGA EN CONDUCTOR,ALTO HORNO, ,- ALTO HORNO,1045,BIDIRECCIONAL,CONCRETO,BUENO,SECO,DESPEJADO,0,1,1,0,0
-8139345.09326146,-4400814.20065655,2508,1552298,-36.724783,-73.116981,2023/08/05 00:00:00+00,1899/12/30 00:00:00+00,8,REGION BIO BIO,TALCAHUANO,CHOQUE FRENTE/POSTERIOR,CHOQUE,URBANA,TRAMO DE VIA RECTA,CONDUCCION SIN MANTENER DISTANCIA RAZONABLE NI PRUDENTE,IMPRUDENCIA DEL CONDUCTOR,TALCAHUANO, ,- TALCAHUANO,593,BIDIRECCIONAL,CONCRETO,BUENO,SECO,DESPEJADO,0,0,0,0,0
-8055191.00912596,-4504707.35136202,2509,1551956,-37.469177,-72.361012,2023/08/05 00:00:00+00,1899/12/30 00:00:00+00,8,REGION BIO BIO,LOS ANGELES,CHOQUE POSTERIOR/LADO,CHOQUE,URBANA,OTROS NO CONSIDERADOS,CONDUCCION NO ATENTO CONDICIONES TRANSITO MOMENTO,IMPRUDENCIA DEL CONDUCTOR,MENDOZA, ,- MENDOZA,535,UNIDIRECCIONAL,CONCRETO,BUENO,SECO,DESPEJADO,0,0,0,0,0
-8132691.63861624,-4412993.40195237,2510,1551264,-36.812425,-73.057212,2023/08/05 00:00:00+00,1899/12/30 00:00:00+00,8,REGION BIO BIO,CONCEPCION,COLISION,COLISION,URBANA,TRAMO DE VIA RECTA,CONDUCCION SIN MANTENER DISTANCIA RAZONABLE NI PRUDENTE,IMPRUDENCIA DEL CONDUCTOR,EJERCITO,COLO COLO,COLO COLO - EJERCITO,0,BIDIRECCIONAL,CONCRETO,BUENO,SECO,DESPEJADO,0,1,1,0,0
-8132348.88590408,-4416742.29360337,2511,1551300,-36.839382,-73.054133,2023/08/05 00:00:00+00,1899/12/30 00:00:00+00,8,REGION BIO BIO,CONCEPCION,COLISION LATERAL,COLISION,URBANA,TRAMO DE VIA RECTA,CONDUCCION NO ATENTO CONDICIONES TRANSITO MOMENTO,IMPRUDENCIA DEL CONDUCTOR,PEDRO DE VALDIVIA, ,- PEDRO DE VALDIVIA,431,BIDIRECCIONAL CON BANDEJON,CONCRETO,BUENO,SECO,DESPEJADO,0,0,0,0,0
-8133009.67840143,-4415159.52364872,2512,1549889,-36.828002,-73.060069,2023/08/05 00:00:00+00,1899/12/30 00:00:00+00,8,REGION BIO BIO,CONCEPCION,COLISION,COLISION,URBANA,CRUCE CON SEMAFORO FUNCIONANDO,CONDUCCION SIN MANTENER DISTANCIA RAZONABLE NI PRUDENTE,IMPRUDENCIA DEL CONDUCTOR,MAIPU,ARTURO PRAT,ARTURO PRAT - MAIPU,0,UNIDIRECCIONAL,CONCRETO,BUENO,SECO,DESPEJADO,0,0,0,0,0
-8143895.94536458,-4440279.09750671,2513,1552678,-37.00841,-73.157862,2023/08/05 00:00:00+00,1899/12/30 00:00:00+00,8,REGION BIO BIO,CORONEL,CHOQUE,CHOQUE,URBANA,TRAMO DE VIA RECTA,CONDUCCION EN ESTADO DE EBRIEDAD,ALCOHOL EN CONDUCTOR,MANUEL MONTT,CHOLLIN,CHOLLIN - MANUEL MONTT,0,BIDIRECCIONAL,CONCRETO,BUENO,SECO,DESPEJADO,0,1,0,1,0
-8130609.29622146,-4414619.79451483,2514,1551258,-36.824121,-73.038506,2023/08/05 00:00:00+00,1899/12/30 00:00:00+00,8,REGION BIO BIO,CONCEPCION,COLISION,COLISION,URBANA,TRAMO DE VIA RECTA,CONDUCCION CAMBIAR SORPRESIVAMENTE PISTA CIRCULACION,IMPRUDENCIA DEL CONDUCTOR,SAN MARTIN,LAUTARO,LAUTARO - SAN MARTIN,0,UNIDIRECCIONAL,CONCRETO,BUENO,SECO,DESPEJADO,0,0,0,0,0
-8139345.09326146,-4400814.20065655,2515,1552818,-36.724783,-73.116981,2023/08/05 00:00:00+00,1899/12/30 00:00:00+00,8,REGION BIO BIO,TALCAHUANO,COLISION LATERAL,COLISION,URBANA,TRAMO DE VIA RECTA,CONDUCCION EN ESTADO DE EBRIEDAD,ALCOHOL EN CONDUCTOR,CRISTOBAL COLON, ,- CRISTOBAL COLON,3507,BIDIRECCIONAL,CONCRETO,BUENO,SECO,DESPEJADO,0,1,1,0,0
-8138861.96667141,-4416568.28865473,2516,1552115,-36.838131,-73.112641,2023/08/05 00:00:00+00,1899/12/30 00:00:00+00,8,REGION BIO BIO,SAN PEDRO DE LA PAZ,VOLCADURA,VOLCADURA,URBANA,TRAMO DE VIA RECTA,CONDUCCION NO ATENTO CONDICIONES TRANSITO MOMENTO,IMPRUDENCIA DEL CONDUCTOR,PEDRO AGUIRRE CERDA,LOS BATROS,LOS BATROS - PEDRO AGUIRRE CERDA,0,BIDIRECCIONAL,CONCRETO,BUENO,SECO,DESPEJADO,0,1,0,0,1
-8142480.62935863,-4420733.36593514,2517,1552238,-36.86807,-73.145148,2023/08/05 00:00:00+00,1899/12/30 00:00:00+00,8,REGION BIO BIO,SAN PEDRO DE LA PAZ,COLISION,COLISION,URBANA,TRAMO DE VIA RECTA,CONDUCCION NO ATENTO CONDICIONES TRANSITO MOMENTO,IMPRUDENCIA DEL CONDUCTOR, ,1 NORTE,- 1 NORTE,0,BIDIRECCIONAL CON BANDEJON,ASFALTO,BUENO,SECO,DESPEJADO,0,2,0,0,2
-8052731.96157434,-4508101.84633212,2518,1551969,-37.493375,-72.338922,2023/08/05 00:00:00+00,1899/12/30 00:00:00+00,8,REGION BIO BIO,LOS ANGELES,COLISION LATERAL,COLISION,URBANA,CRUCE CON SEÑAL PARE,CONDUCCION NO ATENTO CONDICIONES TRANSITO MOMENTO,IMPRUDENCIA DEL CONDUCTOR,LAUQUEN,LOS CARRERA,LAUQUEN - LOS CARRERA,0,BIDIRECCIONAL CON BANDEJON,ASFALTO,BUENO,SECO,DESPEJADO,0,0,0,0,0
-8137597.04329753,-4416656.19487576,2519,1552698,-36.838763,-73.101278,2023/08/05 00:00:00+00,1899/12/30 00:00:00+00,8,REGION BIO BIO,SAN PEDRO DE LA PAZ,ATROPELLO,ATROPELLO,URBANA,TRAMO DE VIA RECTA,PEATON CRUZA CALZADA FORMA SORPRESIVA O DESCUIDADA,IMPRUDENCIA DEL PEATON,LOS CANELOS,PEDRO AGUIRRE CERDA,LOS CANELOS - PEDRO AGUIRRE CERDA,0,BIDIRECCIONAL,ASFALTO,BUENO,SECO,DESPEJADO,0,1,1,0,0
-8136524.9252817,-4417291.72839082,2520,1552255,-36.843332,-73.091647,2023/08/05 00:00:00+00,1899/12/30 00:00:00+00,8,REGION BIO BIO,SAN PEDRO DE LA PAZ,COLISION LATERAL,COLISION,URBANA,TRAMO DE VIA RECTA,ADELANTAMIENTO SIN EL ESPACIO O TIEMPO SUFICIENTE,IMPRUDENCIA DEL CONDUCTOR,COSTANERA,LOS PARQUES,COSTANERA - LOS PARQUES,0,BIDIRECCIONAL,ASFALTO,BUENO,SECO,DESPEJADO,0,0,0,0,0
-8131264.30010528,-4414065.49156644,2521,1549539,-36.820135,-73.04439,2023/08/05 00:00:00+00,1899/12/30 00:00:00+00,8,REGION BIO BIO,CONCEPCION,CHOQUE FRENTE/POSTERIOR,CHOQUE,URBANA,TRAMO DE VIA RECTA,CONDUCCION NO ATENTO CONDICIONES TRANSITO MOMENTO,IMPRUDENCIA DEL CONDUCTOR,CRUZ, ,- CRUZ,1740,UNIDIRECCIONAL,CONCRETO,BUENO,SECO,DESPEJADO,0,0,0,0,0
-8052559.75032208,-4505508.39123367,2522,1551968,-37.474888,-72.337375,2023/08/05 00:00:00+00,1899/12/30 00:00:00+00,8,REGION BIO BIO,LOS ANGELES,CHOQUE LADO/POSTERIOR,CHOQUE,URBANA,ACERA O BERMA,CONDUCCION NO ATENTO CONDICIONES TRANSITO MOMENTO,IMPRUDENCIA DEL CONDUCTOR,SIGLO XXI,GABRIELA MISTRAL,GABRIELA MISTRAL - SIGLO XXI,0,BIDIRECCIONAL,ASFALTO,BUENO,SECO,DESPEJADO,0,0,0,0,0
-8131959.60164478,-4414425.79910509,2523,1551272,-36.822726,-73.050636,2023/08/05 00:00:00+00,1899/12/30 00:00:00+00,8,REGION BIO BIO,CONCEPCION,CAIDA,CAIDA,URBANA,CRUCE CON SEMAFORO FUNCIONANDO,IMPRUDENCIA DEL PASAJERO,IMPRUDENCIA DEL PASAJERO,LOS CARRERA,COLO COLO,COLO COLO - LOS CARRERA,0,BIDIRECCIONAL CON BANDEJON,CONCRETO,BUENO,SECO,DESPEJADO,0,1,0,0,1
-8145225.99064058,-4438098.36940208,2524,1552699,-36.992765,-73.16981,2023/08/06 00:00:00+00,1899/12/30 00:00:00+00,8,REGION BIO BIO,CORONEL,COLISION FRONTAL,COLISION,URBANA,TRAMO DE VIA RECTA,CONDUCCION EN ESTADO DE EBRIEDAD,ALCOHOL EN CONDUCTOR,LOS ONAS,LOS DIAGUITAS,LOS DIAGUITAS - LOS ONAS,0,BIDIRECCIONAL,ASFALTO,BUENO,SECO,DESPEJADO,0,0,0,0,0
-8139345.09326146,-4400814.20065655,2525,1552308,-36.724783,-73.116981,2023/08/06 00:00:00+00,1899/12/30 00:00:00+00,8,REGION BIO BIO,TALCAHUANO,CHOQUE FRONTAL,CHOQUE,URBANA,TRAMO DE VIA RECTA,CONDUCCION EN ESTADO DE EBRIEDAD,ALCOHOL EN CONDUCTOR,CONSTITUCION, ,- CONSTITUCION,55,BIDIRECCIONAL,CONCRETO,BUENO,SECO,DESPEJADO,0,1,0,0,1
-8138388.1909186,-4411481.11878172,2526,1549632,-36.801548,-73.108385,2023/08/06 00:00:00+00,1899/12/30 00:00:00+00,8,REGION BIO BIO,HUALPEN,CHOQUE FRONTAL,CHOQUE,URBANA,TRAMO DE VIA RECTA,VELOCIDAD MAYOR QUE MAXIMA PERMITIDA,VELOCIDAD IMPRUDENTE,LA RODA, ,- LA RODA,228,BIDIRECCIONAL,CONCRETO,BUENO,SECO,DESPEJADO,0,0,0,0,0
-8055191.00912596,-4504707.35136202,2527,1551985,-37.469177,-72.361012,2023/08/06 00:00:00+00,1899/12/30 00:00:00+00,8,REGION BIO BIO,LOS ANGELES,CHOQUE FRONTAL,CHOQUE,URBANA,TRAMO DE VIA RECTA,CONDUCCION EN ESTADO DE EBRIEDAD,ALCOHOL EN CONDUCTOR,MENDOZA,COLO COLO,COLO COLO - MENDOZA,0,UNIDIRECCIONAL,CONCRETO,BUENO,SECO,DESPEJADO,0,0,0,0,0
-8144954.48240253,-4436202.91522715,2528,1552892,-36.979164,-73.167371,2023/08/06 00:00:00+00,1899/12/30 00:00:00+00,8,REGION BIO BIO,CORONEL,VOLCADURA,VOLCADURA,URBANA,TRAMO DE VIA RECTA,CONDUCCION EN ESTADO DE EBRIEDAD,ALCOHOL EN CONDUCTOR,MANUEL MONTT,CERRO SAN FRANCISCO,CERRO SAN FRANCISCO - MANUEL MONTT,0,BIDIRECCIONAL,CONCRETO,BUENO,SECO,DESPEJADO,0,0,0,0,0
-8138689.64409967,-4399420.29306355,2529,1550154,-36.714746,-73.111093,2023/08/06 00:00:00+00,1899/12/30 00:00:00+00,8,REGION BIO BIO,TALCAHUANO,COLISION LATERAL,COLISION,URBANA,TRAMO DE VIA RECTA,CONDUCCION CAMBIAR SORPRESIVAMENTE PISTA CIRCULACION,IMPRUDENCIA DEL CONDUCTOR,CRISTOBAL COLON, ,- CRISTOBAL COLON,581,BIDIRECCIONAL,CONCRETO,BUENO,SECO,DESPEJADO,0,0,0,0,0
-8121325.80728675,-4386747.7942835,2530,1549823,-36.623436,-72.955111,2023/08/06 00:00:00+00,1899/12/30 00:00:00+00,8,REGION BIO BIO,TOME,COLISION POR ALCANCE,COLISION,URBANA,TRAMO DE VIA RECTA,CONDUCCION NO ATENTO CONDICIONES TRANSITO MOMENTO,IMPRUDENCIA DEL CONDUCTOR,MALDONADO,LOS SUSPIROS,LOS SUSPIROS - MALDONADO,0,BIDIRECCIONAL,CONCRETO,BUENO,SECO,DESPEJADO,0,1,0,0,1
-8177320.40171169,-4527102.17500607,2531,1550182,-37.628676,-73.458119,2023/08/06 00:00:00+00,1899/12/30 00:00:00+00,8,REGION BIO BIO,LOS ALAMOS,COLISION POR ALCANCE,COLISION,URBANA,TRAMO DE VIA RECTA,CONDUCCION NO ATENTO CONDICIONES TRANSITO MOMENTO,IMPRUDENCIA DEL CONDUCTOR,PEDRO DE VALDIVIA,JUAN ANTONIO RIOS,JUAN ANTONIO RIOS - PEDRO DE VALDIVIA,0,UNIDIRECCIONAL,ASFALTO,BUENO,SECO,DESPEJADO,0,0,0,0,0
-8170790.40038176,-4551193.30919003,2532,1550541,-37.799875,-73.399459,2023/08/06 00:00:00+00,1899/12/30 00:00:00+00,8,REGION BIO BIO,CAÑETE,COLISION,COLISION,URBANA,CRUCE CON SEÑAL CEDA EL PASO,CONDUCCION NO ATENTO CONDICIONES TRANSITO MOMENTO,IMPRUDENCIA DEL CONDUCTOR,SAAVEDRA,ARTURO PRAT,ARTURO PRAT - SAAVEDRA,0,UNIDIRECCIONAL,CONCRETO,BUENO,SECO,DESPEJADO,0,0,0,0,0
-8128946.85094595,-4413660.00373049,2533,1551288,-36.817219,-73.023572,2023/08/06 00:00:00+00,1899/12/30 00:00:00+00,8,REGION BIO BIO,CONCEPCION,CHOQUE,CHOQUE,URBANA,CRUCE CON SEMAFORO FUNCIONANDO,CONDUCCION NO ATENTO CONDICIONES TRANSITO MOMENTO,IMPRUDENCIA DEL CONDUCTOR,COLLAO,TEGUALDA,COLLAO - TEGUALDA,0,BIDIRECCIONAL,CONCRETO,BUENO,SECO,DESPEJADO,0,0,0,0,0