X,Y,FID,Idaccident,Latitude,Longitude,Fecha,Hora,Cód_Regi,Región,Comuna,Tipo_Accid,Tipo__CONA,Zona,Ubicación,Causa,Causa__CON,Calle_Uno,Calle_Dos,Intersecci,Número,Calzada,Tipo_Calza,Estado_Cal,Condición,Estado_Atm,Fallecidos,Lesionados,Graves,Menos_Grav,Leves
-8163957.2760784,-4505990.50339205,2585,1550866,-37.478325,-73.338076,2023/08/10 00:00:00+00,1899/12/30 00:00:00+00,8,REGION BIO BIO,CURANILAHUE,CHOQUE FRONTAL,CHOQUE,URBANA,CRUCE SIN SEÑALIZACION,CONDUCCION EN ESTADO DE EBRIEDAD,ALCOHOL EN CONDUCTOR,GUACOLDA,LIBERTAD,GUACOLDA - LIBERTAD,0,UNIDIRECCIONAL,ASFALTO,BUENO,MOJADO,LLUVIA,0,1,0,0,1
-8054562.16532247,-4504695.42950082,2586,1552317,-37.469092,-72.355363,2023/08/10 00:00:00+00,1899/12/30 00:00:00+00,8,REGION BIO BIO,LOS ANGELES,ATROPELLO,ATROPELLO,URBANA,TRAMO DE VIA RECTA,CONDUCCION NO ATENTO CONDICIONES TRANSITO MOMENTO,IMPRUDENCIA DEL CONDUCTOR,ARTURO PRAT,COLO COLO,ARTURO PRAT - COLO COLO,0,BIDIRECCIONAL,CONCRETO,BUENO,MOJADO,LLOVIZNA,0,1,1,0,0
-8054519.75259648,-4506307.52841701,2587,1552335,-37.480585,-72.354982,2023/08/10 00:00:00+00,1899/12/30 00:00:00+00,8,REGION BIO BIO,LOS ANGELES,COLISION,COLISION,URBANA,TRAMO DE VIA RECTA,CONDUCCION NO ATENTO CONDICIONES TRANSITO MOMENTO,IMPRUDENCIA DEL CONDUCTOR,SAN MARTIN,VICUÑA MACKENNA,SAN MARTIN - VICUÑA MACKENNA,0,UNIDIRECCIONAL,CONCRETO,REGULAR,MOJADO,LLUVIA,0,0,0,0,0
-8053915.06512249,-4504859.25108612,2588,1552336,-37.47026,-72.34955,2023/08/10 00:00:00+00,1899/12/30 00:00:00+00,8,REGION BIO BIO,LOS ANGELES,COLISION LATERAL,COLISION,URBANA,CRUCE CON SEMAFORO FUNCIONANDO,CONDUCCION NO ATENTO CONDICIONES TRANSITO MOMENTO,IMPRUDENCIA DEL CONDUCTOR,ALMAGRO,LAUTARO,ALMAGRO - LAUTARO,0,UNIDIRECCIONAL,CONCRETO,BUENO,SECO,NUBLADO,0,0,0,0,0
-8051406.36907797,-4504833.16288833,2589,1552357,-37.470074,-72.327014,2023/08/10 00:00:00+00,1899/12/30 00:00:00+00,8,REGION BIO BIO,LOS ANGELES,CHOQUE FRENTE/POSTERIOR,CHOQUE,URBANA,TRAMO DE VIA RECTA,CONDUCCION NO ATENTO CONDICIONES TRANSITO MOMENTO,IMPRUDENCIA DEL CONDUCTOR,LAS INDUSTRIAS, ,- LAS INDUSTRIAS,509,BIDIRECCIONAL,ASFALTO,BUENO,HUMEDO,LLUVIA,0,0,0,0,0
-8130534.26688466,-4415694.27327543,2590,1551675,-36.831847,-73.037832,2023/08/10 00:00:00+00,1899/12/30 00:00:00+00,8,REGION BIO BIO,CONCEPCION,COLISION,COLISION,URBANA,TRAMO DE VIA RECTA,CONDUCCION NO ATENTO CONDICIONES TRANSITO MOMENTO,IMPRUDENCIA DEL CONDUCTOR,VICTORIA, ,- VICTORIA,1264,BIDIRECCIONAL,CONCRETO,BUENO,SECO,DESPEJADO,0,1,0,0,1
-8051340.80189789,-4504250.54338397,2591,1552331,-37.46592,-72.326425,2023/08/10 00:00:00+00,1899/12/30 00:00:00+00,8,REGION BIO BIO,LOS ANGELES,VOLCADURA,VOLCADURA,URBANA,OTROS NO CONSIDERADOS,VELOCIDAD NO RAZONABLE NI PRUDENTE,VELOCIDAD IMPRUDENTE,LAS INDUSTRIAS, ,- LAS INDUSTRIAS,10350,BIDIRECCIONAL,TIERRA,BUENO, ,LLUVIA,0,1,0,0,1
-8132214.4119592,-4414706.57210096,2592,1551665,-36.824745,-73.052925,2023/08/10 00:00:00+00,1899/12/30 00:00:00+00,8,REGION BIO BIO,CONCEPCION,COLISION,COLISION,URBANA,TRAMO DE VIA RECTA,CONDUCCION NO ATENTO CONDICIONES TRANSITO MOMENTO,IMPRUDENCIA DEL CONDUCTOR,MAIPU, ,- MAIPU,573,UNIDIRECCIONAL,CONCRETO,BUENO,HUMEDO,NUBLADO,0,0,0,0,0
-8128156.7052003,-4431592.72201713,2593,1552091,-36.946073,-73.016474,2023/08/10 00:00:00+00,1899/12/30 00:00:00+00,8,REGION BIO BIO,CHIGUAYANTE,COLISION PERPENDICULAR,COLISION,URBANA,CRUCE CON SEMAFORO FUNCIONANDO,SEÑALIZACION DESOBEDECER LUZ ROJA DE SEMAFORO,DESOBEDIENCIA A SEÑALIZACION,ESPERANZA,MANUEL RODRIGUEZ,ESPERANZA - MANUEL RODRIGUEZ,0,BIDIRECCIONAL CON BANDEJON,CONCRETO,BUENO,MOJADO,NUBLADO,0,3,0,0,3
-8054090.1706815,-4505250.16104949,2594,1552351,-37.473047,-72.351123,2023/08/10 00:00:00+00,1899/12/30 00:00:00+00,8,REGION BIO BIO,LOS ANGELES,ATROPELLO,ATROPELLO,URBANA,CRUCE CON SEMAFORO FUNCIONANDO,CONDUCCION NO ATENTO CONDICIONES TRANSITO MOMENTO,IMPRUDENCIA DEL CONDUCTOR,O'HIGGINS,RICARDO VICUÑA,O'HIGGINS - RICARDO VICUÑA,0,UNIDIRECCIONAL,CONCRETO,BUENO,HUMEDO,DESPEJADO,0,1,0,0,1
-8052960.50048893,-4502492.50222182,2595,1552371,-37.453384,-72.340975,2023/08/10 00:00:00+00,1899/12/30 00:00:00+00,8,REGION BIO BIO,LOS ANGELES,CHOQUE POSTERIOR/FRENTE,CHOQUE,URBANA,TRAMO DE VIA RECTA,CONDUCCION NO ATENTO CONDICIONES TRANSITO MOMENTO,IMPRUDENCIA DEL CONDUCTOR,SOR VICENTA, ,- SOR VICENTA,1925,BIDIRECCIONAL CON BANDEJON,CONCRETO,BUENO,HUMEDO,NUBLADO,0,0,0,0,0
-8170720.71438052,-4551838.85450318,2596,1551245,-37.804457,-73.398833,2023/08/10 00:00:00+00,1899/12/30 00:00:00+00,8,REGION BIO BIO,CAÑETE,COLISION,COLISION,URBANA,TRAMO DE VIA RECTA,CONDUCCION NO ATENTO CONDICIONES TRANSITO MOMENTO,IMPRUDENCIA DEL CONDUCTOR,SEGUNDO DE LINEA,ORELLA,ORELLA - SEGUNDO DE LINEA,0,BIDIRECCIONAL,ASFALTO,BUENO,MOJADO,DESPEJADO,0,1,0,0,1
-8170210.64847371,-4551225.99406617,2597,1551005,-37.800107,-73.394251,2023/08/10 00:00:00+00,1899/12/30 00:00:00+00,8,REGION BIO BIO,CAÑETE,COLISION,COLISION,URBANA,CRUCE CON SEÑAL CEDA EL PASO,CONDUCCION NO ATENTO CONDICIONES TRANSITO MOMENTO,IMPRUDENCIA DEL CONDUCTOR,ESMERALDA, ,- ESMERALDA,960,BIDIRECCIONAL,ASFALTO,BUENO,MOJADO,NUBLADO,0,1,0,0,1
-8055812.17188458,-4506225.32543225,2598,1552389,-37.479999,-72.366592,2023/08/10 00:00:00+00,1899/12/30 00:00:00+00,8,REGION BIO BIO,LOS ANGELES,COLISION LATERAL,COLISION,URBANA,TRAMO DE VIA CURVA VERTICAL,CONDUCCION NO ATENTO CONDICIONES TRANSITO MOMENTO,IMPRUDENCIA DEL CONDUCTOR,VICUÑA MACKENNA, ,- VICUÑA MACKENNA,1451,BIDIRECCIONAL,ASFALTO,BUENO,SECO,NUBLADO,0,0,0,0,0
-8055204.92406231,-4504710.71753705,2599,1552345,-37.469201,-72.361137,2023/08/10 00:00:00+00,1899/12/30 00:00:00+00,8,REGION BIO BIO,LOS ANGELES,COLISION,COLISION,URBANA,CRUCE CON SEMAFORO FUNCIONANDO,CONDUCCION NO ATENTO CONDICIONES TRANSITO MOMENTO,IMPRUDENCIA DEL CONDUCTOR,LOS ANGELES,COLO COLO,COLO COLO - LOS ANGELES,0,BIDIRECCIONAL,CONCRETO,BUENO,SECO,DESPEJADO,0,0,0,0,0
-8171732.60855183,-4551688.66513533,2600,1551263,-37.803391,-73.407923,2023/08/10 00:00:00+00,1899/12/30 00:00:00+00,8,REGION BIO BIO,CAÑETE,COLISION,COLISION,URBANA,TRAMO DE VIA RECTA,CONDUCCION EN ESTADO DE EBRIEDAD,ALCOHOL EN CONDUCTOR,MANUEL RODRIGUEZ, ,- MANUEL RODRIGUEZ,150,BIDIRECCIONAL,CONCRETO,BUENO,SECO,DESPEJADO,0,0,0,0,0
-8139345.09326146,-4400814.20065655,2601,1553314,-36.724783,-73.116981,2023/08/10 00:00:00+00,1899/12/30 00:00:00+00,8,REGION BIO BIO,TALCAHUANO,COLISION LATERAL,COLISION,URBANA,CRUCE CON SEÑAL PARE,SEÑALIZACION DESOBEDECER SEÑAL PARE,DESOBEDIENCIA A SEÑALIZACION,TUMBES,SUBIDA EL PESCADOR,SUBIDA EL PESCADOR - TUMBES,0,BIDIRECCIONAL,CONCRETO,BUENO,SECO,DESPEJADO,0,0,0,0,0
-8136320.32005762,-4403767.18669453,2602,1553332,-36.746042,-73.089809,2023/08/10 00:00:00+00,1899/12/30 00:00:00+00,8,REGION BIO BIO,TALCAHUANO,COLISION LATERAL,COLISION,URBANA,CRUCE SIN SEÑALIZACION,NO RESPETAR DERECHO PREFERENTE DE PASO A VEHICULO,IMPRUDENCIA DEL CONDUCTOR,LAS DALIAS,ALMIRANTE NEFF,ALMIRANTE NEFF - LAS DALIAS,0,BIDIRECCIONAL,CONCRETO,BUENO,SECO,DESPEJADO,0,0,0,0,0
-8051755.13304262,-4503170.38458712,2603,1552383,-37.458218,-72.330147,2023/08/10 00:00:00+00,1899/12/30 00:00:00+00,8,REGION BIO BIO,LOS ANGELES,CHOQUE FRENTE/POSTERIOR,CHOQUE,URBANA,TRAMO DE VIA RECTA,CONDUCCION NO ATENTO CONDICIONES TRANSITO MOMENTO,IMPRUDENCIA DEL CONDUCTOR,LA TRINIDAD,COSTANERA QUILQUE NORTE,COSTANERA QUILQUE NORTE - LA TRINIDAD,0,BIDIRECCIONAL,CONCRETO,BUENO,HUMEDO,NUBLADO,0,1,0,0,1
-8056401.71990783,-4504264.00750395,2604,1552310,-37.466016,-72.371888,2023/08/10 00:00:00+00,1899/12/30 00:00:00+00,8,REGION BIO BIO,LOS ANGELES,COLISION,COLISION,URBANA,CRUCE CON SEMAFORO FUNCIONANDO,CONDUCCION NO ATENTO CONDICIONES TRANSITO MOMENTO,IMPRUDENCIA DEL CONDUCTOR,GALVARINO,PADRE HURTADO,GALVARINO - PADRE HURTADO,0,BIDIRECCIONAL CON BANDEJON,CONCRETO,BUENO,HUMEDO,DESPEJADO,0,0,0,0,0
-8131594.36239549,-4415133.37793217,2605,1551690,-36.827814,-73.047355,2023/08/11 00:00:00+00,1899/12/30 00:00:00+00,8,REGION BIO BIO,CONCEPCION,COLISION,COLISION,URBANA,CRUCE CON SEMAFORO FUNCIONANDO,CONDUCCION NO ATENTO CONDICIONES TRANSITO MOMENTO,IMPRUDENCIA DEL CONDUCTOR,SAN MARTIN,COLO COLO,COLO COLO - SAN MARTIN,0,UNIDIRECCIONAL,CONCRETO,BUENO,HUMEDO,DESPEJADO,0,1,0,0,1
-8055347.41301052,-4505154.9218647,2606,1552531,-37.472368,-72.362417,2023/08/11 00:00:00+00,1899/12/30 00:00:00+00,8,REGION BIO BIO,LOS ANGELES,CHOQUE FRONTAL,CHOQUE,URBANA,CRUCE SIN SEÑALIZACION,CONDUCCION NO ATENTO CONDICIONES TRANSITO MOMENTO,IMPRUDENCIA DEL CONDUCTOR,RICARDO VICUÑA,ALCAZAR,ALCAZAR - RICARDO VICUÑA,0,UNIDIRECCIONAL,CONCRETO,BUENO,SECO,DESPEJADO,0,1,1,0,0
-8140296.76358825,-4415074.13308879,2607,1552669,-36.827388,-73.12553,2023/08/11 00:00:00+00,1899/12/30 00:00:00+00,8,REGION BIO BIO,CONCEPCION,COLISION POR ALCANCE,COLISION,URBANA,ROTONDA,CONDUCCION CAMBIAR SORPRESIVAMENTE PISTA CIRCULACION,IMPRUDENCIA DEL CONDUCTOR,GENERAL BONILLA,JUAN BOSCO,GENERAL BONILLA - JUAN BOSCO,0,UNIDIRECCIONAL,CONCRETO,BUENO,SECO,NUBLADO,0,0,0,0,0
-8142439.55246653,-4425616.56538845,2608,1553711,-36.903156,-73.144779,2023/08/11 00:00:00+00,1899/12/30 00:00:00+00,8,REGION BIO BIO,SAN PEDRO DE LA PAZ,COLISION,COLISION,URBANA,CRUCE CON SEÑAL CEDA EL PASO,CONDUCCION NO ATENTO CONDICIONES TRANSITO MOMENTO,IMPRUDENCIA DEL CONDUCTOR,ÑUBLE,ITATA,ITATA - ÑUBLE,0,BIDIRECCIONAL,ASFALTO,BUENO,HUMEDO,DESPEJADO,0,1,1,0,0
-8055347.41301052,-4505154.9218647,2609,1552562,-37.472368,-72.362417,2023/08/11 00:00:00+00,1899/12/30 00:00:00+00,8,REGION BIO BIO,LOS ANGELES,COLISION LATERAL,COLISION,URBANA,TRAMO DE VIA RECTA,CONDUCCION SIN MANTENER DISTANCIA RAZONABLE NI PRUDENTE,IMPRUDENCIA DEL CONDUCTOR,RICARDO VICUÑA,ALCAZAR,ALCAZAR - RICARDO VICUÑA,0,BIDIRECCIONAL,ASFALTO,BUENO,SECO,DESPEJADO,0,0,0,0,0
-8136273.00927404,-4408444.13199093,2610,1553320,-36.7797,-73.089384,2023/08/11 00:00:00+00,1899/12/30 00:00:00+00,8,REGION BIO BIO,TALCAHUANO,CHOQUE LATERAL,CHOQUE,URBANA,TRAMO DE VIA RECTA,CONDUCCION NO ATENTO CONDICIONES TRANSITO MOMENTO,IMPRUDENCIA DEL CONDUCTOR,SAN MIGUEL, ,- SAN MIGUEL,7230,BIDIRECCIONAL,CONCRETO,BUENO,SECO,DESPEJADO,0,0,0,0,0
-8131671.5068026,-4414272.96936949,2611,1551680,-36.821627,-73.048048,2023/08/11 00:00:00+00,1899/12/30 00:00:00+00,8,REGION BIO BIO,CONCEPCION,CHOQUE LATERAL,CHOQUE,URBANA,TRAMO DE VIA RECTA,ADELANTAMIENTO SOBREPASANDO LINEA CONTINUA,IMPRUDENCIA DEL CONDUCTOR,LOS CARRERA,TUCAPEL,LOS CARRERA - TUCAPEL,0,BIDIRECCIONAL CON BANDEJON,CONCRETO,BUENO,SECO,DESPEJADO,0,0,0,0,0
-8121384.36133891,-4385355.72121475,2612,1551475,-36.613399,-72.955637,2023/08/11 00:00:00+00,1899/12/30 00:00:00+00,8,REGION BIO BIO,TOME,CHOQUE FRENTE/POSTERIOR,CHOQUE,URBANA,TRAMO DE VIA RECTA,CONDUCCION NO ATENTO CONDICIONES TRANSITO MOMENTO,IMPRUDENCIA DEL CONDUCTOR,VILLARROEL,MARIANO EGAÑA,MARIANO EGAÑA - VILLARROEL,0,UNIDIRECCIONAL,CONCRETO,BUENO,SECO,DESPEJADO,0,0,0,0,0
-8121669.33923534,-4386059.71001139,2613,1551486,-36.618475,-72.958197,2023/08/11 00:00:00+00,1899/12/30 00:00:00+00,8,REGION BIO BIO,TOME,COLISION LATERAL,COLISION,URBANA,TRAMO DE VIA RECTA,CONDUCCION NO ATENTO CONDICIONES TRANSITO MOMENTO,IMPRUDENCIA DEL CONDUCTOR,IGNACIO SERRANO, ,- IGNACIO SERRANO,1055,UNIDIRECCIONAL,CONCRETO,BUENO,SECO,DESPEJADO,0,0,0,0,0
-8139345.09326146,-4400814.20065655,2614,1553322,-36.724783,-73.116981,2023/08/11 00:00:00+00,1899/12/30 00:00:00+00,8,REGION BIO BIO,TALCAHUANO,CHOQUE FRENTE/POSTERIOR,CHOQUE,URBANA,OTROS NO CONSIDERADOS,CONDUCCION SIN MANTENER DISTANCIA RAZONABLE NI PRUDENTE,IMPRUDENCIA DEL CONDUCTOR,JORGE ALESSANDRI PALMA, ,- JORGE ALESSANDRI PALMA,3177,BIDIRECCIONAL,CONCRETO,BUENO,SECO,DESPEJADO,0,0,0,0,0
-8077581.14358717,-4452435.8395665,2615,1554110,-37.095566,-72.562146,2023/08/11 00:00:00+00,1899/12/30 00:00:00+00,8,REGION BIO BIO,YUMBEL,COLISION,COLISION,URBANA,TRAMO DE VIA RECTA,CONDUCCION NO ATENTO CONDICIONES TRANSITO MOMENTO,IMPRUDENCIA DEL CONDUCTOR,O'HIGGINS, ,- O'HIGGINS,10,BIDIRECCIONAL,CONCRETO,BUENO,SECO,DESPEJADO,0,0,0,0,0
-8052898.71817154,-4505304.86435978,2616,1552551,-37.473437,-72.34042,2023/08/11 00:00:00+00,1899/12/30 00:00:00+00,8,REGION BIO BIO,LOS ANGELES,CHOQUE FRONTAL,CHOQUE,URBANA,ACERA O BERMA,CONDUCCION NO ATENTO CONDICIONES TRANSITO MOMENTO,IMPRUDENCIA DEL CONDUCTOR,BALMACEDA, ,- BALMACEDA,251,BIDIRECCIONAL,CONCRETO,BUENO,SECO,DESPEJADO,0,1,0,0,1
-8129666.8654124,-4425532.90051268,2617,1552051,-36.902555,-73.03004,2023/08/11 00:00:00+00,1899/12/30 00:00:00+00,8,REGION BIO BIO,CHIGUAYANTE,CHOQUE LADO/LADO,CHOQUE,URBANA,CRUCE CON SEMAFORO FUNCIONANDO,CONDUCCION NO ATENTO CONDICIONES TRANSITO MOMENTO,IMPRUDENCIA DEL CONDUCTOR,CRISTOBAL COLON,O'HIGGINS,CRISTOBAL COLON - O'HIGGINS,0,BIDIRECCIONAL,CONCRETO,BUENO,SECO,DESPEJADO,0,0,0,0,0
-8132393.85897836,-4414804.61493668,2618,1551782,-36.82545,-73.054537,2023/08/11 00:00:00+00,1899/12/30 00:00:00+00,8,REGION BIO BIO,CONCEPCION,CHOQUE,CHOQUE,URBANA,OTROS NO CONSIDERADOS,CONDUCCION NO ATENTO CONDICIONES TRANSITO MOMENTO,IMPRUDENCIA DEL CONDUCTOR,MAIPU, ,- MAIPU,435,UNIDIRECCIONAL,CONCRETO,BUENO,SECO,DESPEJADO,0,0,0,0,0
-8126043.30466759,-4402997.57299422,2619,1552990,-36.740502,-72.997489,2023/08/11 00:00:00+00,1899/12/30 00:00:00+00,8,REGION BIO BIO,PENCO,CHOQUE,CHOQUE,URBANA,TRAMO DE VIA RECTA,SEÑALIZACION DESOBEDECER SEÑAL PARE,DESOBEDIENCIA A SEÑALIZACION,O'HIGGINS, ,- O'HIGGINS,115,UNIDIRECCIONAL,ASFALTO,BUENO,SECO,DESPEJADO,0,0,0,0,0
-8041304.34792746,-4538974.24333906,2620,1551781,-37.713092,-72.236266,2023/08/11 00:00:00+00,1899/12/30 00:00:00+00,8,REGION BIO BIO,MULCHEN,COLISION,COLISION,URBANA,CRUCE CON SEÑAL CEDA EL PASO,SEÑALIZACION DESOBEDECER SEÑAL CEDA EL PASO,DESOBEDIENCIA A SEÑALIZACION,PANTOJA,BALMACEDA,BALMACEDA - PANTOJA,0,UNIDIRECCIONAL,CONCRETO,BUENO,SECO,DESPEJADO,0,1,0,0,1
-8137628.10143546,-4409412.48755069,2621,1551113,-36.786667,-73.101557,2023/08/11 00:00:00+00,1899/12/30 00:00:00+00,8,REGION BIO BIO,HUALPEN,COLISION,COLISION,URBANA,CRUCE CON SEMAFORO FUNCIONANDO,CONDUCCION NO ATENTO CONDICIONES TRANSITO MOMENTO,IMPRUDENCIA DEL CONDUCTOR,ALEMANIA,GRECIA,ALEMANIA - GRECIA,0,BIDIRECCIONAL,CONCRETO,BUENO,SECO,DESPEJADO,0,0,0,0,0
-8138668.38207693,-4401044.05944487,2622,1553289,-36.726438,-73.110902,2023/08/11 00:00:00+00,1899/12/30 00:00:00+00,8,REGION BIO BIO,TALCAHUANO,ATROPELLO,ATROPELLO,URBANA,CRUCE CON SEÑAL CEDA EL PASO,SEÑALIZACION DESOBEDECER SEÑAL CEDA EL PASO,DESOBEDIENCIA A SEÑALIZACION,O'HIGGINS, ,- O'HIGGINS,225,BIDIRECCIONAL,CONCRETO,BUENO,SECO,DESPEJADO,0,1,1,0,0
-8135989.14457251,-4410247.62071925,2623,1551180,-36.792675,-73.086834,2023/08/11 00:00:00+00,1899/12/30 00:00:00+00,8,REGION BIO BIO,HUALPEN,COLISION,COLISION,URBANA,CRUCE CON SEÑAL PARE,CONDUCCION NO ATENTO CONDICIONES TRANSITO MOMENTO,IMPRUDENCIA DEL CONDUCTOR,CRISTOBAL COLON,CARAMPANGUE,CARAMPANGUE - CRISTOBAL COLON,0,BIDIRECCIONAL,CONCRETO,BUENO,SECO,DESPEJADO,0,0,0,0,0
-8139345.09326146,-4400814.20065655,2624,1553298,-36.724783,-73.116981,2023/08/11 00:00:00+00,1899/12/30 00:00:00+00,8,REGION BIO BIO,TALCAHUANO,CHOQUE FRENTE/POSTERIOR,CHOQUE,URBANA,TRAMO DE VIA RECTA,CONDUCCION EN ESTADO DE EBRIEDAD,ALCOHOL EN CONDUCTOR,CRISTOBAL COLON, ,- CRISTOBAL COLON,3140,BIDIRECCIONAL,CONCRETO,BUENO,SECO,DESPEJADO,0,0,0,0,0
-8136325.21811522,-4405502.49436911,2625,1551191,-36.758532,-73.089853,2023/08/12 00:00:00+00,1899/12/30 00:00:00+00,8,REGION BIO BIO,TALCAHUANO,CHOQUE FRENTE/POSTERIOR,CHOQUE,URBANA,CRUCE CON SEMAFORO FUNCIONANDO,CONDUCCION NO ATENTO CONDICIONES TRANSITO MOMENTO,IMPRUDENCIA DEL CONDUCTOR,CRISTOBAL COLON,LAS PETUNIAS,CRISTOBAL COLON - LAS PETUNIAS,0,BIDIRECCIONAL CON BANDEJON,CONCRETO,BUENO,SECO,DESPEJADO,0,0,0,0,0
-8137100.22441012,-4412179.18657984,2626,1551198,-36.806569,-73.096815,2023/08/12 00:00:00+00,1899/12/30 00:00:00+00,8,REGION BIO BIO,HUALPEN,COLISION,COLISION,URBANA,CRUCE CON SEÑAL PARE,CONDUCCION NO ATENTO CONDICIONES TRANSITO MOMENTO,IMPRUDENCIA DEL CONDUCTOR,COSTANERA,CAMINO DESEMBOCADURA,CAMINO DESEMBOCADURA - COSTANERA,0,BIDIRECCIONAL CON BANDEJON,CONCRETO,BUENO,SECO,DESPEJADO,0,1,0,0,1
-8142839.18943848,-4451746.4222417,2627,1552344,-37.090626,-73.148369,2023/08/12 00:00:00+00,1899/12/30 00:00:00+00,8,REGION BIO BIO,LOTA,CHOQUE FRONTAL,CHOQUE,URBANA,TRAMO DE VIA CURVA HORIZONTAL,CONDUCCION EN ESTADO DE EBRIEDAD,ALCOHOL EN CONDUCTOR,FERNANDO MAIRA,CURVA 21 DE MAYO,CURVA 21 DE MAYO - FERNANDO MAIRA,0,BIDIRECCIONAL,ASFALTO,BUENO,HUMEDO,NUBLADO,0,2,0,1,1
-8130659.94658977,-4420599.0908597,2628,1552068,-36.867105,-73.038961,2023/08/12 00:00:00+00,1899/12/30 00:00:00+00,8,REGION BIO BIO,CHIGUAYANTE,CHOQUE FRONTAL,CHOQUE,URBANA,TRAMO DE VIA RECTA,VELOCIDAD NO RAZONABLE NI PRUDENTE,VELOCIDAD IMPRUDENTE,COSTANERA,PASCUAL BINIMELIS,COSTANERA - PASCUAL BINIMELIS,0,BIDIRECCIONAL,CONCRETO,BUENO,HUMEDO,NEBLINA,0,0,0,0,0
-8055408.86136944,-4506269.93379791,2629,1552592,-37.480317,-72.362969,2023/08/12 00:00:00+00,1899/12/30 00:00:00+00,8,REGION BIO BIO,LOS ANGELES,COLISION PERPENDICULAR,COLISION,URBANA,CRUCE CON SEMAFORO FUNCIONANDO,CONDUCCION NO ATENTO CONDICIONES TRANSITO MOMENTO,IMPRUDENCIA DEL CONDUCTOR,VICUÑA MACKENNA,ALCAZAR,ALCAZAR - VICUÑA MACKENNA,0,BIDIRECCIONAL,ASFALTO,BUENO,SECO,DESPEJADO,0,1,0,0,1
-8138207.40806555,-4400868.78298983,2630,1553327,-36.725176,-73.106761,2023/08/12 00:00:00+00,1899/12/30 00:00:00+00,8,REGION BIO BIO,TALCAHUANO,COLISION LATERAL,COLISION,URBANA,CRUCE CON SEMAFORO FUNCIONANDO,SEÑALIZACION DESOBEDECER LUZ ROJA DE SEMAFORO,DESOBEDIENCIA A SEÑALIZACION,MANUEL RODRIGUEZ,CRISTOBAL COLON,CRISTOBAL COLON - MANUEL RODRIGUEZ,0,BIDIRECCIONAL,CONCRETO,BUENO,SECO,DESPEJADO,0,0,0,0,0
-8133285.52809962,-4409959.45901549,2631,1551788,-36.790602,-73.062547,2023/08/12 00:00:00+00,1899/12/30 00:00:00+00,8,REGION BIO BIO,TALCAHUANO,CHOQUE,CHOQUE,URBANA,OTROS NO CONSIDERADOS,CONDUCCION NO ATENTO CONDICIONES TRANSITO MOMENTO,IMPRUDENCIA DEL CONDUCTOR,JORGE ALESSANDRI, ,- JORGE ALESSANDRI,3177,BIDIRECCIONAL,CONCRETO,BUENO,SECO,NUBLADO,0,0,0,0,0
-8128780.5396267,-4429157.96194278,2632,1556661,-36.928591,-73.022078,2023/08/12 00:00:00+00,1899/12/30 00:00:00+00,8,REGION BIO BIO,CHIGUAYANTE,COLISION,COLISION,URBANA,CRUCE CON SEMAFORO FUNCIONANDO,CONDUCCION NO ATENTO CONDICIONES TRANSITO MOMENTO,IMPRUDENCIA DEL CONDUCTOR,21 DE MAYO,IV CENTENARIO,21 DE MAYO - IV CENTENARIO,0,BIDIRECCIONAL CON BANDEJON,CONCRETO,BUENO,SECO,DESPEJADO,0,0,0,0,0
-8143750.45079011,-4452088.47368138,2633,1552147,-37.093077,-73.156555,2023/08/12 00:00:00+00,1899/12/30 00:00:00+00,8,REGION BIO BIO,LOTA,ATROPELLO,ATROPELLO,URBANA,CRUCE CON SEÑAL CEDA EL PASO,NO RESPETAR DERECHO PREFERENTE DE PASO A PEATON,IMPRUDENCIA DEL CONDUCTOR,MONSALVE,SERRANO,MONSALVE - SERRANO,0,UNIDIRECCIONAL,ASFALTO,BUENO,SECO,DESPEJADO,0,1,0,0,1
-8054048.09191399,-4507353.35815931,2634,1552616,-37.48804,-72.350745,2023/08/12 00:00:00+00,1899/12/30 00:00:00+00,8,REGION BIO BIO,LOS ANGELES,VOLCADURA,VOLCADURA,URBANA,TRAMO DE VIA RECTA,VELOCIDAD NO RAZONABLE NI PRUDENTE,VELOCIDAD IMPRUDENTE,SAN PABLO, ,- SAN PABLO,203,UNIDIRECCIONAL,ASFALTO,REGULAR,SECO,DESPEJADO,0,1,0,0,1
-8165170.10193059,-4505398.14117539,2635,1551492,-37.474102,-73.348971,2023/08/12 00:00:00+00,1899/12/30 00:00:00+00,8,REGION BIO BIO,CURANILAHUE,CHOQUE POSTERIOR,CHOQUE,URBANA,TRAMO DE VIA RECTA,CONDUCCION NO ATENTO CONDICIONES TRANSITO MOMENTO,IMPRUDENCIA DEL CONDUCTOR,ELIO MOLINA, ,- ELIO MOLINA,228,BIDIRECCIONAL,CONCRETO,BUENO,SECO,DESPEJADO,0,0,0,0,0
-8139131.8051171,-4415851.9913015,2636,1553726,-36.832981,-73.115065,2023/08/12 00:00:00+00,1899/12/30 00:00:00+00,8,REGION BIO BIO,SAN PEDRO DE LA PAZ,COLISION FRONTAL,COLISION,URBANA,TRAMO DE VIA RECTA,CONDUCCION EN ESTADO DE EBRIEDAD,ALCOHOL EN CONDUCTOR,LOS CLAVELES, ,- LOS CLAVELES,277,BIDIRECCIONAL,ASFALTO,BUENO,SECO,DESPEJADO,0,4,0,0,4