X,Y,FID,Idaccident,Latitude,Longitude,Fecha,Hora,Cód_Regi,Región,Comuna,Tipo_Accid,Tipo__CONA,Zona,Ubicación,Causa,Causa__CON,Calle_Uno,Calle_Dos,Intersecci,Número,Calzada,Tipo_Calza,Estado_Cal,Condición,Estado_Atm,Fallecidos,Lesionados,Graves,Menos_Grav,Leves
-8169738.54251326,-4551088.77462879,2844,1530686,-37.799133,-73.39001,2023/05/05 00:00:00+00,1899/12/30 00:00:00+00,8,REGION BIO BIO,CAÑETE,COLISION,COLISION,URBANA,TRAMO DE VIA RECTA,CONDUCCION NO ATENTO CONDICIONES TRANSITO MOMENTO,IMPRUDENCIA DEL CONDUCTOR,SIMON BOLIVAR,PRESIDENTE FREI,PRESIDENTE FREI - SIMON BOLIVAR,0,BIDIRECCIONAL,CONCRETO,BUENO,SECO,DESPEJADO,0,0,0,0,0
-8138562.73988017,-4409413.73853343,2845,1528428,-36.786676,-73.109953,2023/05/05 00:00:00+00,1899/12/30 00:00:00+00,8,REGION BIO BIO,HUALPEN,COLISION,COLISION,URBANA,TRAMO DE VIA RECTA,CONDUCCION NO ATENTO CONDICIONES TRANSITO MOMENTO,IMPRUDENCIA DEL CONDUCTOR,SANTA MARIA,O'HIGGINS,O'HIGGINS - SANTA MARIA,0,BIDIRECCIONAL CON BANDEJON,CONCRETO,BUENO,SECO,DESPEJADO,0,0,0,0,0
-8143995.79894782,-4452067.95865649,2846,1531495,-37.09293,-73.158759,2023/05/05 00:00:00+00,1899/12/30 00:00:00+00,8,REGION BIO BIO,LOTA,CAIDA,CAIDA,URBANA,OTROS NO CONSIDERADOS,IMPRUDENCIA DEL PASAJERO,IMPRUDENCIA DEL PASAJERO,ANIBAL PINTO,CAUPOLICAN,ANIBAL PINTO - CAUPOLICAN,0,BIDIRECCIONAL,CONCRETO,BUENO,SECO,DESPEJADO,0,1,0,0,1
-8133285.52809962,-4409959.45901549,2847,1534067,-36.790602,-73.062547,2023/05/05 00:00:00+00,1899/12/30 00:00:00+00,8,REGION BIO BIO,TALCAHUANO,COLISION LATERAL,COLISION,URBANA,OTROS NO CONSIDERADOS,NO RESPETAR DERECHO PREFERENTE DE PASO A VEHICULO,IMPRUDENCIA DEL CONDUCTOR,JORGE ALESSANDRI RODRIGUEZ, ,- JORGE ALESSANDRI RODRIGUEZ,3177,BIDIRECCIONAL,CONCRETO,BUENO,SECO,DESPEJADO,0,0,0,0,0
-8134991.72193501,-4415964.37029855,2848,1529888,-36.833789,-73.077874,2023/05/05 00:00:00+00,1899/12/30 00:00:00+00,8,REGION BIO BIO,CONCEPCION,COLISION,COLISION,URBANA,PUENTE,CONDUCCION EN ESTADO DE EBRIEDAD,ALCOHOL EN CONDUCTOR,PUENTE LLACOLEN, ,- PUENTE LLACOLEN,1,BIDIRECCIONAL,CONCRETO,BUENO,SECO,DESPEJADO,0,3,0,1,2
-8138105.66205097,-4403424.74341355,2849,1530374,-36.743577,-73.105847,2023/05/05 00:00:00+00,1899/12/30 00:00:00+00,8,REGION BIO BIO,TALCAHUANO,COLISION LATERAL,COLISION,URBANA,TRAMO DE VIA RECTA,VIRAJES INDEBIDOS,IMPRUDENCIA DEL CONDUCTOR,ALTO HORNO, ,- ALTO HORNO,444,BIDIRECCIONAL CON BANDEJON,CONCRETO,BUENO,SECO,DESPEJADO,0,0,0,0,0
-8138711.46271986,-4409025.6629361,2850,1534003,-36.783884,-73.111289,2023/05/05 00:00:00+00,1899/12/30 00:00:00+00,8,REGION BIO BIO,TALCAHUANO,VOLCADURA,VOLCADURA,URBANA,TRAMO DE VIA RECTA,VELOCIDAD NO RAZONABLE NI PRUDENTE,VELOCIDAD IMPRUDENTE,GRAN BRETAÑA, ,- GRAN BRETAÑA,2875,BIDIRECCIONAL,CONCRETO,BUENO,SECO,DESPEJADO,0,0,0,0,0
-8137090.65093391,-4411148.57598962,2851,1528457,-36.799156,-73.096729,2023/05/05 00:00:00+00,1899/12/30 00:00:00+00,8,REGION BIO BIO,HUALPEN,COLISION,COLISION,URBANA,CRUCE CON SEMAFORO FUNCIONANDO,NO RESPETAR DERECHO PREFERENTE DE PASO A VEHICULO,IMPRUDENCIA DEL CONDUCTOR,PILPILCO,POSTDAM,PILPILCO - POSTDAM,0,BIDIRECCIONAL,CONCRETO,BUENO,SECO,DESPEJADO,0,1,1,0,0
-8130397.45523048,-4414566.25420971,2852,1529906,-36.823736,-73.036603,2023/05/05 00:00:00+00,1899/12/30 00:00:00+00,8,REGION BIO BIO,CONCEPCION,COLISION LATERAL,COLISION,URBANA,OTROS NO CONSIDERADOS,CONDUCCION NO ATENTO CONDICIONES TRANSITO MOMENTO,IMPRUDENCIA DEL CONDUCTOR,ROOSEVELT,NONGUEN,NONGUEN - ROOSEVELT,0,BIDIRECCIONAL,CONCRETO,BUENO,SECO,DESPEJADO,0,0,0,0,0
-8054546.13531579,-4504291.07604748,2853,1530442,-37.466209,-72.355219,2023/05/05 00:00:00+00,1899/12/30 00:00:00+00,8,REGION BIO BIO,LOS ANGELES,COLISION LATERAL,COLISION,URBANA,CRUCE CON SEMAFORO FUNCIONANDO,CONDUCCION EN ESTADO DE EBRIEDAD,ALCOHOL EN CONDUCTOR,ERCILLA,TUCAPEL,ERCILLA - TUCAPEL,0,BIDIRECCIONAL,CONCRETO,REGULAR,SECO,DESPEJADO,0,0,0,0,0
-8136607.85830234,-4404920.46097351,2854,1537470,-36.754343,-73.092392,2023/05/05 00:00:00+00,1899/12/30 00:00:00+00,8,REGION BIO BIO,TALCAHUANO,COLISION LATERAL,COLISION,URBANA,CRUCE CON SEMAFORO FUNCIONANDO,SEÑALIZACION DESOBEDECER LUZ ROJA DE SEMAFORO,DESOBEDIENCIA A SEÑALIZACION,CRISTOBAL COLON, ,- CRISTOBAL COLON,4994,BIDIRECCIONAL CON BANDEJON,CONCRETO,BUENO,SECO,DESPEJADO,0,0,0,0,0
-8127408.08162471,-4415817.77713959,2855,1529893,-36.832735,-73.009749,2023/05/05 00:00:00+00,1899/12/30 00:00:00+00,8,REGION BIO BIO,CONCEPCION,CHOQUE,CHOQUE,URBANA,CRUCE SIN SEÑALIZACION,CONDUCCION NO ATENTO CONDICIONES TRANSITO MOMENTO,IMPRUDENCIA DEL CONDUCTOR,SANTIAGO AMENGUAL,ELEUTERIO RAMIREZ,ELEUTERIO RAMIREZ - SANTIAGO AMENGUAL,0,UNIDIRECCIONAL,CONCRETO,BUENO,SECO,DESPEJADO,0,0,0,0,0
-8139034.51188214,-4399241.84937879,2856,1530534,-36.713461,-73.114191,2023/05/05 00:00:00+00,1899/12/30 00:00:00+00,8,REGION BIO BIO,TALCAHUANO,CHOQUE LADO/LADO,CHOQUE,URBANA,TRAMO DE VIA RECTA,CONDUCCION NO ATENTO CONDICIONES TRANSITO MOMENTO,IMPRUDENCIA DEL CONDUCTOR,SAN MARTIN, ,- SAN MARTIN,158,UNIDIRECCIONAL,CONCRETO,BUENO,SECO,DESPEJADO,0,0,0,0,0
-8126155.51471431,-4402877.69051787,2857,1536115,-36.739639,-72.998497,2023/05/05 00:00:00+00,1899/12/30 00:00:00+00,8,REGION BIO BIO,PENCO,VOLCADURA,VOLCADURA,URBANA,TRAMO DE VIA RECTA,CONDUCCION NO ATENTO CONDICIONES TRANSITO MOMENTO,IMPRUDENCIA DEL CONDUCTOR,HERAS, ,- HERAS,117,UNIDIRECCIONAL,ASFALTO,BUENO,SECO,DESPEJADO,0,2,0,0,2
-8139315.92755487,-4415497.1985693,2858,1528865,-36.83043,-73.116719,2023/05/05 00:00:00+00,1899/12/30 00:00:00+00,8,REGION BIO BIO,SAN PEDRO DE LA PAZ,COLISION FRONTAL,COLISION,URBANA,TRAMO DE VIA RECTA,CONDUCCION CAMBIAR SORPRESIVAMENTE PISTA CIRCULACION,IMPRUDENCIA DEL CONDUCTOR,LOS CLAVELES, ,- LOS CLAVELES,190,BIDIRECCIONAL,CONCRETO,REGULAR,SECO,DESPEJADO,0,1,0,1,0
-8131748.09461227,-4411159.97569603,2859,1529474,-36.799238,-73.048736,2023/05/06 00:00:00+00,1899/12/30 00:00:00+00,8,REGION BIO BIO,CONCEPCION,COLISION LATERAL,COLISION,URBANA,ROTONDA,CONDUCCION EN ESTADO DE EBRIEDAD,ALCOHOL EN CONDUCTOR,ABDON CIFUENTES,VICTOR DOMINGO SILVA,ABDON CIFUENTES - VICTOR DOMINGO SILVA,0,BIDIRECCIONAL,CONCRETO,BUENO,SECO,DESPEJADO,0,1,0,0,1
-8136867.67799385,-4417349.17726184,2860,1528860,-36.843745,-73.094726,2023/05/06 00:00:00+00,1899/12/30 00:00:00+00,8,REGION BIO BIO,SAN PEDRO DE LA PAZ,CHOQUE FRONTAL,CHOQUE,URBANA,CRUCE CON SEMAFORO FUNCIONANDO,CONDUCCION EN ESTADO DE EBRIEDAD,ALCOHOL EN CONDUCTOR,CAMINO EL VENADO,MICHIMALONCO,CAMINO EL VENADO - MICHIMALONCO,0,BIDIRECCIONAL CON BANDEJON,CONCRETO,BUENO,SECO,DESPEJADO,0,0,0,0,0
-8133085.59829415,-4415011.13365242,2861,1529949,-36.826935,-73.060751,2023/05/06 00:00:00+00,1899/12/30 00:00:00+00,8,REGION BIO BIO,CONCEPCION,CHOQUE POSTERIOR,CHOQUE,URBANA,CRUCE CON SEMAFORO FUNCIONANDO,CONDUCCION EN ESTADO DE EBRIEDAD,ALCOHOL EN CONDUCTOR,LOS CARRERA,ARTURO PRAT,ARTURO PRAT - LOS CARRERA,0,BIDIRECCIONAL CON BANDEJON,CONCRETO,BUENO,SECO,NUBLADO,0,0,0,0,0
-8141544.09848259,-4442616.85693445,2862,1528944,-37.025178,-73.136735,2023/05/06 00:00:00+00,1899/12/30 00:00:00+00,8,REGION BIO BIO,CORONEL,OTRO TIPO,OTRO TIPO,URBANA,OTROS NO CONSIDERADOS,CONDUCCION EN ESTADO DE EBRIEDAD,ALCOHOL EN CONDUCTOR,DOLORES, ,- DOLORES,431,BIDIRECCIONAL,ASFALTO,BUENO,SECO,NUBLADO,0,0,0,0,0
-8132366.91966159,-4413733.14614189,2863,1529709,-36.817745,-73.054295,2023/05/06 00:00:00+00,1899/12/30 00:00:00+00,8,REGION BIO BIO,CONCEPCION,ATROPELLO,ATROPELLO,URBANA,TRAMO DE VIA RECTA,PEATON CRUZA CALZADA FUERA PASO PEATONES,IMPRUDENCIA DEL PEATON,JOAQUIN PRIETO, ,- JOAQUIN PRIETO,775,BIDIRECCIONAL,CONCRETO,BUENO,SECO,DESPEJADO,0,1,0,0,1
-8052437.96679915,-4502718.9723211,2864,1530577,-37.454999,-72.336281,2023/05/06 00:00:00+00,1899/12/30 00:00:00+00,8,REGION BIO BIO,LOS ANGELES,COLISION FRONTAL,COLISION,URBANA,CRUCE SIN SEÑALIZACION,CONDUCCION NO ATENTO CONDICIONES TRANSITO MOMENTO,IMPRUDENCIA DEL CONDUCTOR,ORIENTE,LYON,LYON - ORIENTE,0,UNIDIRECCIONAL,CONCRETO,REGULAR,SECO,DESPEJADO,0,0,0,0,0
-8059731.39719694,-4444151.29200006,2865,1529556,-37.036182,-72.401799,2023/05/06 00:00:00+00,1899/12/30 00:00:00+00,8,REGION BIO BIO,CABRERO,CHOQUE POSTERIOR/FRENTE,CHOQUE,URBANA,TRAMO DE VIA RECTA,CONDUCCION NO ATENTO CONDICIONES TRANSITO MOMENTO,IMPRUDENCIA DEL CONDUCTOR,VIAL, ,- VIAL,130,UNIDIRECCIONAL,CONCRETO,BUENO,SECO,DESPEJADO,0,0,0,0,0
-8136103.58100905,-4405683.54394277,2866,1530379,-36.759835,-73.087862,2023/05/06 00:00:00+00,1899/12/30 00:00:00+00,8,REGION BIO BIO,TALCAHUANO,COLISION LATERAL,COLISION,URBANA,CRUCE CON SEÑAL PARE,SEÑALIZACION DESOBEDECER SEÑAL PARE,DESOBEDIENCIA A SEÑALIZACION,LOS LIRIOS,MONSEÑOR ALARCON,LOS LIRIOS - MONSEÑOR ALARCON,0,BIDIRECCIONAL,CONCRETO,BUENO,SECO,DESPEJADO,0,0,0,0,0
-8133085.59829415,-4415011.13365242,2867,1529913,-36.826935,-73.060751,2023/05/06 00:00:00+00,1899/12/30 00:00:00+00,8,REGION BIO BIO,CONCEPCION,COLISION LATERAL,COLISION,URBANA,CRUCE CON SEMAFORO FUNCIONANDO,CONDUCCION NO ATENTO CONDICIONES TRANSITO MOMENTO,IMPRUDENCIA DEL CONDUCTOR,ARTURO PRAT,LOS CARRERA,ARTURO PRAT - LOS CARRERA,0,UNIDIRECCIONAL,CONCRETO,BUENO,SECO,DESPEJADO,0,0,0,0,0
-8053588.00845853,-4506875.11132774,2868,1530582,-37.484631,-72.346612,2023/05/06 00:00:00+00,1899/12/30 00:00:00+00,8,REGION BIO BIO,LOS ANGELES,COLISION LATERAL,COLISION,URBANA,TRAMO DE VIA RECTA,CONDUCCION CAMBIAR SORPRESIVAMENTE PISTA CIRCULACION,IMPRUDENCIA DEL CONDUCTOR,LOS CARRERA, ,- LOS CARRERA,1030,BIDIRECCIONAL CON BANDEJON,ASFALTO,BUENO,SECO,DESPEJADO,0,1,0,0,1
-8053918.18206823,-4504478.73450391,2869,1530562,-37.467547,-72.349578,2023/05/06 00:00:00+00,1899/12/30 00:00:00+00,8,REGION BIO BIO,LOS ANGELES,ATROPELLO,ATROPELLO,URBANA,TRAMO DE VIA RECTA,CONDUCCION NO ATENTO CONDICIONES TRANSITO MOMENTO,IMPRUDENCIA DEL CONDUCTOR,RENGO,ALMAGRO,ALMAGRO - RENGO,0,UNIDIRECCIONAL,CONCRETO,BUENO,SECO,DESPEJADO,0,1,0,0,1
-8055191.00912596,-4504707.35136202,2870,1530573,-37.469177,-72.361012,2023/05/06 00:00:00+00,1899/12/30 00:00:00+00,8,REGION BIO BIO,LOS ANGELES,COLISION LATERAL,COLISION,URBANA,TRAMO DE VIA RECTA,CONDUCCION EN ESTADO DE EBRIEDAD,ALCOHOL EN CONDUCTOR,BOGOTA,LOS ATAVALOS,BOGOTA - LOS ATAVALOS,0,UNIDIRECCIONAL,CONCRETO,BUENO,SECO,DESPEJADO,0,2,0,0,2
-8125686.63701909,-4415016.55743028,2871,1530797,-36.826974,-72.994285,2023/05/06 00:00:00+00,1899/12/30 00:00:00+00,8,REGION BIO BIO,CONCEPCION,CHOQUE,CHOQUE,URBANA,CRUCE CON SEÑAL CEDA EL PASO,VELOCIDAD NO RAZONABLE NI PRUDENTE,VELOCIDAD IMPRUDENTE,ROTONDA PALOMARES,COLLAO,COLLAO - ROTONDA PALOMARES,0,UNIDIRECCIONAL,CONCRETO,BUENO,SECO,DESPEJADO,0,0,0,0,0
-8141103.60725752,-4399859.95771101,2872,1530445,-36.717912,-73.132778,2023/05/06 00:00:00+00,1899/12/30 00:00:00+00,8,REGION BIO BIO,TALCAHUANO,COLISION FRONTAL,COLISION,URBANA,TRAMO DE VIA RECTA,CONDUCCION BAJO LA INFLUENCIA DEL ALCOHOL,ALCOHOL EN CONDUCTOR,LOS ARAUCANOS, ,- LOS ARAUCANOS,922,BIDIRECCIONAL,CONCRETO,BUENO,SECO,DESPEJADO,0,0,0,0,0
-8169265.87995535,-4549107.18392237,2873,1530715,-37.785066,-73.385764,2023/05/06 00:00:00+00,1899/12/30 00:00:00+00,8,REGION BIO BIO,CAÑETE,CHOQUE,CHOQUE,URBANA,TRAMO DE VIA RECTA,CONDUCCION NO ATENTO CONDICIONES TRANSITO MOMENTO,IMPRUDENCIA DEL CONDUCTOR,RIO TUCAPEL,LIBERTAD,LIBERTAD - RIO TUCAPEL,0,BIDIRECCIONAL,CONCRETO,BUENO,SECO,DESPEJADO,0,0,0,0,0
-8131047.6723762,-4413412.21321332,2874,1529735,-36.815437,-73.042444,2023/05/06 00:00:00+00,1899/12/30 00:00:00+00,8,REGION BIO BIO,CONCEPCION,COLISION,COLISION,URBANA,CRUCE CON SEÑAL CEDA EL PASO,SEÑALIZACION DESOBEDECER SEÑAL CEDA EL PASO,DESOBEDIENCIA A SEÑALIZACION,GALVARINO,MANUEL BULNES,GALVARINO - MANUEL BULNES,0,UNIDIRECCIONAL,CONCRETO,BUENO,SECO,DESPEJADO,0,1,1,0,0
-8132585.32850253,-4415994.96874592,2875,1529966,-36.834009,-73.056257,2023/05/06 00:00:00+00,1899/12/30 00:00:00+00,8,REGION BIO BIO,CONCEPCION,COLISION PERPENDICULAR,COLISION,URBANA,CRUCE CON SEMAFORO FUNCIONANDO,SEÑALIZACION DESOBEDECER LUZ ROJA DE SEMAFORO,DESOBEDIENCIA A SEÑALIZACION,ARTURO PRAT,CHACABUCO,ARTURO PRAT - CHACABUCO,0,UNIDIRECCIONAL,CONCRETO,BUENO,HUMEDO,NUBLADO,0,0,0,0,0
-8053857.40162625,-4503489.4279637,2876,1530593,-37.460493,-72.349032,2023/05/06 00:00:00+00,1899/12/30 00:00:00+00,8,REGION BIO BIO,LOS ANGELES,COLISION LATERAL,COLISION,URBANA,CRUCE CON SEMAFORO FUNCIONANDO,CONDUCCION NO ATENTO CONDICIONES TRANSITO MOMENTO,IMPRUDENCIA DEL CONDUCTOR,OROMPELLO,ALMAGRO,ALMAGRO - OROMPELLO,0,BIDIRECCIONAL,CONCRETO,BUENO,SECO,NUBLADO,0,1,0,0,1
-8054341.7527307,-4506392.95848191,2877,1530487,-37.481194,-72.353383,2023/05/06 00:00:00+00,1899/12/30 00:00:00+00,8,REGION BIO BIO,LOS ANGELES,COLISION PERPENDICULAR,COLISION,URBANA,CRUCE CON SEMAFORO FUNCIONANDO,NO RESPETAR DERECHO PREFERENTE DE PASO A VEHICULO,IMPRUDENCIA DEL CONDUCTOR,VICUÑA MACKENNA,SAN MARTIN,SAN MARTIN - VICUÑA MACKENNA,0,BIDIRECCIONAL CON BANDEJON,CONCRETO,BUENO,SECO,NUBLADO,0,2,1,0,1
-8132498.38798022,-4417825.05502215,2878,1529960,-36.847166,-73.055476,2023/05/07 00:00:00+00,1899/12/30 00:00:00+00,8,REGION BIO BIO,CONCEPCION,COLISION LATERAL,COLISION,URBANA,ENLACE A NIVEL,NO RESPETAR DERECHO PREFERENTE DE PASO A VEHICULO,IMPRUDENCIA DEL CONDUCTOR,COSTANERA,PUENTE LA MOCHITA,COSTANERA - PUENTE LA MOCHITA,0,BIDIRECCIONAL CON BANDEJON,CONCRETO,BUENO,HUMEDO,NUBLADO,0,0,0,0,0
-8132643.99387417,-4415508.04662332,2879,1530198,-36.830508,-73.056784,2023/05/07 00:00:00+00,1899/12/30 00:00:00+00,8,REGION BIO BIO,CONCEPCION,COLISION PERPENDICULAR,COLISION,URBANA,TRAMO DE VIA RECTA,SEÑALIZACION DESOBEDECER LUZ ROJA DE SEMAFORO,DESOBEDIENCIA A SEÑALIZACION,O'HIGGINS,SERRANO,O'HIGGINS - SERRANO,0,UNIDIRECCIONAL,CONCRETO,BUENO,SECO,DESPEJADO,0,1,0,0,1
-8119255.59871647,-4435682.59910137,2880,1534817,-36.97543,-72.936514,2023/05/07 00:00:00+00,1899/12/30 00:00:00+00,8,REGION BIO BIO,HUALQUI,CHOQUE FRENTE/POSTERIOR,CHOQUE,URBANA,CRUCE CON SEÑAL PARE,CONDUCCION EN ESTADO DE EBRIEDAD,ALCOHOL EN CONDUCTOR,RAMON FREIRE,JOSE MIGUEL CARRERA,JOSE MIGUEL CARRERA - RAMON FREIRE,0,UNIDIRECCIONAL,ASFALTO,BUENO,SECO,DESPEJADO,0,0,0,0,0
-8142922.90169555,-4449266.00804874,2881,1532602,-37.07285,-73.149121,2023/05/07 00:00:00+00,1899/12/30 00:00:00+00,8,REGION BIO BIO,LOTA,COLISION POR ALCANCE,COLISION,URBANA,TRAMO DE VIA RECTA,CONDUCCION NO ATENTO CONDICIONES TRANSITO MOMENTO,IMPRUDENCIA DEL CONDUCTOR,VISTA HERMOSA,PLAYA BLANCA,PLAYA BLANCA - VISTA HERMOSA,0,UNIDIRECCIONAL,ASFALTO,REGULAR,SECO,DESPEJADO,0,0,0,0,0
-8041512.96065321,-4540105.67504437,2882,1533962,-37.721132,-72.23814,2023/05/07 00:00:00+00,1899/12/30 00:00:00+00,8,REGION BIO BIO,MULCHEN,COLISION,COLISION,URBANA,CRUCE CON SEÑAL PARE,CONDUCCION NO ATENTO CONDICIONES TRANSITO MOMENTO,IMPRUDENCIA DEL CONDUCTOR,PEDRO LAGOS,SALVO,PEDRO LAGOS - SALVO,0,UNIDIRECCIONAL,ASFALTO,BUENO,SECO,DESPEJADO,0,3,0,0,3
-8139454.07504294,-4399615.126425,2883,1530449,-36.716149,-73.11796,2023/05/07 00:00:00+00,1899/12/30 00:00:00+00,8,REGION BIO BIO,TALCAHUANO,CHOQUE FRENTE/FRENTE,CHOQUE,URBANA,TRAMO DE VIA RECTA,FALLAS MECANICAS FRENOS,FALLAS MECANICAS,MARTINEZ DE ROZAS, ,- MARTINEZ DE ROZAS,4,BIDIRECCIONAL,CONCRETO,BUENO,SECO,DESPEJADO,0,0,0,0,0
-8056078.22546758,-4505902.69196136,2884,1530602,-37.477699,-72.368982,2023/05/07 00:00:00+00,1899/12/30 00:00:00+00,8,REGION BIO BIO,LOS ANGELES,COLISION POR ALCANCE,COLISION,URBANA,CRUCE CON SEMAFORO FUNCIONANDO,CONDUCCION EN ESTADO DE EBRIEDAD,ALCOHOL EN CONDUCTOR,PADRE HURTADO, ,- PADRE HURTADO,456,BIDIRECCIONAL CON BANDEJON,CONCRETO,BUENO,SECO,DESPEJADO,0,1,0,0,1
-8052731.96157434,-4508101.84633212,2885,1530626,-37.493375,-72.338922,2023/05/07 00:00:00+00,1899/12/30 00:00:00+00,8,REGION BIO BIO,LOS ANGELES,CHOQUE FRENTE/POSTERIOR,CHOQUE,URBANA,TRAMO DE VIA RECTA,CONDUCCION NO ATENTO CONDICIONES TRANSITO MOMENTO,IMPRUDENCIA DEL CONDUCTOR,LOS CARRERA,LAUQUEN,LAUQUEN - LOS CARRERA,0,BIDIRECCIONAL,CONCRETO,BUENO,SECO,DESPEJADO,0,5,0,0,5
-8136902.40967498,-4409827.26587896,2886,1528468,-36.789651,-73.095038,2023/05/07 00:00:00+00,1899/12/30 00:00:00+00,8,REGION BIO BIO,HUALPEN,COLISION,COLISION,URBANA,CRUCE SIN SEÑALIZACION,NO RESPETAR DERECHO PREFERENTE DE PASO A VEHICULO,IMPRUDENCIA DEL CONDUCTOR,PATRIA VIEJA,GENOVA,GENOVA - PATRIA VIEJA,0,BIDIRECCIONAL,CONCRETO,BUENO,SECO,DESPEJADO,0,0,0,0,0
-8197578.65660473,-4522238.88527057,2887,1529448,-37.594068,-73.640102,2023/05/07 00:00:00+00,1899/12/30 00:00:00+00,8,REGION BIO BIO,LEBU,COLISION POR ALCANCE,COLISION,URBANA,CRUCE CON SEÑAL CEDA EL PASO,SEÑALIZACION DESOBEDECER SEÑAL CEDA EL PASO,DESOBEDIENCIA A SEÑALIZACION,ALFREDO SALGADO,RAMON PUNTI,ALFREDO SALGADO - RAMON PUNTI,0,BIDIRECCIONAL,ASFALTO,BUENO,SECO,DESPEJADO,0,0,0,0,0
-8128870.81973374,-4413839.24524802,2888,1530204,-36.818508,-73.022889,2023/05/07 00:00:00+00,1899/12/30 00:00:00+00,8,REGION BIO BIO,CONCEPCION,COLISION PERPENDICULAR,COLISION,URBANA,TRAMO DE VIA RECTA,SEÑALIZACION DESOBEDECER LUZ ROJA DE SEMAFORO,DESOBEDIENCIA A SEÑALIZACION,GENERAL NOVOA,VILLARRICA,GENERAL NOVOA - VILLARRICA,0,UNIDIRECCIONAL,CONCRETO,BUENO,SECO,DESPEJADO,0,1,0,0,1
-8141860.02319746,-4417405.23541813,2889,1530249,-36.844148,-73.139573,2023/05/07 00:00:00+00,1899/12/30 00:00:00+00,8,REGION BIO BIO,SAN PEDRO DE LA PAZ,CHOQUE POSTERIOR,CHOQUE,URBANA,CRUCE CON SEMAFORO FUNCIONANDO,CONDUCCION NO ATENTO CONDICIONES TRANSITO MOMENTO,IMPRUDENCIA DEL CONDUCTOR,CAMINO A CORONEL,MICHAIHUE,CAMINO A CORONEL - MICHAIHUE,0,BIDIRECCIONAL CON BANDEJON,CONCRETO,BUENO,SECO,DESPEJADO,0,0,0,0,0
-8138513.09138727,-4401567.82265607,2890,1530451,-36.730209,-73.109507,2023/05/07 00:00:00+00,1899/12/30 00:00:00+00,8,REGION BIO BIO,TALCAHUANO,COLISION LATERAL,COLISION,URBANA,TRAMO DE VIA RECTA,CONDUCCION NO ATENTO CONDICIONES TRANSITO MOMENTO,IMPRUDENCIA DEL CONDUCTOR,PEREZ GACITUA, ,- PEREZ GACITUA,2005,BIDIRECCIONAL,CONCRETO,BUENO,SECO,DESPEJADO,0,0,0,0,0
-8135948.1789999,-4402978.26390639,2891,1534007,-36.740363,-73.086466,2023/05/07 00:00:00+00,1899/12/30 00:00:00+00,8,REGION BIO BIO,TALCAHUANO,COLISION LATERAL,COLISION,URBANA,TRAMO DE VIA RECTA,NO RESPETAR DERECHO PREFERENTE DE PASO A VEHICULO,IMPRUDENCIA DEL CONDUCTOR,VASCO NUÑEZ DE BALBOA, ,- VASCO NUÑEZ DE BALBOA,694,BIDIRECCIONAL,CONCRETO,BUENO,SECO,DESPEJADO,0,1,1,0,0
-8141610.22226012,-4417227.46391973,2892,1528869,-36.84287,-73.137329,2023/05/08 00:00:00+00,1899/12/30 00:00:00+00,8,REGION BIO BIO,SAN PEDRO DE LA PAZ,OTRO TIPO,OTRO TIPO,URBANA,TRAMO DE VIA RECTA,CONDUCCION EN ESTADO DE EBRIEDAD,ALCOHOL EN CONDUCTOR,PASAJE ONCE, ,- PASAJE ONCE,567,UNIDIRECCIONAL,CONCRETO,BUENO,SECO,DESPEJADO,0,1,0,0,1
-8140172.64235601,-4400731.28604347,2893,1533891,-36.724186,-73.124415,2023/05/08 00:00:00+00,1899/12/30 00:00:00+00,8,REGION BIO BIO,TALCAHUANO,OTRO TIPO,OTRO TIPO,URBANA,TRAMO DE VIA RECTA,CONDUCCION NO ATENTO CONDICIONES TRANSITO MOMENTO,IMPRUDENCIA DEL CONDUCTOR,JUAN DE LA CRUZ TAPIA, ,- JUAN DE LA CRUZ TAPIA,462,BIDIRECCIONAL,CONCRETO,BUENO,SECO,DESPEJADO,0,1,0,0,1
-8138769.23753558,-4402082.02731415,2894,1533887,-36.733911,-73.111808,2023/05/08 00:00:00+00,1899/12/30 00:00:00+00,8,REGION BIO BIO,TALCAHUANO,CHOQUE FRENTE/POSTERIOR,CHOQUE,URBANA,CRUCE CON SEMAFORO FUNCIONANDO,CONDUCCION SIN MANTENER DISTANCIA RAZONABLE NI PRUDENTE,IMPRUDENCIA DEL CONDUCTOR,HULAPEN, ,- HULAPEN,435,BIDIRECCIONAL,CONCRETO,BUENO,SECO,DESPEJADO,0,0,0,0,0
-8056295.18715514,-4505011.01274968,2895,1530677,-37.471342,-72.370931,2023/05/08 00:00:00+00,1899/12/30 00:00:00+00,8,REGION BIO BIO,LOS ANGELES,CHOQUE POSTERIOR/FRENTE,CHOQUE,URBANA,CRUCE CON SEMAFORO FUNCIONANDO,CONDUCCION NO ATENTO CONDICIONES TRANSITO MOMENTO,IMPRUDENCIA DEL CONDUCTOR,PADRE HURTADO,COLO COLO,COLO COLO - PADRE HURTADO,0,BIDIRECCIONAL,ASFALTO,BUENO,SECO,DESPEJADO,0,0,0,0,0