X,Y,FID,Idaccident,Latitude,Longitude,Fecha,Hora,Cód_Regi,Región,Comuna,Tipo_Accid,Tipo__CONA,Zona,Ubicación,Causa,Causa__CON,Calle_Uno,Calle_Dos,Intersecci,Número,Calzada,Tipo_Calza,Estado_Cal,Condición,Estado_Atm,Fallecidos,Lesionados,Graves,Menos_Grav,Leves
-8131594.36239549,-4415133.37793217,2947,1530862,-36.827814,-73.047355,2023/05/10 00:00:00+00,1899/12/30 00:00:00+00,8,REGION BIO BIO,CONCEPCION,CHOQUE POSTERIOR,CHOQUE,URBANA,CRUCE CON SEMAFORO FUNCIONANDO,CONDUCCION NO ATENTO CONDICIONES TRANSITO MOMENTO,IMPRUDENCIA DEL CONDUCTOR,SAN MARTIN,COLO COLO,COLO COLO - SAN MARTIN,0,UNIDIRECCIONAL,CONCRETO,BUENO,SECO,DESPEJADO,0,0,0,0,0
-8135720.19668276,-4406869.54334775,2948,1529929,-36.76837,-73.084418,2023/05/10 00:00:00+00,1899/12/30 00:00:00+00,8,REGION BIO BIO,HUALPEN,COLISION,COLISION,URBANA,TRAMO DE VIA RECTA,CONDUCCION SIN MANTENER DISTANCIA RAZONABLE NI PRUDENTE,IMPRUDENCIA DEL CONDUCTOR,AUTOPISTA CONCEPCION TALCAHUANO, ,- AUTOPISTA CONCEPCION TALCAHUANO,8950,BIDIRECCIONAL,CONCRETO,BUENO,SECO,DESPEJADO,0,1,0,0,1
-8131625.19789444,-4408566.71785244,2949,1531628,-36.780582,-73.047632,2023/05/10 00:00:00+00,1899/12/30 00:00:00+00,8,REGION BIO BIO,CONCEPCION,CHOQUE POSTERIOR,CHOQUE,URBANA,TRAMO DE VIA RECTA,CONDUCCION NO ATENTO CONDICIONES TRANSITO MOMENTO,IMPRUDENCIA DEL CONDUCTOR,SAN SEBASTIAN, ,- SAN SEBASTIAN,842,BIDIRECCIONAL,CONCRETO,BUENO,SECO,DESPEJADO,0,0,0,0,0
-8139345.09326146,-4400814.20065655,2950,1534121,-36.724783,-73.116981,2023/05/10 00:00:00+00,1899/12/30 00:00:00+00,8,REGION BIO BIO,TALCAHUANO,VOLCADURA,VOLCADURA,URBANA,TRAMO DE VIA RECTA,VELOCIDAD NO RAZONABLE NI PRUDENTE,VELOCIDAD IMPRUDENTE,LOS ALMIRANTES, ,- LOS ALMIRANTES,307,BIDIRECCIONAL CON BANDEJON,CONCRETO,BUENO,SECO,DESPEJADO,0,0,0,0,0
-8129672.20874796,-4413141.76381769,2951,1531030,-36.813492,-73.030088,2023/05/10 00:00:00+00,1899/12/30 00:00:00+00,8,REGION BIO BIO,CONCEPCION,COLISION LATERAL,COLISION,URBANA,TRAMO DE VIA RECTA,CONDUCCION NO ATENTO CONDICIONES TRANSITO MOMENTO,IMPRUDENCIA DEL CONDUCTOR,JUAN BOSCO,BAQUEDANO,BAQUEDANO - JUAN BOSCO,0,BIDIRECCIONAL CON BANDEJON,CONCRETO,BUENO,SECO,NUBLADO,0,0,0,0,0
-8125976.7356121,-4403511.0130779,2952,1536069,-36.744198,-72.996891,2023/05/10 00:00:00+00,1899/12/30 00:00:00+00,8,REGION BIO BIO,PENCO,COLISION POR ALCANCE,COLISION,URBANA,TRAMO DE VIA RECTA,CONDUCCION NO ATENTO CONDICIONES TRANSITO MOMENTO,IMPRUDENCIA DEL CONDUCTOR,ROBERTO OVALLE, ,- ROBERTO OVALLE,157,UNIDIRECCIONAL,ASFALTO,BUENO,SECO,DESPEJADO,0,0,0,0,0
-8130403.91176094,-4415719.44680709,2953,1530892,-36.832028,-73.036661,2023/05/10 00:00:00+00,1899/12/30 00:00:00+00,8,REGION BIO BIO,CONCEPCION,COLISION,COLISION,URBANA,ROTONDA,CONDUCCION SIN MANTENER DISTANCIA RAZONABLE NI PRUDENTE,IMPRUDENCIA DEL CONDUCTOR,EDMUNDO LARENAS,VCITORIA,EDMUNDO LARENAS - VCITORIA,0,UNIDIRECCIONAL,CONCRETO,BUENO,SECO,DESPEJADO,0,0,0,0,0
-8139251.36225021,-4409122.81950416,2954,1529919,-36.784583,-73.116139,2023/05/10 00:00:00+00,1899/12/30 00:00:00+00,8,REGION BIO BIO,HUALPEN,CHOQUE FRENTE/LADO,CHOQUE,URBANA,TRAMO DE VIA RECTA,CONDUCCION NO ATENTO CONDICIONES TRANSITO MOMENTO,IMPRUDENCIA DEL CONDUCTOR,HUNGRIA, ,- HUNGRIA,2872,BIDIRECCIONAL,CONCRETO,BUENO,SECO,DESPEJADO,0,0,0,0,0
-8138342.66124686,-4410405.39707314,2955,1530378,-36.79381,-73.107976,2023/05/11 00:00:00+00,1899/12/30 00:00:00+00,8,REGION BIO BIO,HUALPEN,COLISION,COLISION,URBANA,CRUCE CON SEMAFORO FUNCIONANDO,SEÑALIZACION DESOBEDECER LUZ ROJA DE SEMAFORO,DESOBEDIENCIA A SEÑALIZACION,POSTDAM,GRAN BRETAÑA,GRAN BRETAÑA - POSTDAM,0,BIDIRECCIONAL,CONCRETO,BUENO,SECO,DESPEJADO,0,0,0,0,0
-8051424.62547446,-4500771.2088336,2956,1530875,-37.441108,-72.327178,2023/05/11 00:00:00+00,1899/12/30 00:00:00+00,8,REGION BIO BIO,LOS ANGELES,CHOQUE POSTERIOR/FRENTE,CHOQUE,URBANA,CRUCE CON SEMAFORO FUNCIONANDO,CONDUCCION NO ATENTO CONDICIONES TRANSITO MOMENTO,IMPRUDENCIA DEL CONDUCTOR,LAS INDUSTRIAS,SOR VICENTA,LAS INDUSTRIAS - SOR VICENTA,0,BIDIRECCIONAL,CONCRETO,BUENO,SECO,NUBLADO,0,0,0,0,0
-8140296.76358825,-4415074.13308879,2957,1531067,-36.827388,-73.12553,2023/05/11 00:00:00+00,1899/12/30 00:00:00+00,8,REGION BIO BIO,CONCEPCION,CHOQUE,CHOQUE,URBANA,ROTONDA,VELOCIDAD NO RAZONABLE NI PRUDENTE,VELOCIDAD IMPRUDENTE,GENERAL BONILLA,ROTONDA PALOMARES,GENERAL BONILLA - ROTONDA PALOMARES,0,BIDIRECCIONAL,CONCRETO,BUENO,SECO,NUBLADO,0,0,0,0,0
-8051712.60899714,-4506800.4792938,2958,1530849,-37.484099,-72.329765,2023/05/11 00:00:00+00,1899/12/30 00:00:00+00,8,REGION BIO BIO,LOS ANGELES,CHOQUE LADO/POSTERIOR,CHOQUE,URBANA,TRAMO DE VIA RECTA,CONDUCCION NO ATENTO CONDICIONES TRANSITO MOMENTO,IMPRUDENCIA DEL CONDUCTOR,FRANCISCO ENCINA, ,- FRANCISCO ENCINA,1140,BIDIRECCIONAL CON BANDEJON,ASFALTO,BUENO,SECO,DESPEJADO,0,0,0,0,0
-8130823.36360225,-4414198.43264226,2959,1530173,-36.821091,-73.040429,2023/05/11 00:00:00+00,1899/12/30 00:00:00+00,8,REGION BIO BIO,CONCEPCION,CHOQUE FRENTE/POSTERIOR,CHOQUE,URBANA,TRAMO DE VIA RECTA,CONDUCIR VEHICULO EN RETROCESO,IMPRUDENCIA DEL CONDUCTOR,FREIRE,LAUTARO,FREIRE - LAUTARO,0,UNIDIRECCIONAL,CONCRETO,BUENO,SECO,DESPEJADO,0,0,0,0,0
-8132357.34618538,-4416066.73635865,2960,1531034,-36.834525,-73.054209,2023/05/11 00:00:00+00,1899/12/30 00:00:00+00,8,REGION BIO BIO,CONCEPCION,COLISION PERPENDICULAR,COLISION,URBANA,CRUCE CON SEÑAL PARE,SEÑALIZACION DESOBEDECER SEÑAL PARE,DESOBEDIENCIA A SEÑALIZACION,VICTOR LAMAS,SERRANO,SERRANO - VICTOR LAMAS,0,UNIDIRECCIONAL,CONCRETO,BUENO,SECO,NUBLADO,0,0,0,0,0
-8130696.34806326,-4413761.23518631,2961,1530256,-36.817947,-73.039288,2023/05/11 00:00:00+00,1899/12/30 00:00:00+00,8,REGION BIO BIO,CONCEPCION,COLISION LATERAL,COLISION,URBANA,TRAMO DE VIA RECTA,CONDUCCION NO ATENTO CONDICIONES TRANSITO MOMENTO,IMPRUDENCIA DEL CONDUCTOR,LOS CARRERA,AINAVILLO,AINAVILLO - LOS CARRERA,0,BIDIRECCIONAL,CONCRETO,BUENO,SECO,DESPEJADO,0,0,0,0,0
-8175489.97532458,-4526761.89030415,2962,1531627,-37.626255,-73.441676,2023/05/11 00:00:00+00,1899/12/30 00:00:00+00,8,REGION BIO BIO,LOS ALAMOS,COLISION POR ALCANCE,COLISION,URBANA,CRUCE CON SEÑAL CEDA EL PASO,CONDUCCION NO ATENTO CONDICIONES TRANSITO MOMENTO,IMPRUDENCIA DEL CONDUCTOR,DIEGO PORTALES,LA VIRGEN,DIEGO PORTALES - LA VIRGEN,0,BIDIRECCIONAL,ASFALTO,BUENO,SECO,DESPEJADO,0,0,0,0,0
-8142676.10638447,-4451491.73996239,2963,1532596,-37.088801,-73.146904,2023/05/11 00:00:00+00,1899/12/30 00:00:00+00,8,REGION BIO BIO,LOTA,CHOQUE FRONTAL,CHOQUE,URBANA,TRAMO DE VIA CURVA HORIZONTAL,VELOCIDAD NO RAZONABLE NI PRUDENTE,VELOCIDAD IMPRUDENTE,FERNANDO MAIRA,LOS EUCALIPTUS,FERNANDO MAIRA - LOS EUCALIPTUS,0,BIDIRECCIONAL,ASFALTO,REGULAR,MOJADO,DESPEJADO,0,0,0,0,0
-8142676.10638447,-4451491.73996239,2964,1532597,-37.088801,-73.146904,2023/05/11 00:00:00+00,1899/12/30 00:00:00+00,8,REGION BIO BIO,LOTA,CHOQUE FRONTAL,CHOQUE,URBANA,TRAMO DE VIA CURVA HORIZONTAL,FALLAS MECANICAS NEUMATICOS,FALLAS MECANICAS,FERNANDO MAIRA,LOS EUCALIPTUS,FERNANDO MAIRA - LOS EUCALIPTUS,0,BIDIRECCIONAL,ASFALTO,BUENO,SECO,DESPEJADO,0,0,0,0,0
-8053760.33103028,-4506330.67442494,2965,1530867,-37.48075,-72.34816,2023/05/11 00:00:00+00,1899/12/30 00:00:00+00,8,REGION BIO BIO,LOS ANGELES,COLISION LATERAL,COLISION,URBANA,TRAMO DE VIA RECTA,CONDUCCION NO ATENTO CONDICIONES TRANSITO MOMENTO,IMPRUDENCIA DEL CONDUCTOR,LOS CARRERA, ,- LOS CARRERA,690,BIDIRECCIONAL,CONCRETO,BUENO,SECO,DESPEJADO,0,0,0,0,0
-8142345.71013579,-4416812.53621557,2966,1531611,-36.839887,-73.143936,2023/05/11 00:00:00+00,1899/12/30 00:00:00+00,8,REGION BIO BIO,SAN PEDRO DE LA PAZ,OTRO TIPO,OTRO TIPO,URBANA,CRUCE SIN SEÑALIZACION,CONDUCCION EN ESTADO DE EBRIEDAD,ALCOHOL EN CONDUCTOR,SEGUNDA LONGITUDINAL,QUINCE,QUINCE - SEGUNDA LONGITUDINAL,0,BIDIRECCIONAL,CONCRETO,BUENO,SECO,DESPEJADO,0,0,0,0,0
-8170925.76488257,-4551387.58847521,2967,1530816,-37.801254,-73.400675,2023/05/11 00:00:00+00,1899/12/30 00:00:00+00,8,REGION BIO BIO,CAÑETE,CHOQUE,CHOQUE,URBANA,TRAMO DE VIA RECTA,CONDUCCION NO ATENTO CONDICIONES TRANSITO MOMENTO,IMPRUDENCIA DEL CONDUCTOR,COVADONGA, ,- COVADONGA,90,UNIDIRECCIONAL,RIPIO,BUENO, ,DESPEJADO,0,0,0,0,0
-8130371.29515014,-4409786.6769381,2968,1530967,-36.789359,-73.036368,2023/05/11 00:00:00+00,1899/12/30 00:00:00+00,8,REGION BIO BIO,CONCEPCION,COLISION LATERAL,COLISION,URBANA,ROTONDA,NO RESPETAR DERECHO PREFERENTE DE PASO A VEHICULO,IMPRUDENCIA DEL CONDUCTOR,JORGE ALESSANDRI,CARDENAL RAUL SILVA HENRIQUEZ,CARDENAL RAUL SILVA HENRIQUEZ - JORGE ALESSANDRI,0,BIDIRECCIONAL,CONCRETO,BUENO,SECO,DESPEJADO,0,0,0,0,0
-8139345.09326146,-4400814.20065655,2969,1534031,-36.724783,-73.116981,2023/05/11 00:00:00+00,1899/12/30 00:00:00+00,8,REGION BIO BIO,TALCAHUANO,COLISION LATERAL,COLISION,URBANA,TRAMO DE VIA RECTA,NO RESPETAR DERECHO PREFERENTE DE PASO A VEHICULO,IMPRUDENCIA DEL CONDUCTOR,DANIEL PAINE, ,- DANIEL PAINE,822,BIDIRECCIONAL,CONCRETO,BUENO,SECO,DESPEJADO,0,0,0,0,0
-8132507.73881745,-4415787.45736449,2970,1531072,-36.832517,-73.05556,2023/05/11 00:00:00+00,1899/12/30 00:00:00+00,8,REGION BIO BIO,CONCEPCION,COLISION LATERAL,COLISION,URBANA,TRAMO DE VIA RECTA,CONDUCCION NO ATENTO CONDICIONES TRANSITO MOMENTO,IMPRUDENCIA DEL CONDUCTOR,SERRANO,COCHRANE,COCHRANE - SERRANO,0,UNIDIRECCIONAL,CONCRETO,BUENO,SECO,DESPEJADO,0,0,0,0,0
-8134504.92180177,-4406996.28008868,2971,1534056,-36.769282,-73.073501,2023/05/11 00:00:00+00,1899/12/30 00:00:00+00,8,REGION BIO BIO,TALCAHUANO,CHOQUE LADO/LADO,CHOQUE,URBANA,TRAMO DE VIA RECTA,CONDUCCION NO ATENTO CONDICIONES TRANSITO MOMENTO,IMPRUDENCIA DEL CONDUCTOR,CALLE J, ,- CALLE J,811,BIDIRECCIONAL,CONCRETO,BUENO,SECO,DESPEJADO,0,0,0,0,0
-8137046.56841556,-4408595.62719542,2972,1530387,-36.78079,-73.096333,2023/05/11 00:00:00+00,1899/12/30 00:00:00+00,8,REGION BIO BIO,HUALPEN,ATROPELLO,ATROPELLO,URBANA,CRUCE CON SEMAFORO FUNCIONANDO,NO RESPETAR DERECHO PREFERENTE DE PASO A PEATON,IMPRUDENCIA DEL CONDUCTOR,SUECIA,LAS GOLONDRINAS,LAS GOLONDRINAS - SUECIA,0,BIDIRECCIONAL CON BANDEJON,CONCRETO,BUENO,SECO,DESPEJADO,0,1,0,0,1
-8130334.67103767,-4413763.46006428,2973,1531046,-36.817963,-73.036039,2023/05/11 00:00:00+00,1899/12/30 00:00:00+00,8,REGION BIO BIO,CONCEPCION,CHOQUE,CHOQUE,URBANA,CRUCE CON SEÑAL PARE,ADELANTAMIENTO SIN EL ESPACIO O TIEMPO SUFICIENTE,IMPRUDENCIA DEL CONDUCTOR,PELANTARO,MAIPU,MAIPU - PELANTARO,0,UNIDIRECCIONAL,CONCRETO,BUENO,SECO,DESPEJADO,0,0,0,0,0
-8131107.33962327,-4414907.66518878,2974,1535894,-36.826191,-73.04298,2023/05/12 00:00:00+00,1899/12/30 00:00:00+00,8,REGION BIO BIO,SAN PEDRO DE LA PAZ,CHOQUE POSTERIOR/FRENTE,CHOQUE,URBANA,TRAMO DE VIA RECTA,CONDUCCION NO ATENTO CONDICIONES TRANSITO MOMENTO,IMPRUDENCIA DEL CONDUCTOR,PEDRO AGUIRRE CERDA,VICTORIA,PEDRO AGUIRRE CERDA - VICTORIA,0,BIDIRECCIONAL,ASFALTO,BUENO,SECO,DESPEJADO,0,0,0,0,0
-8136083.32086173,-4408127.52786838,2975,1530420,-36.777422,-73.08768,2023/05/12 00:00:00+00,1899/12/30 00:00:00+00,8,REGION BIO BIO,TALCAHUANO,CHOQUE POSTERIOR,CHOQUE,URBANA,TRAMO DE VIA RECTA,CONDUCCION NO ATENTO CONDICIONES TRANSITO MOMENTO,IMPRUDENCIA DEL CONDUCTOR,LA MARINA, ,- LA MARINA,957,BIDIRECCIONAL CON BANDEJON,CONCRETO,BUENO,SECO,DESPEJADO,0,0,0,0,0
-8131765.34913334,-4413069.59879079,2976,1531224,-36.812973,-73.048891,2023/05/12 00:00:00+00,1899/12/30 00:00:00+00,8,REGION BIO BIO,CONCEPCION,COLISION LATERAL,COLISION,URBANA,CRUCE CON SEMAFORO FUNCIONANDO,SEÑALIZACION DESOBEDECER LUZ ROJA DE SEMAFORO,DESOBEDIENCIA A SEÑALIZACION,BANDERA,PAICAVI,BANDERA - PAICAVI,0,BIDIRECCIONAL,CONCRETO,BUENO,SECO,DESPEJADO,0,0,0,0,0
-8131066.81932862,-4420709.71113557,2977,1530675,-36.8679,-73.042616,2023/05/12 00:00:00+00,1899/12/30 00:00:00+00,8,REGION BIO BIO,CHIGUAYANTE,COLISION PERPENDICULAR,COLISION,URBANA,TRAMO DE VIA RECTA,CONDUCCION NO ATENTO CONDICIONES TRANSITO MOMENTO,IMPRUDENCIA DEL CONDUCTOR,CAMINO A CHIGUAYANTE,C,C - CAMINO A CHIGUAYANTE,0,BIDIRECCIONAL CON BANDEJON,CONCRETO,REGULAR,SECO,NUBLADO,0,9,1,0,8
-8137451.32608408,-4402662.93339146,2978,1534022,-36.738093,-73.099969,2023/05/12 00:00:00+00,1899/12/30 00:00:00+00,8,REGION BIO BIO,TALCAHUANO,COLISION LATERAL,COLISION,URBANA,CRUCE CON SEÑAL CEDA EL PASO,SEÑALIZACION DESOBEDECER SEÑAL CEDA EL PASO,DESOBEDIENCIA A SEÑALIZACION,BUZO SOBENES,CRISTOBAL COLON,BUZO SOBENES - CRISTOBAL COLON,0,BIDIRECCIONAL,CONCRETO,BUENO,SECO,DESPEJADO,0,0,0,0,0
-8141454.4862925,-4399434.7353289,2979,1534052,-36.71485,-73.13593,2023/05/12 00:00:00+00,1899/12/30 00:00:00+00,8,REGION BIO BIO,TALCAHUANO,CHOQUE LADO/LADO,CHOQUE,URBANA,TRAMO DE VIA RECTA,CONDUCCION NO ATENTO CONDICIONES TRANSITO MOMENTO,IMPRUDENCIA DEL CONDUCTOR,ISLOTE LONGAVI, ,- ISLOTE LONGAVI,1096,BIDIRECCIONAL,CONCRETO,BUENO,SECO,DESPEJADO,0,0,0,0,0
-8057238.84247859,-4506671.27734854,2980,1530901,-37.483178,-72.379408,2023/05/12 00:00:00+00,1899/12/30 00:00:00+00,8,REGION BIO BIO,LOS ANGELES,ATROPELLO,ATROPELLO,URBANA,TRAMO DE VIA RECTA,CONDUCCION NO ATENTO CONDICIONES TRANSITO MOMENTO,IMPRUDENCIA DEL CONDUCTOR,OCTAVIO JARA WOLF, ,- OCTAVIO JARA WOLF,2089,BIDIRECCIONAL,CONCRETO,BUENO,SECO,DESPEJADO,0,1,1,0,0
-8133035.72716228,-4411078.64878931,2981,1530965,-36.798653,-73.060303,2023/05/12 00:00:00+00,1899/12/30 00:00:00+00,8,REGION BIO BIO,CONCEPCION,COLISION,COLISION,URBANA,TRAMO DE VIA RECTA,CONDUCCION NO ATENTO CONDICIONES TRANSITO MOMENTO,IMPRUDENCIA DEL CONDUCTOR,LOS INMIGRANTES, ,- LOS INMIGRANTES,2613,BIDIRECCIONAL,CONCRETO,BUENO,SECO,DESPEJADO,0,0,0,0,0
-8051709.26941242,-4505094.60883724,2982,1530969,-37.471938,-72.329735,2023/05/12 00:00:00+00,1899/12/30 00:00:00+00,8,REGION BIO BIO,LOS ANGELES,COLISION LATERAL,COLISION,URBANA,TRAMO DE VIA RECTA,CONDUCCION NO ATENTO CONDICIONES TRANSITO MOMENTO,IMPRUDENCIA DEL CONDUCTOR,LAS INDUSTRIAS, ,- LAS INDUSTRIAS,177,BIDIRECCIONAL,CONCRETO,BUENO,SECO,DESPEJADO,0,0,0,0,0
-8052914.85949771,-4503687.4500973,2983,1530913,-37.461905,-72.340565,2023/05/12 00:00:00+00,1899/12/30 00:00:00+00,8,REGION BIO BIO,LOS ANGELES,CHOQUE FRENTE/POSTERIOR,CHOQUE,URBANA,TRAMO DE VIA RECTA,CONDUCCION NO ATENTO CONDICIONES TRANSITO MOMENTO,IMPRUDENCIA DEL CONDUCTOR,ARGENTINA, ,- ARGENTINA,784,BIDIRECCIONAL,CONCRETO,BUENO,SECO,DESPEJADO,0,2,0,0,2
-8131579.44558372,-4414081.34428535,2984,1531251,-36.820249,-73.047221,2023/05/12 00:00:00+00,1899/12/30 00:00:00+00,8,REGION BIO BIO,CONCEPCION,CHOQUE LADO/LADO,CHOQUE,URBANA,TRAMO DE VIA RECTA,VELOCIDAD NO RAZONABLE NI PRUDENTE,VELOCIDAD IMPRUDENTE,OROMPELLO, ,- OROMPELLO,878,UNIDIRECCIONAL,CONCRETO,BUENO,SECO,DESPEJADO,0,1,0,0,1
-8051424.62547446,-4500771.2088336,2985,1530933,-37.441108,-72.327178,2023/05/12 00:00:00+00,1899/12/30 00:00:00+00,8,REGION BIO BIO,LOS ANGELES,CHOQUE FRENTE/POSTERIOR,CHOQUE,URBANA,CRUCE CON SEMAFORO FUNCIONANDO,CONDUCCION NO ATENTO CONDICIONES TRANSITO MOMENTO,IMPRUDENCIA DEL CONDUCTOR,LAS INDUSTRIAS,SOR VICENTA,LAS INDUSTRIAS - SOR VICENTA,0,BIDIRECCIONAL CON BANDEJON,CONCRETO,BUENO,SECO,DESPEJADO,0,1,0,0,1
-8139345.09326146,-4400814.20065655,2986,1536916,-36.724783,-73.116981,2023/05/12 00:00:00+00,1899/12/30 00:00:00+00,8,REGION BIO BIO,TALCAHUANO,CHOQUE POSTERIOR/POSTERIOR,CHOQUE,URBANA,TRAMO DE VIA RECTA,CONDUCCION NO ATENTO CONDICIONES TRANSITO MOMENTO,IMPRUDENCIA DEL CONDUCTOR,EMBALSE DE PALOMA, ,- EMBALSE DE PALOMA,4827,BIDIRECCIONAL,CONCRETO,BUENO,SECO,DESPEJADO,0,1,0,0,1
-8053899.48039378,-4504202.29709602,2987,1530910,-37.465576,-72.34941,2023/05/12 00:00:00+00,1899/12/30 00:00:00+00,8,REGION BIO BIO,LOS ANGELES,COLISION POR ALCANCE,COLISION,URBANA,TRAMO DE VIA RECTA,CONDUCCION NO ATENTO CONDICIONES TRANSITO MOMENTO,IMPRUDENCIA DEL CONDUCTOR,ALMAGRO, ,- ALMAGRO,667,UNIDIRECCIONAL,CONCRETO,BUENO,SECO,DESPEJADO,0,0,0,0,0
-8133431.13399357,-4415621.39554168,2988,1531311,-36.831323,-73.063855,2023/05/12 00:00:00+00,1899/12/30 00:00:00+00,8,REGION BIO BIO,CONCEPCION,CHOQUE,CHOQUE,URBANA,OTROS NO CONSIDERADOS,CONDUCCION NO ATENTO CONDICIONES TRANSITO MOMENTO,IMPRUDENCIA DEL CONDUCTOR,LOS CARRERA PONIENTE, ,- LOS CARRERA PONIENTE,301,BIDIRECCIONAL,CONCRETO,BUENO,SECO,DESPEJADO,0,0,0,0,0
-8133304.56373254,-4410861.64105777,2989,1531315,-36.797092,-73.062718,2023/05/12 00:00:00+00,1899/12/30 00:00:00+00,8,REGION BIO BIO,CONCEPCION,COLISION LATERAL,COLISION,URBANA,TRAMO DE VIA RECTA,ADELANTAMIENTO SOBREPASANDO LINEA CONTINUA,IMPRUDENCIA DEL CONDUCTOR,PAICAVI, ,- PAICAVI,3282,BIDIRECCIONAL,CONCRETO,BUENO,SECO,DESPEJADO,0,0,0,0,0
-8095573.93552307,-4475989.84701081,2990,1530739,-37.264148,-72.723778,2023/05/12 00:00:00+00,1899/12/30 00:00:00+00,8,REGION BIO BIO,SAN ROSENDO,CHOQUE LADO/LADO,CHOQUE,URBANA,TRAMO DE VIA RECTA,CONDUCCION NO ATENTO CONDICIONES TRANSITO MOMENTO,IMPRUDENCIA DEL CONDUCTOR,ESMERALDA, ,- ESMERALDA,360,BIDIRECCIONAL,CONCRETO,BUENO,SECO,DESPEJADO,0,0,0,0,0
-8119020.49195191,-4435311.39827308,2991,1536625,-36.972766,-72.934402,2023/05/12 00:00:00+00,1899/12/30 00:00:00+00,8,REGION BIO BIO,HUALQUI,CHOQUE FRENTE/POSTERIOR,CHOQUE,URBANA,TRAMO DE VIA RECTA,CONDUCCION NO ATENTO CONDICIONES TRANSITO MOMENTO,IMPRUDENCIA DEL CONDUCTOR,LA ARAUCANA,CARLOS CONDELL,CARLOS CONDELL - LA ARAUCANA,0,BIDIRECCIONAL,ASFALTO,BUENO,SECO,DESPEJADO,0,0,0,0,0
-8137597.04329753,-4416656.19487576,2992,1530405,-36.838763,-73.101278,2023/05/12 00:00:00+00,1899/12/30 00:00:00+00,8,REGION BIO BIO,SAN PEDRO DE LA PAZ,ATROPELLO,ATROPELLO,URBANA,CRUCE CON SEMAFORO FUNCIONANDO,IMPRUDENCIA DEL PEATON,IMPRUDENCIA DEL PEATON,PEDRO AGUIRRE CERDA,LOS CANELOS,LOS CANELOS - PEDRO AGUIRRE CERDA,0,BIDIRECCIONAL,CONCRETO,BUENO,SECO,DESPEJADO,1,0,0,0,0
-8057797.22104441,-4504640.30860116,2993,1530925,-37.468699,-72.384424,2023/05/12 00:00:00+00,1899/12/30 00:00:00+00,8,REGION BIO BIO,LOS ANGELES,ATROPELLO,ATROPELLO,URBANA,CRUCE CON SEÑAL PARE,SEÑALIZACION DESOBEDECER SEÑAL PARE,DESOBEDIENCIA A SEÑALIZACION,PROFESOR EDUARDO AREVALO,GALVARINO,GALVARINO - PROFESOR EDUARDO AREVALO,0,BIDIRECCIONAL,CONCRETO,BUENO,SECO,DESPEJADO,0,1,0,0,1
-8056300.19653222,-4504500.89469283,2994,1530889,-37.467705,-72.370976,2023/05/12 00:00:00+00,1899/12/30 00:00:00+00,8,REGION BIO BIO,LOS ANGELES,CHOQUE FRONTAL,CHOQUE,URBANA,TRAMO DE VIA RECTA,CONDUCCION NO ATENTO CONDICIONES TRANSITO MOMENTO,IMPRUDENCIA DEL CONDUCTOR,PADRE HURTADO,COSTANERA QUILQUE,COSTANERA QUILQUE - PADRE HURTADO,0,UNIDIRECCIONAL,CONCRETO,BUENO,SECO,DESPEJADO,0,0,0,0,0
-8132088.28697614,-4414855.3750576,2995,1531231,-36.825815,-73.051792,2023/05/12 00:00:00+00,1899/12/30 00:00:00+00,8,REGION BIO BIO,CONCEPCION,COLISION LATERAL,COLISION,URBANA,TRAMO DE VIA RECTA,CONDUCCION CAMBIAR SORPRESIVAMENTE PISTA CIRCULACION,IMPRUDENCIA DEL CONDUCTOR,FREIRE,CAUPOLICAN,CAUPOLICAN - FREIRE,0,UNIDIRECCIONAL,CONCRETO,BUENO,SECO,DESPEJADO,0,0,0,0,0
-8144292.79934926,-4438725.57025121,2996,1530380,-36.997265,-73.161427,2023/05/12 00:00:00+00,1899/12/30 00:00:00+00,8,REGION BIO BIO,CORONEL,COLISION,COLISION,URBANA,TRAMO DE VIA RECTA,VELOCIDAD NO RAZONABLE NI PRUDENTE,VELOCIDAD IMPRUDENTE,MANUEL MONTT, ,- MANUEL MONTT,1600,UNIDIRECCIONAL,ASFALTO,BUENO,SECO,DESPEJADO,0,1,0,0,1
-8131264.30010528,-4414065.49156644,2997,1530407,-36.820135,-73.04439,2023/05/12 00:00:00+00,1899/12/30 00:00:00+00,8,REGION BIO BIO,CONCEPCION,COLISION,COLISION,URBANA,CRUCE CON SEÑAL CEDA EL PASO,CONDUCCION SIN MANTENER DISTANCIA RAZONABLE NI PRUDENTE,IMPRUDENCIA DEL CONDUCTOR,21 DE MAYO,JORGE ALESSANDRI RODRIGUEZ,21 DE MAYO - JORGE ALESSANDRI RODRIGUEZ,0,BIDIRECCIONAL CON BANDEJON,CONCRETO,BUENO,SECO,DESPEJADO,0,0,0,0,0
-8132037.19132986,-4415141.02693834,2998,1531313,-36.827869,-73.051333,2023/05/12 00:00:00+00,1899/12/30 00:00:00+00,8,REGION BIO BIO,CONCEPCION,CHOQUE,CHOQUE,URBANA,OTROS NO CONSIDERADOS,CONDUCCION NO ATENTO CONDICIONES TRANSITO MOMENTO,IMPRUDENCIA DEL CONDUCTOR,CAUPOLICAN, ,- CAUPOLICAN,425,BIDIRECCIONAL,CONCRETO,BUENO,SECO,DESPEJADO,0,0,0,0,0