X,Y,FID,Idaccident,Latitude,Longitude,Fecha,Hora,Cód_Regi,Región,Comuna,Tipo_Accid,Tipo__CONA,Zona,Ubicación,Causa,Causa__CON,Calle_Uno,Calle_Dos,Intersecci,Número,Calzada,Tipo_Calza,Estado_Cal,Condición,Estado_Atm,Fallecidos,Lesionados,Graves,Menos_Grav,Leves
-8053918.96130466,-4505260.82115936,3103,1532778,-37.473123,-72.349585,2023/05/18 00:00:00+00,1899/12/30 00:00:00+00,8,REGION BIO BIO,LOS ANGELES,COLISION LATERAL,COLISION,URBANA,CRUCE CON SEMAFORO FUNCIONANDO,CONDUCCION NO ATENTO CONDICIONES TRANSITO MOMENTO,IMPRUDENCIA DEL CONDUCTOR,RICARDO VICUÑA,FREIRE,FREIRE - RICARDO VICUÑA,0,UNIDIRECCIONAL,CONCRETO,BUENO,SECO,DESPEJADO,0,2,2,0,0
-8121140.90561254,-4386895.51417722,3104,1532788,-36.624501,-72.95345,2023/05/18 00:00:00+00,1899/12/30 00:00:00+00,8,REGION BIO BIO,TOME,CHOQUE FRENTE/POSTERIOR,CHOQUE,URBANA,CRUCE CON SEÑAL CEDA EL PASO,NO RESPETAR DERECHO PREFERENTE DE PASO A PEATON,IMPRUDENCIA DEL CONDUCTOR,MARCOS SERRANO, ,- MARCOS SERRANO,300,BIDIRECCIONAL,CONCRETO,BUENO,SECO,DESPEJADO,0,0,0,0,0
-8131682.08215423,-4413217.26647939,3105,1535455,-36.814035,-73.048143,2023/05/18 00:00:00+00,1899/12/30 00:00:00+00,8,REGION BIO BIO,CONCEPCION,COLISION POR ALCANCE,COLISION,URBANA,OTROS NO CONSIDERADOS,CONDUCCION SIN MANTENER DISTANCIA RAZONABLE NI PRUDENTE,IMPRUDENCIA DEL CONDUCTOR,PAICAVI,MANUEL RODRIGUEZ,MANUEL RODRIGUEZ - PAICAVI,0,BIDIRECCIONAL CON BANDEJON,CONCRETO,BUENO,SECO,DESPEJADO,0,0,0,0,0
-8054506.50557707,-4505222.94976555,3106,1532750,-37.472853,-72.354863,2023/05/18 00:00:00+00,1899/12/30 00:00:00+00,8,REGION BIO BIO,LOS ANGELES,COLISION LATERAL,COLISION,URBANA,TRAMO DE VIA RECTA,CONDUCCION NO ATENTO CONDICIONES TRANSITO MOMENTO,IMPRUDENCIA DEL CONDUCTOR,MENDOZA,RICARDO VICUÑA,MENDOZA - RICARDO VICUÑA,0,UNIDIRECCIONAL,CONCRETO,BUENO,SECO,DESPEJADO,0,0,0,0,0
-8129992.47492297,-4425088.97262084,3107,1533319,-36.899366,-73.032965,2023/05/18 00:00:00+00,1899/12/30 00:00:00+00,8,REGION BIO BIO,CHIGUAYANTE,COLISION POR ALCANCE,COLISION,URBANA,TRAMO DE VIA RECTA,CONDUCCION NO ATENTO CONDICIONES TRANSITO MOMENTO,IMPRUDENCIA DEL CONDUCTOR,8 ORIENTE, ,- 8 ORIENTE,720,BIDIRECCIONAL CON BANDEJON,ASFALTO,BUENO,SECO,DESPEJADO,0,1,0,0,1
-8083631.35791179,-4494847.13200546,3108,1532757,-37.398843,-72.616496,2023/05/18 00:00:00+00,1899/12/30 00:00:00+00,8,REGION BIO BIO,LOS ANGELES,COLISION FRONTAL,COLISION,URBANA,TRAMO DE VIA RECTA,CONDUCCION NO ATENTO CONDICIONES TRANSITO MOMENTO,IMPRUDENCIA DEL CONDUCTOR,MARCONI,GABRIELA MISTRAL,GABRIELA MISTRAL - MARCONI,0,BIDIRECCIONAL,CONCRETO,BUENO,SECO,DESPEJADO,0,0,0,0,0
-8132598.01892448,-4415432.52770749,3109,1532512,-36.829965,-73.056371,2023/05/18 00:00:00+00,1899/12/30 00:00:00+00,8,REGION BIO BIO,CONCEPCION,CHOQUE,CHOQUE,URBANA,OTROS NO CONSIDERADOS,CONDUCCION NO ATENTO CONDICIONES TRANSITO MOMENTO,IMPRUDENCIA DEL CONDUCTOR,O'HIGGINS, ,- O'HIGGINS,115,UNIDIRECCIONAL,CONCRETO,BUENO,SECO,DESPEJADO,0,0,0,0,0
-8130886.37043404,-4414768.31812198,3110,1532525,-36.825189,-73.040995,2023/05/18 00:00:00+00,1899/12/30 00:00:00+00,8,REGION BIO BIO,CONCEPCION,ATROPELLO,ATROPELLO,URBANA,CRUCE CON SEMAFORO FUNCIONANDO,NO RESPETAR DERECHO PREFERENTE DE PASO A PEATON,IMPRUDENCIA DEL CONDUCTOR,SAN MARTIN,PAICAVI,PAICAVI - SAN MARTIN,0,UNIDIRECCIONAL,CONCRETO,BUENO,SECO,DESPEJADO,0,1,1,0,0
-8053726.37858559,-4503735.69401645,3111,1532769,-37.462249,-72.347855,2023/05/18 00:00:00+00,1899/12/30 00:00:00+00,8,REGION BIO BIO,LOS ANGELES,CHOQUE POSTERIOR/FRENTE,CHOQUE,URBANA,TRAMO DE VIA RECTA,CONDUCCION NO ATENTO CONDICIONES TRANSITO MOMENTO,IMPRUDENCIA DEL CONDUCTOR,VILLAGRAN, ,- VILLAGRAN,945,UNIDIRECCIONAL,CONCRETO,BUENO,SECO,DESPEJADO,0,0,0,0,0
-8055245.44435696,-4506324.78270898,3112,1532744,-37.480708,-72.361501,2023/05/18 00:00:00+00,1899/12/30 00:00:00+00,8,REGION BIO BIO,LOS ANGELES,COLISION LATERAL,COLISION,URBANA,CRUCE CON SEMAFORO FUNCIONANDO,CONDUCCION NO ATENTO CONDICIONES TRANSITO MOMENTO,IMPRUDENCIA DEL CONDUCTOR,CAMILO HENRIQUEZ,VICUÑA MACKENNA,CAMILO HENRIQUEZ - VICUÑA MACKENNA,0,UNIDIRECCIONAL,CONCRETO,BUENO,SECO,NUBLADO,0,0,0,0,0
-8138562.73988017,-4409413.73853343,3113,1531855,-36.786676,-73.109953,2023/05/18 00:00:00+00,1899/12/30 00:00:00+00,8,REGION BIO BIO,HUALPEN,COLISION,COLISION,URBANA,TRAMO DE VIA RECTA,CONDUCCION CAMBIAR SORPRESIVAMENTE PISTA CIRCULACION,IMPRUDENCIA DEL CONDUCTOR,IGNACIO COLLAO, ,- IGNACIO COLLAO,171,BIDIRECCIONAL,CONCRETO,BUENO,SECO,DESPEJADO,0,0,0,0,0
-8132358.90465825,-4415362.01605448,3114,1533170,-36.829458,-73.054223,2023/05/18 00:00:00+00,1899/12/30 00:00:00+00,8,REGION BIO BIO,CONCEPCION,COLISION LATERAL,COLISION,URBANA,CRUCE CON SEMAFORO FUNCIONANDO,VIRAJES INDEBIDOS,IMPRUDENCIA DEL CONDUCTOR,O'HIGGINS,ANGOL,ANGOL - O'HIGGINS,0,UNIDIRECCIONAL,CONCRETO,BUENO,SECO,DESPEJADO,0,0,0,0,0
-8131193.50090914,-4415562.42613775,3115,1532519,-36.830899,-73.043754,2023/05/18 00:00:00+00,1899/12/30 00:00:00+00,8,REGION BIO BIO,CONCEPCION,COLISION POR ALCANCE,COLISION,URBANA,CRUCE CON SEÑAL CEDA EL PASO,CONDUCCION NO ATENTO CONDICIONES TRANSITO MOMENTO,IMPRUDENCIA DEL CONDUCTOR,VICTOR LAMAS,CASTELLON,CASTELLON - VICTOR LAMAS,0,UNIDIRECCIONAL,CONCRETO,BUENO,SECO,DESPEJADO,0,0,0,0,0
-8017738.90228245,-4532136.47906065,3116,1531818,-37.664484,-72.024574,2023/05/18 00:00:00+00,1899/12/30 00:00:00+00,8,REGION BIO BIO,SANTA BARBARA,ATROPELLO,ATROPELLO,URBANA,CRUCE CON SEÑAL CEDA EL PASO,CONDUCCION NO ATENTO CONDICIONES TRANSITO MOMENTO,IMPRUDENCIA DEL CONDUCTOR,DIEGO PORTALES,ESTACION,DIEGO PORTALES - ESTACION,0,BIDIRECCIONAL,CONCRETO,BUENO,SECO,DESPEJADO,0,1,0,0,1
-8129831.50693928,-4426161.02962194,3117,1533332,-36.907067,-73.031519,2023/05/18 00:00:00+00,1899/12/30 00:00:00+00,8,REGION BIO BIO,CHIGUAYANTE,COLISION POR ALCANCE,COLISION,URBANA,TRAMO DE VIA RECTA,CONDUCCION SIN MANTENER DISTANCIA RAZONABLE NI PRUDENTE,IMPRUDENCIA DEL CONDUCTOR,COSTANERA,8 ORIENTE,8 ORIENTE - COSTANERA,0,BIDIRECCIONAL CON BANDEJON,CONCRETO,BUENO,SECO,NUBLADO,0,0,0,0,0
-8124454.66421448,-4400715.45317557,3118,1537536,-36.724072,-72.983218,2023/05/18 00:00:00+00,1899/12/30 00:00:00+00,8,REGION BIO BIO,PENCO,COLISION LATERAL,COLISION,URBANA,TRAMO DE VIA RECTA,CONDUCCION NO ATENTO CONDICIONES TRANSITO MOMENTO,IMPRUDENCIA DEL CONDUCTOR,DOMINGO SANTA MARIA, ,- DOMINGO SANTA MARIA,175,UNIDIRECCIONAL,ASFALTO,BUENO,SECO,DESPEJADO,0,0,0,0,0
-8139345.09326146,-4400814.20065655,3119,1535190,-36.724783,-73.116981,2023/05/18 00:00:00+00,1899/12/30 00:00:00+00,8,REGION BIO BIO,TALCAHUANO,COLISION LATERAL,COLISION,URBANA,CRUCE CON SEMAFORO FUNCIONANDO,SEÑALIZACION DESOBEDECER LUZ ROJA DE SEMAFORO,DESOBEDIENCIA A SEÑALIZACION,CRISTOBAL COLON, ,- CRISTOBAL COLON,3300,BIDIRECCIONAL CON BANDEJON,CONCRETO,BUENO,SECO,DESPEJADO,0,1,0,0,1
-8053848.16210852,-4504871.87443093,3120,1532784,-37.47035,-72.348949,2023/05/19 00:00:00+00,1899/12/30 00:00:00+00,8,REGION BIO BIO,LOS ANGELES,CHOQUE LADO/FRENTE,CHOQUE,URBANA,TRAMO DE VIA RECTA,CONDUCCION NO ATENTO CONDICIONES TRANSITO MOMENTO,IMPRUDENCIA DEL CONDUCTOR,LAUTARO, ,- LAUTARO,254,BIDIRECCIONAL,RIPIO,BUENO, ,DESPEJADO,0,0,0,0,0
-8138176.23860813,-4402137.5884589,3121,1535194,-36.734311,-73.106481,2023/05/19 00:00:00+00,1899/12/30 00:00:00+00,8,REGION BIO BIO,TALCAHUANO,CHOQUE FRONTAL,CHOQUE,URBANA,TRAMO DE VIA RECTA,VELOCIDAD NO RAZONABLE NI PRUDENTE,VELOCIDAD IMPRUDENTE,CRISTOBAL COLON, ,- CRISTOBAL COLON,2450,BIDIRECCIONAL CON BANDEJON,CONCRETO,BUENO,SECO,DESPEJADO,0,0,0,0,0
-8137187.05361294,-4404318.59211517,3122,1534515,-36.750011,-73.097595,2023/05/19 00:00:00+00,1899/12/30 00:00:00+00,8,REGION BIO BIO,TALCAHUANO,COLISION LATERAL,COLISION,URBANA,CRUCE SIN SEÑALIZACION,NO RESPETAR DERECHO PREFERENTE DE PASO A VEHICULO,IMPRUDENCIA DEL CONDUCTOR,LAS MORERAS,LAS MAGNOLIAS,LAS MAGNOLIAS - LAS MORERAS,0,BIDIRECCIONAL,CONCRETO,BUENO,SECO,DESPEJADO,0,0,0,0,0
-8139700.87035403,-4400649.7609133,3123,1535143,-36.723599,-73.120177,2023/05/19 00:00:00+00,1899/12/30 00:00:00+00,8,REGION BIO BIO,TALCAHUANO,ATROPELLO,ATROPELLO,URBANA,TRAMO DE VIA RECTA,FALLAS MECANICAS DIRECCION,FALLAS MECANICAS,ESPAÑA, ,- ESPAÑA,545,BIDIRECCIONAL,CONCRETO,BUENO,SECO,DESPEJADO,0,4,2,0,2
-8138296.35233869,-4415753.66065279,3124,1533743,-36.832274,-73.10756,2023/05/19 00:00:00+00,1899/12/30 00:00:00+00,8,REGION BIO BIO,SAN PEDRO DE LA PAZ,COLISION POR ALCANCE,COLISION,URBANA,CRUCE CON SEMAFORO FUNCIONANDO,CONDUCCION SIN MANTENER DISTANCIA RAZONABLE NI PRUDENTE,IMPRUDENCIA DEL CONDUCTOR,JORGE ALESSANDRI RODRIGUEZ,LAS VIOLETAS,JORGE ALESSANDRI RODRIGUEZ - LAS VIOLETAS,0,BIDIRECCIONAL CON BANDEJON,ASFALTO,BUENO,SECO,DESPEJADO,0,1,0,0,1
-8141658.8688776,-4416099.28229607,3125,1533747,-36.834759,-73.137766,2023/05/19 00:00:00+00,1899/12/30 00:00:00+00,8,REGION BIO BIO,SAN PEDRO DE LA PAZ,COLISION FRONTAL,COLISION,URBANA,ROTONDA,CONDUCCION NO ATENTO CONDICIONES TRANSITO MOMENTO,IMPRUDENCIA DEL CONDUCTOR,DANIEL BELMAR, ,- DANIEL BELMAR,150,BIDIRECCIONAL,CONCRETO,BUENO,SECO,DESPEJADO,0,0,0,0,0
-8130397.45523048,-4414566.25420971,3126,1532591,-36.823736,-73.036603,2023/05/19 00:00:00+00,1899/12/30 00:00:00+00,8,REGION BIO BIO,CONCEPCION,ATROPELLO,ATROPELLO,URBANA,CRUCE CON SEMAFORO FUNCIONANDO,NO RESPETAR DERECHO PREFERENTE DE PASO A PEATON,IMPRUDENCIA DEL CONDUCTOR,SAN MARTIN,ROOSEVELT,ROOSEVELT - SAN MARTIN,0,UNIDIRECCIONAL,CONCRETO,BUENO,SECO,DESPEJADO,0,1,0,1,0
-8128994.6070075,-4428273.85970552,3127,1533335,-36.922242,-73.024001,2023/05/19 00:00:00+00,1899/12/30 00:00:00+00,8,REGION BIO BIO,CHIGUAYANTE,CHOQUE LATERAL,CHOQUE,URBANA,CRUCE CON SEMAFORO FUNCIONANDO,CONDUCCION NO ATENTO CONDICIONES TRANSITO MOMENTO,IMPRUDENCIA DEL CONDUCTOR,O'HIGGINS,CALLE UNO,CALLE UNO - O'HIGGINS,0,BIDIRECCIONAL,CONCRETO,REGULAR,SECO,DESPEJADO,0,0,0,0,0
-8134565.70224374,-4411262.99066962,3128,1531972,-36.799979,-73.074047,2023/05/19 00:00:00+00,1899/12/30 00:00:00+00,8,REGION BIO BIO,HUALPEN,CHOQUE POSTERIOR/FRENTE,CHOQUE,URBANA,TRAMO DE VIA RECTA,CONDUCCION NO ATENTO CONDICIONES TRANSITO MOMENTO,IMPRUDENCIA DEL CONDUCTOR,VASCO NUÑEZ DE BALBOA, ,- VASCO NUÑEZ DE BALBOA,790,BIDIRECCIONAL,CONCRETO,BUENO,SECO,DESPEJADO,0,0,0,0,0
-8161264.5689156,-4473354.38116171,3129,1534407,-37.245304,-73.313887,2023/05/19 00:00:00+00,1899/12/30 00:00:00+00,8,REGION BIO BIO,ARAUCO,COLISION,COLISION,URBANA,TRAMO DE VIA RECTA,CONDUCCION NO ATENTO CONDICIONES TRANSITO MOMENTO,IMPRUDENCIA DEL CONDUCTOR,CARLOS CONDELL, ,- CARLOS CONDELL,185,BIDIRECCIONAL,ASFALTO,BUENO,SECO,DESPEJADO,0,1,0,0,1
-8135510.58208159,-4411647.81115444,3130,1531986,-36.802747,-73.082535,2023/05/19 00:00:00+00,1899/12/30 00:00:00+00,8,REGION BIO BIO,HUALPEN,CAIDA,CAIDA,URBANA,TRAMO DE VIA RECTA,PASAJERO SUBE O DESCIENDE DE VEHICULO MOVIMIENTO,IMPRUDENCIA DEL PASAJERO,CRISTOBAL COLON, ,- CRISTOBAL COLON,9000,BIDIRECCIONAL CON BANDEJON,CONCRETO,BUENO,SECO,DESPEJADO,0,0,0,0,0
-8129817.03540548,-4426067.75455557,3131,1533353,-36.906397,-73.031389,2023/05/19 00:00:00+00,1899/12/30 00:00:00+00,8,REGION BIO BIO,CHIGUAYANTE,COLISION POR ALCANCE,COLISION,URBANA,TRAMO DE VIA RECTA,CONDUCCION SIN MANTENER DISTANCIA RAZONABLE NI PRUDENTE,IMPRUDENCIA DEL CONDUCTOR,8 ORIENTE,CALLE UNO,8 ORIENTE - CALLE UNO,0,BIDIRECCIONAL CON BANDEJON,CONCRETO,BUENO,SECO,DESPEJADO,0,1,1,0,0
-8133684.27451564,-4410668.5482104,3132,1537008,-36.795703,-73.066129,2023/05/19 00:00:00+00,1899/12/30 00:00:00+00,8,REGION BIO BIO,CONCEPCION,COLISION,COLISION,URBANA,TRAMO DE VIA RECTA,CONDUCCION NO ATENTO CONDICIONES TRANSITO MOMENTO,IMPRUDENCIA DEL CONDUCTOR,PAICAVI,AUTOPISTA CONCEPCION TALCAHUANO,AUTOPISTA CONCEPCION TALCAHUANO - PAICAVI,0,BIDIRECCIONAL,ASFALTO,BUENO,SECO,DESPEJADO,0,0,0,0,0
-8133135.24678705,-4415511.80172152,3133,1532590,-36.830535,-73.061197,2023/05/19 00:00:00+00,1899/12/30 00:00:00+00,8,REGION BIO BIO,CONCEPCION,COLISION PERPENDICULAR,COLISION,URBANA,OTROS NO CONSIDERADOS,CONDUCCION NO ATENTO CONDICIONES TRANSITO MOMENTO,IMPRUDENCIA DEL CONDUCTOR,PASCUAL BINIMELIS,CENTRAL NORTE,CENTRAL NORTE - PASCUAL BINIMELIS,0,UNIDIRECCIONAL,CONCRETO,BUENO,SECO,DESPEJADO,0,1,0,0,1
-8094092.27310061,-4478888.02622133,3134,1532879,-37.284865,-72.710468,2023/05/19 00:00:00+00,1899/12/30 00:00:00+00,8,REGION BIO BIO,LAJA,COLISION,COLISION,URBANA,CRUCE CON SEÑAL CEDA EL PASO,SEÑALIZACION DESOBEDECER SEÑAL CEDA EL PASO,DESOBEDIENCIA A SEÑALIZACION,VIOLETA PARRA,LA PIÑA,LA PIÑA - VIOLETA PARRA,0,BIDIRECCIONAL,ASFALTO,BUENO,SECO,DESPEJADO,0,0,0,0,0
-8095980.02902548,-4475250.9158222,3135,1536070,-37.258865,-72.727426,2023/05/19 00:00:00+00,1899/12/30 00:00:00+00,8,REGION BIO BIO,SAN ROSENDO,CHOQUE FRENTE/POSTERIOR,CHOQUE,URBANA,TRAMO DE VIA RECTA,CONDUCCION NO ATENTO CONDICIONES TRANSITO MOMENTO,IMPRUDENCIA DEL CONDUCTOR,ALMIRANTE LATORRE, ,- ALMIRANTE LATORRE,62,BIDIRECCIONAL,CONCRETO,BUENO,SECO,DESPEJADO,0,0,0,0,0
-8134277.71872106,-4414665.68641933,3136,1535463,-36.824451,-73.07146,2023/05/19 00:00:00+00,1899/12/30 00:00:00+00,8,REGION BIO BIO,CONCEPCION,COLISION POR ALCANCE,COLISION,URBANA,TRAMO DE VIA RECTA,CONDUCCION SIN MANTENER DISTANCIA RAZONABLE NI PRUDENTE,IMPRUDENCIA DEL CONDUCTOR,COSTANERA,TEMISTOCLES ROJAS,COSTANERA - TEMISTOCLES ROJAS,0,BIDIRECCIONAL CON BANDEJON,CONCRETO,BUENO,SECO,DESPEJADO,0,2,0,0,2
-8131948.58101519,-4414784.17188789,3137,1532588,-36.825303,-73.050537,2023/05/19 00:00:00+00,1899/12/30 00:00:00+00,8,REGION BIO BIO,CONCEPCION,COLISION LATERAL,COLISION,URBANA,TRAMO DE VIA RECTA,ADELANTAMIENTO SOBREPASANDO LINEA CONTINUA,IMPRUDENCIA DEL CONDUCTOR,FREIRE,ANIBAL PINTO,ANIBAL PINTO - FREIRE,0,UNIDIRECCIONAL,CONCRETO,BUENO,SECO,DESPEJADO,0,0,0,0,0
-8118806.53589061,-4434933.10449075,3138,1534841,-36.970051,-72.93248,2023/05/19 00:00:00+00,1899/12/30 00:00:00+00,8,REGION BIO BIO,HUALQUI,CHOQUE FRENTE/POSTERIOR,CHOQUE,URBANA,TRAMO DE VIA RECTA,CONDUCCION EN ESTADO DE EBRIEDAD,ALCOHOL EN CONDUCTOR,BOMBERO PERRET, ,- BOMBERO PERRET,267,BIDIRECCIONAL,CONCRETO,REGULAR,SECO,DESPEJADO,0,0,0,0,0
-8140297.65414418,-4404534.77194,3139,1535121,-36.751567,-73.125538,2023/05/19 00:00:00+00,1899/12/30 00:00:00+00,8,REGION BIO BIO,TALCAHUANO,COLISION LATERAL,COLISION,URBANA,ROTONDA,NO RESPETAR DERECHO PREFERENTE DE PASO A VEHICULO,IMPRUDENCIA DEL CONDUCTOR,GRAN BRETAÑA, ,- GRAN BRETAÑA,2910,BIDIRECCIONAL,CONCRETO,BUENO,SECO,DESPEJADO,0,1,0,0,1
-8125069.14780366,-4402263.7133319,3140,1537657,-36.735219,-72.988738,2023/05/19 00:00:00+00,1899/12/30 00:00:00+00,8,REGION BIO BIO,PENCO,COLISION LATERAL,COLISION,URBANA,TRAMO DE VIA RECTA,CONDUCCION NO ATENTO CONDICIONES TRANSITO MOMENTO,IMPRUDENCIA DEL CONDUCTOR,INFANTE, ,- INFANTE,300,UNIDIRECCIONAL,ASFALTO,BUENO,SECO,DESPEJADO,0,1,0,0,1
-8137011.94805392,-4409407.34462321,3141,1532057,-36.78663,-73.096022,2023/05/19 00:00:00+00,1899/12/30 00:00:00+00,8,REGION BIO BIO,HUALPEN,CHOQUE FRENTE/LADO,CHOQUE,URBANA,CRUCE CON SEÑAL CEDA EL PASO,CONDUCCION SIN MANTENER DISTANCIA RAZONABLE NI PRUDENTE,IMPRUDENCIA DEL CONDUCTOR,LAS GOLONDRINAS,SICILIA,LAS GOLONDRINAS - SICILIA,0,BIDIRECCIONAL CON BANDEJON,CONCRETO,BUENO,SECO,DESPEJADO,0,0,0,0,0
-8164529.01298311,-4505935.23540899,3142,1535036,-37.477931,-73.343212,2023/05/19 00:00:00+00,1899/12/30 00:00:00+00,8,REGION BIO BIO,CURANILAHUE,CHOQUE POSTERIOR/FRENTE,CHOQUE,URBANA,OTROS NO CONSIDERADOS,CONDUCCION NO ATENTO CONDICIONES TRANSITO MOMENTO,IMPRUDENCIA DEL CONDUCTOR,SERVICENTRO COPEC, ,- SERVICENTRO COPEC,863,BIDIRECCIONAL,CONCRETO,BUENO,HUMEDO,DESPEJADO,0,0,0,0,0
-8127324.25804815,-4413842.58258962,3143,1532599,-36.818532,-73.008996,2023/05/20 00:00:00+00,1899/12/30 00:00:00+00,8,REGION BIO BIO,CONCEPCION,VOLCADURA,VOLCADURA,URBANA,TRAMO DE VIA RECTA,VELOCIDAD NO RAZONABLE NI PRUDENTE,VELOCIDAD IMPRUDENTE,CALETERA GENERAL BONILLA,CAMINO NONGUEN,CALETERA GENERAL BONILLA - CAMINO NONGUEN,0,UNIDIRECCIONAL,CONCRETO,BUENO,SECO,DESPEJADO,0,1,0,0,1
-8136493.75582428,-4410697.60227394,3144,1532079,-36.795912,-73.091367,2023/05/20 00:00:00+00,1899/12/30 00:00:00+00,8,REGION BIO BIO,HUALPEN,VOLCADURA,VOLCADURA,URBANA,CRUCE CON SEÑAL PARE,CONDUCCION EN ESTADO DE EBRIEDAD,ALCOHOL EN CONDUCTOR,CRISTOBAL COLON,RAMUNTCHO,CRISTOBAL COLON - RAMUNTCHO,0,BIDIRECCIONAL CON BANDEJON,CONCRETO,BUENO,SECO,DESPEJADO,0,0,0,0,0
-8135661.6426306,-4408722.38447157,3145,1535367,-36.781702,-73.083892,2023/05/20 00:00:00+00,1899/12/30 00:00:00+00,8,REGION BIO BIO,TALCAHUANO,COLISION LATERAL,COLISION,URBANA,CRUCE SIN SEÑALIZACION,NO RESPETAR DERECHO PREFERENTE DE PASO A VEHICULO,IMPRUDENCIA DEL CONDUCTOR,BALMACEDA,GRISELDA,BALMACEDA - GRISELDA,0,BIDIRECCIONAL,CONCRETO,BUENO,SECO,DESPEJADO,0,0,0,0,0
-8053766.56492177,-4504074.81015345,3146,1532825,-37.464667,-72.348216,2023/05/20 00:00:00+00,1899/12/30 00:00:00+00,8,REGION BIO BIO,LOS ANGELES,COLISION LATERAL,COLISION,URBANA,TRAMO DE VIA RECTA,CONDUCCION NO ATENTO CONDICIONES TRANSITO MOMENTO,IMPRUDENCIA DEL CONDUCTOR,VILLAGRAN,ARGENTINA,ARGENTINA - VILLAGRAN,0,UNIDIRECCIONAL,CONCRETO,BUENO,SECO,DESPEJADO,0,0,0,0,0
-8054562.16532247,-4504695.42950082,3147,1532813,-37.469092,-72.355363,2023/05/20 00:00:00+00,1899/12/30 00:00:00+00,8,REGION BIO BIO,LOS ANGELES,COLISION LATERAL,COLISION,URBANA,TRAMO DE VIA RECTA,SEÑALIZACION DESOBEDECER SEÑAL PARE,DESOBEDIENCIA A SEÑALIZACION,URENDA,COLO COLO,COLO COLO - URENDA,0,BIDIRECCIONAL,CONCRETO,BUENO,SECO,DESPEJADO,0,1,0,0,1
-8041396.29782686,-4541083.67434894,3148,1534083,-37.728081,-72.237092,2023/05/20 00:00:00+00,1899/12/30 00:00:00+00,8,REGION BIO BIO,MULCHEN,COLISION,COLISION,URBANA,CRUCE SIN SEÑALIZACION,CONDUCCION NO ATENTO CONDICIONES TRANSITO MOMENTO,IMPRUDENCIA DEL CONDUCTOR,CARLOS CONDELL,LOS TEMOS,CARLOS CONDELL - LOS TEMOS,0,BIDIRECCIONAL,CONCRETO,BUENO,SECO,DESPEJADO,0,0,0,0,0
-8137832.92929852,-4404036.7035434,3149,1535125,-36.747982,-73.103397,2023/05/20 00:00:00+00,1899/12/30 00:00:00+00,8,REGION BIO BIO,TALCAHUANO,COLISION LATERAL,COLISION,URBANA,CRUCE CON SEMAFORO FUNCIONANDO,NO RESPETAR DERECHO PREFERENTE DE PASO A VEHICULO,IMPRUDENCIA DEL CONDUCTOR,DESIDERIO GARCIA,ALTO HORNO,ALTO HORNO - DESIDERIO GARCIA,0,BIDIRECCIONAL,CONCRETO,BUENO,SECO,DESPEJADO,0,1,0,0,1
-8132706.33278902,-4413334.62342927,3150,1535564,-36.814879,-73.057344,2023/05/20 00:00:00+00,1899/12/30 00:00:00+00,8,REGION BIO BIO,CONCEPCION,ATROPELLO,ATROPELLO,URBANA,CRUCE CON SEÑAL PARE,PEATON CRUZA CAMINO O CARRETERA SIN ADOPTAR PRECAUCIONES,IMPRUDENCIA DEL PEATON,ANIBAL PINTO,ARGENTINA,ANIBAL PINTO - ARGENTINA,0,BIDIRECCIONAL,CONCRETO,BUENO,SECO,DESPEJADO,0,1,1,0,0
-8095669.33632668,-4475849.83354369,3151,1532880,-37.263147,-72.724635,2023/05/20 00:00:00+00,1899/12/30 00:00:00+00,8,REGION BIO BIO,SAN ROSENDO,COLISION,COLISION,URBANA,CRUCE CON SEÑAL CEDA EL PASO,SEÑALIZACION DESOBEDECER SEÑAL CEDA EL PASO,DESOBEDIENCIA A SEÑALIZACION,VALLEJOS,ESMERALDA,ESMERALDA - VALLEJOS,0,BIDIRECCIONAL,CONCRETO,BUENO,SECO,DESPEJADO,0,4,0,0,4
-8129174.27666564,-4428658.73939222,3152,1534650,-36.925006,-73.025615,2023/05/20 00:00:00+00,1899/12/30 00:00:00+00,8,REGION BIO BIO,CHIGUAYANTE,CHOQUE FRENTE/POSTERIOR,CHOQUE,URBANA,CRUCE CON SEMAFORO FUNCIONANDO,CONDUCCION NO ATENTO CONDICIONES TRANSITO MOMENTO,IMPRUDENCIA DEL CONDUCTOR,MANUEL RODRIGUEZ,CHIGUAY,CHIGUAY - MANUEL RODRIGUEZ,0,BIDIRECCIONAL CON BANDEJON,CONCRETO,BUENO,SECO,NUBLADO,0,0,0,0,0
-8139345.09326146,-4400814.20065655,3153,1535127,-36.724783,-73.116981,2023/05/20 00:00:00+00,1899/12/30 00:00:00+00,8,REGION BIO BIO,TALCAHUANO,CHOQUE LATERAL,CHOQUE,URBANA,TRAMO DE VIA RECTA,VELOCIDAD NO RAZONABLE NI PRUDENTE,VELOCIDAD IMPRUDENTE,JORGE ALESSANDRI PALMA, ,- JORGE ALESSANDRI PALMA,1669,BIDIRECCIONAL CON BANDEJON,CONCRETO,BUENO,SECO,DESPEJADO,0,1,0,0,1
-8140062.21342115,-4400413.52210434,3154,1535128,-36.721898,-73.123423,2023/05/20 00:00:00+00,1899/12/30 00:00:00+00,8,REGION BIO BIO,TALCAHUANO,CHOQUE LADO/LADO,CHOQUE,URBANA,TRAMO DE VIA RECTA,CONDUCCION NO ATENTO CONDICIONES TRANSITO MOMENTO,IMPRUDENCIA DEL CONDUCTOR,ESPAÑA, ,- ESPAÑA,213,BIDIRECCIONAL,CONCRETO,BUENO,SECO,DESPEJADO,0,0,0,0,0