X,Y,FID,Idaccident,Latitude,Longitude,Fecha,Hora,Cód_Regi,Región,Comuna,Tipo_Accid,Tipo__CONA,Zona,Ubicación,Causa,Causa__CON,Calle_Uno,Calle_Dos,Intersecci,Número,Calzada,Tipo_Calza,Estado_Cal,Condición,Estado_Atm,Fallecidos,Lesionados,Graves,Menos_Grav,Leves
-8083631.35791179,-4494847.13200546,3310,1534444,-37.398843,-72.616496,2023/05/29 00:00:00+00,1899/12/30 00:00:00+00,8,REGION BIO BIO,LOS ANGELES,ATROPELLO,ATROPELLO,URBANA,CRUCE CON SEMAFORO FUNCIONANDO,CONDUCCION NO ATENTO CONDICIONES TRANSITO MOMENTO,IMPRUDENCIA DEL CONDUCTOR,MARCONI,GABRIELA MISTRAL,GABRIELA MISTRAL - MARCONI,0,BIDIRECCIONAL CON BANDEJON,CONCRETO,BUENO,SECO,DESPEJADO,0,0,0,0,0
-8131873.5516784,-4418970.39270793,3311,1534920,-36.855399,-73.049863,2023/05/29 00:00:00+00,1899/12/30 00:00:00+00,8,REGION BIO BIO,CONCEPCION,COLISION POR ALCANCE,COLISION,URBANA,TRAMO DE VIA RECTA,VELOCIDAD NO RAZONABLE NI PRUDENTE,VELOCIDAD IMPRUDENTE,PEDRO DE VALDIVIA,SANDERS,PEDRO DE VALDIVIA - SANDERS,0,BIDIRECCIONAL CON BANDEJON,CONCRETO,BUENO,SECO,DESPEJADO,0,0,0,0,0
-8053300.24757483,-4507151.47893827,3312,1534637,-37.486601,-72.344027,2023/05/30 00:00:00+00,1899/12/30 00:00:00+00,8,REGION BIO BIO,LOS ANGELES,COLISION LATERAL,COLISION,URBANA,TRAMO DE VIA RECTA,CONDUCCION NO ATENTO CONDICIONES TRANSITO MOMENTO,IMPRUDENCIA DEL CONDUCTOR,LOS CARRERA,RIO HUAQUI,LOS CARRERA - RIO HUAQUI,0,BIDIRECCIONAL,ASFALTO,BUENO,SECO,DESPEJADO,0,0,0,0,0
-8055170.97161761,-4505167.26503867,3313,1534619,-37.472456,-72.360832,2023/05/30 00:00:00+00,1899/12/30 00:00:00+00,8,REGION BIO BIO,LOS ANGELES,COLISION LATERAL,COLISION,URBANA,TRAMO DE VIA CURVA HORIZONTAL,CONDUCCION NO ATENTO CONDICIONES TRANSITO MOMENTO,IMPRUDENCIA DEL CONDUCTOR,LOS ANGELES,RICARDO VICUÑA,LOS ANGELES - RICARDO VICUÑA,0,UNIDIRECCIONAL,CONCRETO,BUENO,SECO,DESPEJADO,0,0,0,0,0
-8052420.93491706,-4503029.44763692,3314,1534644,-37.457213,-72.336128,2023/05/30 00:00:00+00,1899/12/30 00:00:00+00,8,REGION BIO BIO,LOS ANGELES,COLISION FRONTAL,COLISION,URBANA,TRAMO DE VIA RECTA,CONDUCCION NO ATENTO CONDICIONES TRANSITO MOMENTO,IMPRUDENCIA DEL CONDUCTOR,ALMIRANTE LATORRE,CADIZ,ALMIRANTE LATORRE - CADIZ,0,BIDIRECCIONAL,CONCRETO,REGULAR,SECO,NUBLADO,0,1,0,0,1
-8136086.77176594,-4403675.63587199,3315,1549376,-36.745383,-73.087711,2023/05/30 00:00:00+00,1899/12/30 00:00:00+00,8,REGION BIO BIO,TALCAHUANO,COLISION LATERAL,COLISION,URBANA,TRAMO DE VIA RECTA,ADELANTAMIENTO SIN EL ESPACIO O TIEMPO SUFICIENTE,IMPRUDENCIA DEL CONDUCTOR,ALMIRANTE NEFF, ,- ALMIRANTE NEFF,3597,BIDIRECCIONAL,CONCRETO,BUENO,SECO,DESPEJADO,0,0,0,0,0
-8053676.06217575,-4505229.26165502,3316,1534628,-37.472898,-72.347403,2023/05/30 00:00:00+00,1899/12/30 00:00:00+00,8,REGION BIO BIO,LOS ANGELES,ATROPELLO,ATROPELLO,URBANA,CRUCE CON SEMAFORO FUNCIONANDO,CONDUCCION NO ATENTO CONDICIONES TRANSITO MOMENTO,IMPRUDENCIA DEL CONDUCTOR,JOSE MANSO DE VELASCO,RICARDO VICUÑA,JOSE MANSO DE VELASCO - RICARDO VICUÑA,0,UNIDIRECCIONAL,CONCRETO,BUENO,SECO,DESPEJADO,0,1,0,0,1
-8144217.54737348,-4450607.44697208,3317,1534490,-37.082464,-73.160751,2023/05/30 00:00:00+00,1899/12/30 00:00:00+00,8,REGION BIO BIO,LOTA,ATROPELLO,ATROPELLO,URBANA,TRAMO DE VIA RECTA,PEATON CRUZA CAMINO O CARRETERA SIN ADOPTAR PRECAUCIONES,IMPRUDENCIA DEL PEATON,CARLOS COUSIÑO, ,- CARLOS COUSIÑO,19,BIDIRECCIONAL,ASFALTO,BUENO,SECO,DESPEJADO,0,1,1,0,0
-8012853.75774848,-4502977.28041026,3318,1534802,-37.456841,-71.98069,2023/05/30 00:00:00+00,1899/12/30 00:00:00+00,8,REGION BIO BIO,CORONEL,COLISION LATERAL,COLISION,URBANA,TRAMO DE VIA RECTA,CONDUCCION NO ATENTO CONDICIONES TRANSITO MOMENTO,IMPRUDENCIA DEL CONDUCTOR,LOS COIHUES,LOS NOTROS,LOS COIHUES - LOS NOTROS,0,BIDIRECCIONAL,CONCRETO,BUENO,SECO,NUBLADO,0,0,0,0,0
-8120278.51351737,-4463523.3516631,3319,1534808,-37.174969,-72.945703,2023/05/30 00:00:00+00,1899/12/30 00:00:00+00,8,REGION BIO BIO,SANTA JUANA,COLISION,COLISION,URBANA,TRAMO DE VIA RECTA,ADELANTAMIENTO SIN EFECTUAR LA SEÑAL RESPECTIVA,IMPRUDENCIA DEL CONDUCTOR,VALDIVIA,LOS ALERCES,LOS ALERCES - VALDIVIA,0,BIDIRECCIONAL CON BANDEJON,CONCRETO,BUENO,SECO,DESPEJADO,0,1,0,0,1
-8153784.12177327,-4473076.80333091,3320,1534715,-37.243319,-73.246689,2023/05/30 00:00:00+00,1899/12/30 00:00:00+00,8,REGION BIO BIO,ARAUCO,CHOQUE,CHOQUE,URBANA,TRAMO DE VIA RECTA,CONDUCCION NO ATENTO CONDICIONES TRANSITO MOMENTO,IMPRUDENCIA DEL CONDUCTOR,EL PARRON,SIN CARAMPANGUE SECTOR EL PARRON,EL PARRON - SIN CARAMPANGUE SECTOR EL PARRON,0,BIDIRECCIONAL,TIERRA,REGULAR, ,NUBLADO,0,0,0,0,0
-8132585.32850253,-4415994.96874592,3321,1535401,-36.834009,-73.056257,2023/05/30 00:00:00+00,1899/12/30 00:00:00+00,8,REGION BIO BIO,CONCEPCION,CHOQUE FRONTAL,CHOQUE,URBANA,TRAMO DE VIA RECTA,VELOCIDAD NO RAZONABLE NI PRUDENTE,VELOCIDAD IMPRUDENTE,ARTURO PRAT,CHACABUCO,ARTURO PRAT - CHACABUCO,0,UNIDIRECCIONAL,CONCRETO,BUENO,MOJADO,LLUVIA,0,4,0,2,2
-8053420.69526387,-4505232.62799762,3322,1534828,-37.472922,-72.345109,2023/05/30 00:00:00+00,1899/12/30 00:00:00+00,8,REGION BIO BIO,LOS ANGELES,COLISION,COLISION,URBANA,TRAMO DE VIA RECTA,CONDUCCION NO ATENTO CONDICIONES TRANSITO MOMENTO,IMPRUDENCIA DEL CONDUCTOR,RICARDO VICUÑA,SANTA MARIA,RICARDO VICUÑA - SANTA MARIA,0,UNIDIRECCIONAL,CONCRETO,BUENO,SECO,DESPEJADO,0,0,0,0,0
-8053785.4892352,-4505861.31143034,3323,1534818,-37.477404,-72.348386,2023/05/30 00:00:00+00,1899/12/30 00:00:00+00,8,REGION BIO BIO,LOS ANGELES,CHOQUE POSTERIOR/FRENTE,CHOQUE,URBANA,TRAMO DE VIA RECTA,CONDUCCION NO ATENTO CONDICIONES TRANSITO MOMENTO,IMPRUDENCIA DEL CONDUCTOR,LOS CARRERA, ,- LOS CARRERA,437,UNIDIRECCIONAL,CONCRETO,BUENO,SECO,DESPEJADO,0,0,0,0,0
-8137921.53961319,-4411306.64373911,3324,1536454,-36.800293,-73.104193,2023/05/30 00:00:00+00,1899/12/30 00:00:00+00,8,REGION BIO BIO,HUALPEN,CHOQUE,CHOQUE,URBANA,TRAMO DE VIA RECTA,VELOCIDAD NO RAZONABLE NI PRUDENTE,VELOCIDAD IMPRUDENTE,DURANGO, ,- DURANGO,829,BIDIRECCIONAL,CONCRETO,BUENO,SECO,NUBLADO,0,0,0,0,0
-8131466.12234209,-4414006.80890019,3325,1537197,-36.819713,-73.046203,2023/05/30 00:00:00+00,1899/12/30 00:00:00+00,8,REGION BIO BIO,CONCEPCION,CHOQUE POSTERIOR/FRENTE,CHOQUE,URBANA,TRAMO DE VIA RECTA,CONDUCCION NO ATENTO CONDICIONES TRANSITO MOMENTO,IMPRUDENCIA DEL CONDUCTOR,LOS CARRERA,HERAS,HERAS - LOS CARRERA,0,UNIDIRECCIONAL,ASFALTO,BUENO,SECO,DESPEJADO,0,0,0,0,0
-8132071.92301099,-4412481.59024519,3326,1535374,-36.808744,-73.051645,2023/05/30 00:00:00+00,1899/12/30 00:00:00+00,8,REGION BIO BIO,CONCEPCION,CHOQUE LATERAL,CHOQUE,URBANA,TRAMO DE VIA RECTA,CONDUCCION CAMBIAR SORPRESIVAMENTE PISTA CIRCULACION,IMPRUDENCIA DEL CONDUCTOR,PAICAVI,JUAN DE DIOS RIVERA,JUAN DE DIOS RIVERA - PAICAVI,0,BIDIRECCIONAL CON BANDEJON,CONCRETO,BUENO,MOJADO,LLOVIZNA,0,0,0,0,0
-8133431.13399357,-4415621.39554168,3327,1534936,-36.831323,-73.063855,2023/05/30 00:00:00+00,1899/12/30 00:00:00+00,8,REGION BIO BIO,CONCEPCION,COLISION PERPENDICULAR,COLISION,URBANA,CRUCE CON SEÑAL PARE,CONDUCCION NO ATENTO CONDICIONES TRANSITO MOMENTO,IMPRUDENCIA DEL CONDUCTOR,LOS CARRERA PONIENTE, ,- LOS CARRERA PONIENTE,301,BIDIRECCIONAL CON BANDEJON,CONCRETO,BUENO,MOJADO,LLOVIZNA,0,1,0,0,1
-8131104.22267752,-4413996.24049232,3328,1535357,-36.819637,-73.042952,2023/05/30 00:00:00+00,1899/12/30 00:00:00+00,8,REGION BIO BIO,CONCEPCION,ATROPELLO,ATROPELLO,URBANA,CRUCE CON SEMAFORO FUNCIONANDO,NO RESPETAR DERECHO PREFERENTE DE PASO A PEATON,IMPRUDENCIA DEL CONDUCTOR,JANEQUEO,LOS CARRERA,JANEQUEO - LOS CARRERA,0,UNIDIRECCIONAL,CONCRETO,BUENO,MOJADO,NUBLADO,0,1,0,0,1
-8120905.6875285,-4386009.91889457,3329,1534830,-36.618116,-72.951337,2023/05/31 00:00:00+00,1899/12/30 00:00:00+00,8,REGION BIO BIO,TOME,ATROPELLO,ATROPELLO,URBANA,TRAMO DE VIA RECTA,NO RESPETAR DERECHO PREFERENTE DE PASO A PEATON,IMPRUDENCIA DEL CONDUCTOR,MANUEL MONTT,QUINTA HANS,MANUEL MONTT - QUINTA HANS,0,UNIDIRECCIONAL,CONCRETO,MALO,HUMEDO,DESPEJADO,0,1,0,0,1
-8172815.63587776,-4516557.65450533,3330,1536095,-37.553619,-73.417652,2023/05/31 00:00:00+00,1899/12/30 00:00:00+00,8,REGION BIO BIO,LAJA,COLISION,COLISION,URBANA,CRUCE CON SEMAFORO FUNCIONANDO,CONDUCCION NO ATENTO CONDICIONES TRANSITO MOMENTO,IMPRUDENCIA DEL CONDUCTOR,CELULOSA,LOS RIOS,CELULOSA - LOS RIOS,0,BIDIRECCIONAL,ASFALTO,BUENO,SECO,NUBLADO,0,0,0,0,0
-8130659.94658977,-4420599.0908597,3331,1534763,-36.867105,-73.038961,2023/05/31 00:00:00+00,1899/12/30 00:00:00+00,8,REGION BIO BIO,CHIGUAYANTE,VOLCADURA,VOLCADURA,URBANA,TRAMO DE VIA RECTA,VELOCIDAD NO RAZONABLE NI PRUDENTE,VELOCIDAD IMPRUDENTE,COSTANERA,PASCUAL BINIMELIS,COSTANERA - PASCUAL BINIMELIS,0,UNIDIRECCIONAL,CONCRETO,BUENO,SECO,DESPEJADO,0,1,0,1,0
-8054590.66311211,-4505059.26275915,3332,1534860,-37.471686,-72.355619,2023/05/31 00:00:00+00,1899/12/30 00:00:00+00,8,REGION BIO BIO,LOS ANGELES,COLISION LATERAL,COLISION,URBANA,OTROS NO CONSIDERADOS,CONDUCCION NO ATENTO CONDICIONES TRANSITO MOMENTO,IMPRUDENCIA DEL CONDUCTOR,ERCILLA, ,- ERCILLA,190,BIDIRECCIONAL,CONCRETO,BUENO,SECO,DESPEJADO,0,0,0,0,0
-8132231.55516079,-4414582.52487135,3333,1535379,-36.823853,-73.053079,2023/05/31 00:00:00+00,1899/12/30 00:00:00+00,8,REGION BIO BIO,CONCEPCION,COLISION LATERAL,COLISION,URBANA,CRUCE CON SEMAFORO FUNCIONANDO,VIRAJES INDEBIDOS,IMPRUDENCIA DEL CONDUCTOR,CAUPOLICAN,LOS CARRERA,CAUPOLICAN - LOS CARRERA,0,UNIDIRECCIONAL,CONCRETO,BUENO,SECO,NUBLADO,0,0,0,0,0
-8169768.93273424,-4532741.04559651,3334,1536284,-37.668783,-73.390283,2023/05/31 00:00:00+00,1899/12/30 00:00:00+00,8,REGION BIO BIO,LOS ALAMOS,COLISION FRONTAL,COLISION,URBANA,CRUCE CON SEÑAL CEDA EL PASO,SEÑALIZACION DESOBEDECER SEÑAL CEDA EL PASO,DESOBEDIENCIA A SEÑALIZACION,LOS PEUMOS,DIEGO DE ALMAGRO,DIEGO DE ALMAGRO - LOS PEUMOS,0,UNIDIRECCIONAL,ASFALTO,BUENO,HUMEDO,DESPEJADO,0,1,0,0,1
-8053918.18206823,-4504478.73450391,3335,1534837,-37.467547,-72.349578,2023/05/31 00:00:00+00,1899/12/30 00:00:00+00,8,REGION BIO BIO,LOS ANGELES,COLISION POR ALCANCE,COLISION,URBANA,CRUCE CON SEMAFORO FUNCIONANDO,CONDUCCION NO ATENTO CONDICIONES TRANSITO MOMENTO,IMPRUDENCIA DEL CONDUCTOR,ALMAGRO,RENGO,ALMAGRO - RENGO,0,UNIDIRECCIONAL,CONCRETO,BUENO,SECO,DESPEJADO,0,0,0,0,0
-8131943.01504065,-4415144.92097996,3336,1538741,-36.827897,-73.050487,2023/05/31 00:00:00+00,1899/12/30 00:00:00+00,8,REGION BIO BIO,CONCEPCION,CHOQUE LATERAL,CHOQUE,URBANA,CRUCE CON SEÑAL PARE,CONDUCCION NO ATENTO CONDICIONES TRANSITO MOMENTO,IMPRUDENCIA DEL CONDUCTOR,CAUPOLICAN,O'HIGGINS,CAUPOLICAN - O'HIGGINS,0,UNIDIRECCIONAL,ASFALTO,REGULAR,SECO,DESPEJADO,0,0,0,0,0
-8199321.36323309,-4524775.21995602,3337,1536285,-37.612119,-73.655757,2023/05/31 00:00:00+00,1899/12/30 00:00:00+00,8,REGION BIO BIO,LEBU,COLISION LATERAL,COLISION,URBANA,CRUCE CON SEÑAL CEDA EL PASO,SEÑALIZACION DESOBEDECER SEÑAL CEDA EL PASO,DESOBEDIENCIA A SEÑALIZACION,ELEUTERIO RAMIREZ,CHORRILLOS,CHORRILLOS - ELEUTERIO RAMIREZ,0,UNIDIRECCIONAL,ASFALTO,BUENO,SECO,NUBLADO,0,0,0,0,0
-8132504.06527425,-4415435.03108838,3338,1535405,-36.829983,-73.055527,2023/05/31 00:00:00+00,1899/12/30 00:00:00+00,8,REGION BIO BIO,CONCEPCION,ATROPELLO,ATROPELLO,URBANA,CRUCE CON SEMAFORO FUNCIONANDO,NO RESPETAR DERECHO PREFERENTE DE PASO A PEATON,IMPRUDENCIA DEL CONDUCTOR,SALAS,O'HIGGINS,O'HIGGINS - SALAS,0,UNIDIRECCIONAL,CONCRETO,BUENO,SECO,DESPEJADO,0,1,0,0,1
-8121446.70025375,-4388025.46550257,3339,1535416,-36.632647,-72.956197,2023/05/31 00:00:00+00,1899/12/30 00:00:00+00,8,REGION BIO BIO,TOME,COLISION LATERAL,COLISION,URBANA,CRUCE CON SEMAFORO FUNCIONANDO,ADELANTAMIENTO SIN EFECTUAR LA SEÑAL RESPECTIVA,IMPRUDENCIA DEL CONDUCTOR,LATORRE,CARACOL,CARACOL - LATORRE,0,BIDIRECCIONAL CON BANDEJON,CONCRETO,BUENO,HUMEDO,NUBLADO,0,1,0,0,1
-8054627.0645856,-4505212.57022224,3340,1535260,-37.472779,-72.355946,2023/05/31 00:00:00+00,1899/12/30 00:00:00+00,8,REGION BIO BIO,LOS ANGELES,ATROPELLO,ATROPELLO,URBANA,TRAMO DE VIA RECTA,CONDUCCION NO ATENTO CONDICIONES TRANSITO MOMENTO,IMPRUDENCIA DEL CONDUCTOR,RICARDO VICUÑA,LORD COCHRANE,LORD COCHRANE - RICARDO VICUÑA,0,UNIDIRECCIONAL,CONCRETO,BUENO,SECO,NUBLADO,0,0,0,0,0
-8052844.95085749,-4504101.59771023,3341,1534848,-37.464858,-72.339937,2023/05/31 00:00:00+00,1899/12/30 00:00:00+00,8,REGION BIO BIO,LOS ANGELES,COLISION,COLISION,URBANA,TRAMO DE VIA RECTA,CONDUCCION NO ATENTO CONDICIONES TRANSITO MOMENTO,IMPRUDENCIA DEL CONDUCTOR,MARCONI, ,- MARCONI,760,BIDIRECCIONAL CON BANDEJON,CONCRETO,BUENO,SECO,DESPEJADO,0,0,0,0,0
-8130891.04585265,-4421086.66358789,3342,1534776,-36.870609,-73.041037,2023/05/31 00:00:00+00,1899/12/30 00:00:00+00,8,REGION BIO BIO,CHIGUAYANTE,CHOQUE FRENTE/POSTERIOR,CHOQUE,URBANA,TRAMO DE VIA RECTA,CONDUCCION EN ESTADO DE EBRIEDAD,ALCOHOL EN CONDUCTOR,CUATRO, ,- CUATRO,948,BIDIRECCIONAL,CONCRETO,BUENO,SECO,DESPEJADO,0,1,0,0,1
-8138522.10826602,-4410456.27523283,3343,1536508,-36.794176,-73.109588,2023/05/31 00:00:00+00,1899/12/30 00:00:00+00,8,REGION BIO BIO,HUALPEN,COLISION,COLISION,URBANA,TRAMO DE VIA RECTA,CONDUCCION NO ATENTO CONDICIONES TRANSITO MOMENTO,IMPRUDENCIA DEL CONDUCTOR,AVENIDA UNO,CALLE DOS,AVENIDA UNO - CALLE DOS,0,BIDIRECCIONAL,CONCRETO,BUENO,MOJADO,NUBLADO,0,0,0,0,0
-8128389.91953351,-4430829.86700431,3344,1537529,-36.940596,-73.018569,2023/06/01 00:00:00+00,1899/12/30 00:00:00+00,8,REGION BIO BIO,CHIGUAYANTE,CHOQUE FRONTAL,CHOQUE,URBANA,CRUCE CON SEMAFORO FUNCIONANDO,CONDUCCION NO ATENTO CONDICIONES TRANSITO MOMENTO,IMPRUDENCIA DEL CONDUCTOR,MANQUIMAVIDA,MANUEL RODRIGUEZ,MANQUIMAVIDA - MANUEL RODRIGUEZ,0,BIDIRECCIONAL,CONCRETO,BUENO,SECO,NEBLINA,0,0,0,0,0
-8138562.73988017,-4409413.73853343,3345,1536486,-36.786676,-73.109953,2023/06/01 00:00:00+00,1899/12/30 00:00:00+00,8,REGION BIO BIO,HUALPEN,COLISION,COLISION,URBANA,CRUCE CON SEÑAL PARE,CONDUCCION NO ATENTO CONDICIONES TRANSITO MOMENTO,IMPRUDENCIA DEL CONDUCTOR,CAMINO A DESEMBOCADURA,COSTANERA,CAMINO A DESEMBOCADURA - COSTANERA,0,BIDIRECCIONAL CON BANDEJON,CONCRETO,BUENO,MOJADO,NEBLINA,0,1,1,0,0
-8132747.18704214,-4416518.49399737,3346,1535497,-36.837773,-73.057711,2023/06/01 00:00:00+00,1899/12/30 00:00:00+00,8,REGION BIO BIO,CONCEPCION,COLISION,COLISION,URBANA,TRAMO DE VIA RECTA,CONDUCCION NO ATENTO CONDICIONES TRANSITO MOMENTO,IMPRUDENCIA DEL CONDUCTOR,ERRAZURIZ SUR,ARTEAGA ALEMPARTE,ARTEAGA ALEMPARTE - ERRAZURIZ SUR,0,UNIDIRECCIONAL,CONCRETO,BUENO,SECO,NUBLADO,0,0,0,0,0
-8170287.34760287,-4551190.91418159,3347,1538264,-37.799858,-73.39494,2023/06/01 00:00:00+00,1899/12/30 00:00:00+00,8,REGION BIO BIO,CAÑETE,COLISION,COLISION,URBANA,TRAMO DE VIA RECTA,CONDUCCION NO ATENTO CONDICIONES TRANSITO MOMENTO,IMPRUDENCIA DEL CONDUCTOR,ESMERALDA,MARIQUEO,ESMERALDA - MARIQUEO,0,BIDIRECCIONAL,ASFALTO,BUENO,SECO,DESPEJADO,0,2,0,0,2
-8131805.09019156,-4415115.43755746,3348,1536170,-36.827685,-73.049248,2023/06/01 00:00:00+00,1899/12/30 00:00:00+00,8,REGION BIO BIO,CONCEPCION,CHOQUE FRONTAL,CHOQUE,URBANA,TRAMO DE VIA RECTA,FALLAS MECANICAS NEUMATICOS,FALLAS MECANICAS,ANIBAL PINTO, ,- ANIBAL PINTO,385,BIDIRECCIONAL,CONCRETO,BUENO,SECO,LLUVIA,0,1,1,0,0
-8132384.61946063,-4409074.44959985,3349,1536139,-36.784235,-73.054454,2023/06/01 00:00:00+00,1899/12/30 00:00:00+00,8,REGION BIO BIO,CONCEPCION,CHOQUE POSTERIOR,CHOQUE,URBANA,TRAMO DE VIA RECTA,CONDUCCION NO ATENTO CONDICIONES TRANSITO MOMENTO,IMPRUDENCIA DEL CONDUCTOR,RAMON CARRASCO, ,- RAMON CARRASCO,58,BIDIRECCIONAL,CONCRETO,BUENO,SECO,DESPEJADO,0,0,0,0,0
-8161642.60990633,-4473932.49367627,3350,1536352,-37.249438,-73.317283,2023/06/01 00:00:00+00,1899/12/30 00:00:00+00,8,REGION BIO BIO,ARAUCO,CHOQUE,CHOQUE,URBANA,OTROS NO CONSIDERADOS,VELOCIDAD NO RAZONABLE NI PRUDENTE,VELOCIDAD IMPRUDENTE,CAUPOLICAN, ,- CAUPOLICAN,621,BIDIRECCIONAL,ASFALTO,BUENO,SECO,DESPEJADO,0,0,0,0,0
-8131007.15208155,-4420350.30380324,3351,1537551,-36.865317,-73.04208,2023/06/01 00:00:00+00,1899/12/30 00:00:00+00,8,REGION BIO BIO,CHIGUAYANTE,CHOQUE FRONTAL,CHOQUE,URBANA,TRAMO DE VIA RECTA,CONDUCCION NO ATENTO CONDICIONES TRANSITO MOMENTO,IMPRUDENCIA DEL CONDUCTOR,RAFAEL SOTOMAYOR, ,- RAFAEL SOTOMAYOR,72,BIDIRECCIONAL,CONCRETO,BUENO,HUMEDO,NUBLADO,0,0,0,0,0
-8132340.2029838,-4412988.39633974,3352,1536148,-36.812389,-73.054055,2023/06/01 00:00:00+00,1899/12/30 00:00:00+00,8,REGION BIO BIO,CONCEPCION,COLISION POR ALCANCE,COLISION,URBANA,TRAMO DE VIA RECTA,CONDUCCION NO ATENTO CONDICIONES TRANSITO MOMENTO,IMPRUDENCIA DEL CONDUCTOR,BRASIL,TUCAPEL,BRASIL - TUCAPEL,0,BIDIRECCIONAL,CONCRETO,BUENO,SECO,DESPEJADO,0,0,0,0,0
-8138667.491521,-4409042.34211224,3353,1535423,-36.784004,-73.110894,2023/06/01 00:00:00+00,1899/12/30 00:00:00+00,8,REGION BIO BIO,TALCAHUANO,CHOQUE FRENTE/POSTERIOR,CHOQUE,URBANA,TRAMO DE VIA RECTA,CONDUCCION SIN MANTENER DISTANCIA RAZONABLE NI PRUDENTE,IMPRUDENCIA DEL CONDUCTOR,GRAN BRETAÑA, ,- GRAN BRETAÑA,2900,BIDIRECCIONAL CON BANDEJON,CONCRETO,BUENO,SECO,DESPEJADO,0,1,1,0,0
-8131948.58101519,-4414784.17188789,3354,1535470,-36.825303,-73.050537,2023/06/01 00:00:00+00,1899/12/30 00:00:00+00,8,REGION BIO BIO,CONCEPCION,CHOQUE LATERAL,CHOQUE,URBANA,CRUCE CON SEMAFORO FUNCIONANDO,ADELANTAMIENTO SIN EL ESPACIO O TIEMPO SUFICIENTE,IMPRUDENCIA DEL CONDUCTOR,FREIRE,ANIBAL PINTO,ANIBAL PINTO - FREIRE,0,UNIDIRECCIONAL,CONCRETO,BUENO,SECO,NUBLADO,0,0,0,0,0
-8132288.99601804,-4415496.64225913,3355,1535482,-36.830426,-73.053595,2023/06/01 00:00:00+00,1899/12/30 00:00:00+00,8,REGION BIO BIO,CONCEPCION,COLISION,COLISION,URBANA,CRUCE CON SEMAFORO FUNCIONANDO,CONDUCCION NO ATENTO CONDICIONES TRANSITO MOMENTO,IMPRUDENCIA DEL CONDUCTOR,ANGOL,SAN MARTIN,ANGOL - SAN MARTIN,0,UNIDIRECCIONAL,CONCRETO,BUENO,SECO,NUBLADO,0,0,0,0,0
-8055804.7134787,-4503825.59098117,3356,1535666,-37.46289,-72.366525,2023/06/01 00:00:00+00,1899/12/30 00:00:00+00,8,REGION BIO BIO,LOS ANGELES,CHOQUE FRONTAL,CHOQUE,URBANA,TRAMO DE VIA RECTA,VELOCIDAD NO RAZONABLE NI PRUDENTE,VELOCIDAD IMPRUDENTE,BOMBERO FRANCISCO RIOSECO, ,- BOMBERO FRANCISCO RIOSECO,1255,BIDIRECCIONAL,ASFALTO,BUENO,MOJADO,LLUVIA,0,2,1,0,1
-8131906.05696971,-4412789.84227066,3357,1536166,-36.810961,-73.050155,2023/06/01 00:00:00+00,1899/12/30 00:00:00+00,8,REGION BIO BIO,CONCEPCION,COLISION POR ALCANCE,COLISION,URBANA,ROTONDA,CONDUCCION NO ATENTO CONDICIONES TRANSITO MOMENTO,IMPRUDENCIA DEL CONDUCTOR,PAICAVI,LOS CARRERA,LOS CARRERA - PAICAVI,0,BIDIRECCIONAL CON BANDEJON,CONCRETO,BUENO,SECO,DESPEJADO,0,0,0,0,0
-8139661.68589327,-4416412.08999394,3358,1548468,-36.837008,-73.119825,2023/06/01 00:00:00+00,1899/12/30 00:00:00+00,8,REGION BIO BIO,SAN PEDRO DE LA PAZ,COLISION LATERAL,COLISION,URBANA,TRAMO DE VIA RECTA,CONDUCCION NO ATENTO CONDICIONES TRANSITO MOMENTO,IMPRUDENCIA DEL CONDUCTOR,PEDRO AGUIRRE CERDA,LOS CLAVELES,LOS CLAVELES - PEDRO AGUIRRE CERDA,0,BIDIRECCIONAL,CONCRETO,BUENO,SECO,NUBLADO,0,0,0,0,0
-8139345.09326146,-4400814.20065655,3359,1537446,-36.724783,-73.116981,2023/06/01 00:00:00+00,1899/12/30 00:00:00+00,8,REGION BIO BIO,TALCAHUANO,VOLCADURA,VOLCADURA,URBANA,TRAMO DE VIA RECTA,VELOCIDAD NO RAZONABLE NI PRUDENTE,VELOCIDAD IMPRUDENTE,LAS GOLONDRINAS, ,- LAS GOLONDRINAS,186,BIDIRECCIONAL CON BANDEJON,CONCRETO,BUENO,SECO,DESPEJADO,0,1,0,0,1
-8055191.00912596,-4504707.35136202,3360,1535549,-37.469177,-72.361012,2023/06/01 00:00:00+00,1899/12/30 00:00:00+00,8,REGION BIO BIO,LOS ANGELES,ATROPELLO,ATROPELLO,URBANA,CRUCE CON SEÑAL PARE,CONDUCCION NO ATENTO CONDICIONES TRANSITO MOMENTO,IMPRUDENCIA DEL CONDUCTOR,LINARES,21 DE MAYO,21 DE MAYO - LINARES,0,BIDIRECCIONAL,ASFALTO,REGULAR,MOJADO,LLUVIA,0,1,0,1,0