X,Y,FID,Idaccident,Latitude,Longitude,Fecha,Hora,Cód_Regi,Región,Comuna,Tipo_Accid,Tipo__CONA,Zona,Ubicación,Causa,Causa__CON,Calle_Uno,Calle_Dos,Intersecci,Número,Calzada,Tipo_Calza,Estado_Cal,Condición,Estado_Atm,Fallecidos,Lesionados,Graves,Menos_Grav,Leves
-8053676.06217575,-4505229.26165502,3462,1538448,-37.472898,-72.347403,2023/06/06 00:00:00+00,1899/12/30 00:00:00+00,8,REGION BIO BIO,LOS ANGELES,COLISION LATERAL,COLISION,URBANA,TRAMO DE VIA RECTA,CONDUCCION NO ATENTO CONDICIONES TRANSITO MOMENTO,IMPRUDENCIA DEL CONDUCTOR,RICARDO VICUÑA,JOSE MANSO DE VELASCO,JOSE MANSO DE VELASCO - RICARDO VICUÑA,0,BIDIRECCIONAL CON BANDEJON,CONCRETO,BUENO,MOJADO,LLUVIA,0,0,0,0,0
-8126975.93936145,-4415552.69065439,3463,1536759,-36.830829,-73.005867,2023/06/06 00:00:00+00,1899/12/30 00:00:00+00,8,REGION BIO BIO,CONCEPCION,CAIDA,CAIDA,URBANA,TRAMO DE VIA RECTA,PASAJERO SUBE O DESCIENDE DE VEHICULO MOVIMIENTO,IMPRUDENCIA DEL PASAJERO,CAMINO NONGUEN,RIO LOA,CAMINO NONGUEN - RIO LOA,0,BIDIRECCIONAL,CONCRETO,BUENO,SECO,DESPEJADO,0,1,0,0,1
-8139118.22413922,-4416713.08394078,3464,1541495,-36.839172,-73.114943,2023/06/06 00:00:00+00,1899/12/30 00:00:00+00,8,REGION BIO BIO,SAN PEDRO DE LA PAZ,CHOQUE FRENTE/LADO,CHOQUE,URBANA,TRAMO DE VIA RECTA,VELOCIDAD NO RAZONABLE NI PRUDENTE,VELOCIDAD IMPRUDENTE,LOS AVELLANOS,ANTONIO DE LAS PEÑAS,ANTONIO DE LAS PEÑAS - LOS AVELLANOS,0,BIDIRECCIONAL,CONCRETO,REGULAR,SECO,NUBLADO,0,0,0,0,0
-8129876.92529153,-4413466.72107009,3465,1536778,-36.815829,-73.031927,2023/06/06 00:00:00+00,1899/12/30 00:00:00+00,8,REGION BIO BIO,CONCEPCION,COLISION,COLISION,URBANA,CRUCE CON SEÑAL CEDA EL PASO,SEÑALIZACION DESOBEDECER SEÑAL CEDA EL PASO,DESOBEDIENCIA A SEÑALIZACION,JUAN BOSCO,PADRE KORDA,JUAN BOSCO - PADRE KORDA,0,UNIDIRECCIONAL,CONCRETO,BUENO,SECO,DESPEJADO,0,0,0,0,0
-8135224.49099025,-4412043.07297478,3466,1536745,-36.80559,-73.079965,2023/06/06 00:00:00+00,1899/12/30 00:00:00+00,8,REGION BIO BIO,HUALPEN,COLISION,COLISION,URBANA,TRAMO DE VIA RECTA,CONDUCCION CAMBIAR SORPRESIVAMENTE PISTA CIRCULACION,IMPRUDENCIA DEL CONDUCTOR,CRISTOBAL COLON,CERRO VERDE,CERRO VERDE - CRISTOBAL COLON,0,BIDIRECCIONAL,CONCRETO,BUENO,HUMEDO,NUBLADO,0,0,0,0,0
-8131667.9445789,-4415001.39867344,3467,1536730,-36.826865,-73.048016,2023/06/06 00:00:00+00,1899/12/30 00:00:00+00,8,REGION BIO BIO,CONCEPCION,CHOQUE LATERAL,CHOQUE,URBANA,TRAMO DE VIA RECTA,ADELANTAMIENTO SOBREPASANDO LINEA CONTINUA,IMPRUDENCIA DEL CONDUCTOR,COLO COLO,O'HIGGINS,COLO COLO - O'HIGGINS,0,UNIDIRECCIONAL,CONCRETO,BUENO,SECO,NUBLADO,0,0,0,0,0
-8133809.95422074,-4413453.92838476,3468,1536379,-36.815737,-73.067258,2023/06/06 00:00:00+00,1899/12/30 00:00:00+00,8,REGION BIO BIO,CONCEPCION,COLISION POR ALCANCE,COLISION,URBANA,CRUCE CON SEMAFORO FUNCIONANDO,CONDUCCION SIN MANTENER DISTANCIA RAZONABLE NI PRUDENTE,IMPRUDENCIA DEL CONDUCTOR,21 DE MAYO,ARGOMEDO,21 DE MAYO - ARGOMEDO,0,BIDIRECCIONAL CON BANDEJON,CONCRETO,BUENO,SECO,DESPEJADO,0,2,0,1,1
-8054546.13531579,-4504291.07604748,3469,1538420,-37.466209,-72.355219,2023/06/06 00:00:00+00,1899/12/30 00:00:00+00,8,REGION BIO BIO,LOS ANGELES,COLISION FRONTAL,COLISION,URBANA,CRUCE CON SEMAFORO FUNCIONANDO,CONDUCCION NO ATENTO CONDICIONES TRANSITO MOMENTO,IMPRUDENCIA DEL CONDUCTOR,ERCILLA,TUCAPEL,ERCILLA - TUCAPEL,0,UNIDIRECCIONAL,CONCRETO,REGULAR,HUMEDO,DESPEJADO,0,1,0,0,1
-8138941.22614886,-4398510.60861184,3470,1537499,-36.708195,-73.113353,2023/06/07 00:00:00+00,1899/12/30 00:00:00+00,8,REGION BIO BIO,TALCAHUANO,COLISION LATERAL,COLISION,URBANA,TRAMO DE VIA RECTA,ADELANTAMIENTO SIN EL ESPACIO O TIEMPO SUFICIENTE,IMPRUDENCIA DEL CONDUCTOR,ALMIRANTE VILLARROEL, ,- ALMIRANTE VILLARROEL,107,BIDIRECCIONAL,CONCRETO,BUENO,SECO,DESPEJADO,0,0,0,0,0
-8138992.54443412,-4398389.11030113,3471,1537877,-36.70732,-73.113814,2023/06/07 00:00:00+00,1899/12/30 00:00:00+00,8,REGION BIO BIO,TALCAHUANO,CHOQUE FRENTE/POSTERIOR,CHOQUE,URBANA,TRAMO DE VIA RECTA,ADELANTAMIENTO SIN EL ESPACIO O TIEMPO SUFICIENTE,IMPRUDENCIA DEL CONDUCTOR,ALMIRANTE VILLARROEL, ,- ALMIRANTE VILLARROEL,36,BIDIRECCIONAL CON BANDEJON,CONCRETO,BUENO,SECO,DESPEJADO,0,0,0,0,0
-8131182.59159904,-4414007.2260744,3472,1536382,-36.819716,-73.043656,2023/06/07 00:00:00+00,1899/12/30 00:00:00+00,8,REGION BIO BIO,CONCEPCION,COLISION LATERAL,COLISION,URBANA,CRUCE CON SEMAFORO FUNCIONANDO,ADELANTAMIENTO SIN EL ESPACIO O TIEMPO SUFICIENTE,IMPRUDENCIA DEL CONDUCTOR,LOS CARRERA,PAICAVI,LOS CARRERA - PAICAVI,0,BIDIRECCIONAL CON BANDEJON,CONCRETO,BUENO,SECO,NUBLADO,0,0,0,0,0
-8136309.52206702,-4416653.27392954,3473,1541496,-36.838742,-73.089712,2023/06/07 00:00:00+00,1899/12/30 00:00:00+00,8,REGION BIO BIO,SAN PEDRO DE LA PAZ,CHOQUE POSTERIOR/FRENTE,CHOQUE,URBANA,PUENTE,CONDUCCION NO ATENTO CONDICIONES TRANSITO MOMENTO,IMPRUDENCIA DEL CONDUCTOR,PUENTE LLACOLEN, ,- PUENTE LLACOLEN,16,BIDIRECCIONAL CON BANDEJON,CONCRETO,REGULAR,SECO,NUBLADO,0,0,0,0,0
-8132399.53627239,-4409308.23950562,3474,1536386,-36.785917,-73.054588,2023/06/07 00:00:00+00,1899/12/30 00:00:00+00,8,REGION BIO BIO,CONCEPCION,COLISION POR ALCANCE,COLISION,URBANA,TRAMO DE VIA RECTA,CONDUCCION SIN MANTENER DISTANCIA RAZONABLE NI PRUDENTE,IMPRUDENCIA DEL CONDUCTOR,RAMON CARRASCO,CALLE B-20,CALLE B-20 - RAMON CARRASCO,0,BIDIRECCIONAL,CONCRETO,REGULAR,SECO,DESPEJADO,0,0,0,0,0
-8139345.09326146,-4400814.20065655,3475,1537502,-36.724783,-73.116981,2023/06/07 00:00:00+00,1899/12/30 00:00:00+00,8,REGION BIO BIO,TALCAHUANO,COLISION LATERAL,COLISION,URBANA,TRAMO DE VIA RECTA,ADELANTAMIENTO SIN EL ESPACIO O TIEMPO SUFICIENTE,IMPRUDENCIA DEL CONDUCTOR,CRISTOBAL COLON, ,- CRISTOBAL COLON,3554,BIDIRECCIONAL CON BANDEJON,CONCRETO,BUENO,SECO,DESPEJADO,0,0,0,0,0
-8131906.05696971,-4412789.84227066,3476,1536400,-36.810961,-73.050155,2023/06/07 00:00:00+00,1899/12/30 00:00:00+00,8,REGION BIO BIO,CONCEPCION,ATROPELLO,ATROPELLO,URBANA,CRUCE CON SEMAFORO FUNCIONANDO,IMPRUDENCIA DEL PEATON,IMPRUDENCIA DEL PEATON,PAICAVI,JOSE JOAQUIN PRIETO,JOSE JOAQUIN PRIETO - PAICAVI,0,BIDIRECCIONAL CON BANDEJON,CONCRETO,BUENO,SECO,DESPEJADO,0,1,0,0,1
-8088114.86172298,-4509219.13629793,3477,1536807,-37.501338,-72.656772,2023/06/07 00:00:00+00,1899/12/30 00:00:00+00,8,REGION BIO BIO,NACIMIENTO,CHOQUE,CHOQUE,URBANA,TRAMO DE VIA CURVA VERTICAL,"VELOCIDAD NO REDUCIR CRUCE DE CALLES, CUMBRE, CURVA, ETC.",VELOCIDAD IMPRUDENTE,CAMINO VECINAL LA SUERTE,CAMINO VECINAL LA HIGUERA,CAMINO VECINAL LA HIGUERA - CAMINO VECINAL LA SUERTE,0,BIDIRECCIONAL,ASFALTO,BUENO,SECO,NUBLADO,0,2,0,0,2
-8132348.88590408,-4416742.29360337,3478,1536784,-36.839382,-73.054133,2023/06/07 00:00:00+00,1899/12/30 00:00:00+00,8,REGION BIO BIO,CONCEPCION,ATROPELLO,ATROPELLO,URBANA,CRUCE CON SEMAFORO FUNCIONANDO,NO RESPETAR DERECHO PREFERENTE DE PASO A PEATON,IMPRUDENCIA DEL CONDUCTOR,PEDRO DE VALDIVIA, ,- PEDRO DE VALDIVIA,431,BIDIRECCIONAL CON BANDEJON,CONCRETO,BUENO,HUMEDO,DESPEJADO,0,1,1,0,0
-8051648.26633146,-4506837.37438701,3479,1538471,-37.484362,-72.329187,2023/06/07 00:00:00+00,1899/12/30 00:00:00+00,8,REGION BIO BIO,LOS ANGELES,CHOQUE FRENTE/POSTERIOR,CHOQUE,URBANA,CRUCE CON SEMAFORO FUNCIONANDO,CONDUCCION NO ATENTO CONDICIONES TRANSITO MOMENTO,IMPRUDENCIA DEL CONDUCTOR,FRANCISCO ENCINA,PUERTO ALEGRE,FRANCISCO ENCINA - PUERTO ALEGRE,0,UNIDIRECCIONAL,CONCRETO,BUENO,SECO,NUBLADO,0,0,0,0,0
-8053179.57724682,-4505895.53802737,3480,1538510,-37.477648,-72.342943,2023/06/08 00:00:00+00,1899/12/30 00:00:00+00,8,REGION BIO BIO,LOS ANGELES,CHOQUE POSTERIOR/FRENTE,CHOQUE,URBANA,TRAMO DE VIA RECTA,CONDUCCION NO ATENTO CONDICIONES TRANSITO MOMENTO,IMPRUDENCIA DEL CONDUCTOR,CARLOS CONDELL, ,- CARLOS CONDELL,382,UNIDIRECCIONAL,CONCRETO,BUENO,MOJADO,LLUVIA,0,0,0,0,0
-8130732.19293929,-4414524.2565485,3481,1537091,-36.823434,-73.03961,2023/06/08 00:00:00+00,1899/12/30 00:00:00+00,8,REGION BIO BIO,CONCEPCION,OTRO TIPO,OTRO TIPO,URBANA,TRAMO DE VIA RECTA,OTRAS CAUSAS,OTRAS CAUSAS,O'HIGGINS, ,- O'HIGGINS,1472,UNIDIRECCIONAL,CONCRETO,BUENO,SECO,LLUVIA,0,0,0,0,0
-8056993.82827936,-4503447.35575406,3482,1538485,-37.460193,-72.377207,2023/06/08 00:00:00+00,1899/12/30 00:00:00+00,8,REGION BIO BIO,LOS ANGELES,COLISION LATERAL,COLISION,URBANA,CRUCE SIN SEÑALIZACION,CONDUCCION NO ATENTO CONDICIONES TRANSITO MOMENTO,IMPRUDENCIA DEL CONDUCTOR,LAGO VILLARRICA,LAS TRANCAS,LAGO VILLARRICA - LAS TRANCAS,0,BIDIRECCIONAL,CONCRETO,BUENO,MOJADO,LLUVIA,0,0,0,0,0
-8053678.51120455,-4495728.6987373,3483,1538486,-37.405134,-72.347425,2023/06/08 00:00:00+00,1899/12/30 00:00:00+00,8,REGION BIO BIO,LOS ANGELES,COLISION LATERAL,COLISION,URBANA,TRAMO DE VIA RECTA,VELOCIDAD NO RAZONABLE NI PRUDENTE,VELOCIDAD IMPRUDENTE,LAS INDUSTRIAS, ,- LAS INDUSTRIAS,1815,BIDIRECCIONAL,ASFALTO,BUENO,MOJADO,LLUVIA,0,0,0,0,0
-8130931.90010578,-4414208.027826,3484,1538531,-36.82116,-73.041404,2023/06/08 00:00:00+00,1899/12/30 00:00:00+00,8,REGION BIO BIO,CONCEPCION,COLISION LATERAL,COLISION,URBANA,TRAMO DE VIA RECTA,CONDUCCION NO ATENTO CONDICIONES TRANSITO MOMENTO,IMPRUDENCIA DEL CONDUCTOR,FREIRE, ,- FREIRE,1445,UNIDIRECCIONAL,CONCRETO,BUENO,SECO,NUBLADO,0,0,0,0,0
-8054993.4170298,-4504898.10298487,3485,1538504,-37.470537,-72.359237,2023/06/08 00:00:00+00,1899/12/30 00:00:00+00,8,REGION BIO BIO,LOS ANGELES,CHOQUE FRENTE/POSTERIOR,CHOQUE,URBANA,CRUCE CON SEÑAL CEDA EL PASO,CONDUCCION NO ATENTO CONDICIONES TRANSITO MOMENTO,IMPRUDENCIA DEL CONDUCTOR,URENDA, ,- URENDA,271,UNIDIRECCIONAL,ASFALTO,BUENO,MOJADO,LLUVIA,0,0,0,0,0
-8055832.09807344,-4506224.0629341,3486,1538502,-37.47999,-72.366771,2023/06/08 00:00:00+00,1899/12/30 00:00:00+00,8,REGION BIO BIO,LOS ANGELES,CHOQUE FRENTE/POSTERIOR,CHOQUE,URBANA,TRAMO DE VIA RECTA,CONDUCCION NO ATENTO CONDICIONES TRANSITO MOMENTO,IMPRUDENCIA DEL CONDUCTOR,VICUÑA MACKENNA, ,- VICUÑA MACKENNA,2083,BIDIRECCIONAL CON BANDEJON,CONCRETO,BUENO,MOJADO,LLUVIA,0,1,0,0,1
-8128518.15958691,-4413987.20173074,3487,1537096,-36.819572,-73.019721,2023/06/08 00:00:00+00,1899/12/30 00:00:00+00,8,REGION BIO BIO,CONCEPCION,COLISION LATERAL,COLISION,URBANA,TRAMO DE VIA RECTA,ADELANTAMIENTO SOBREPASANDO LINEA CONTINUA,IMPRUDENCIA DEL CONDUCTOR,GENERAL NOVOA,PUCHACAY,GENERAL NOVOA - PUCHACAY,0,UNIDIRECCIONAL,CONCRETO,BUENO,MOJADO,LLUVIA,0,0,0,0,0
-8138256.16600252,-4402048.96857039,3488,1537903,-36.733673,-73.107199,2023/06/08 00:00:00+00,1899/12/30 00:00:00+00,8,REGION BIO BIO,TALCAHUANO,COLISION LATERAL,COLISION,URBANA,CRUCE CON SEMAFORO FUNCIONANDO,SEÑALIZACION DESOBEDECER LUZ ROJA DE SEMAFORO,DESOBEDIENCIA A SEÑALIZACION,CRISTOBAL COLON, ,- CRISTOBAL COLON,2400,BIDIRECCIONAL CON BANDEJON,CONCRETO,BUENO,SECO,DESPEJADO,0,1,0,0,1
-8051758.36130786,-4507333.01574057,3489,1538487,-37.487895,-72.330176,2023/06/08 00:00:00+00,1899/12/30 00:00:00+00,8,REGION BIO BIO,LOS ANGELES,COLISION POR ALCANCE,COLISION,URBANA,TRAMO DE VIA RECTA,CONDUCCION EN ESTADO DE EBRIEDAD,ALCOHOL EN CONDUCTOR,TOLPAN,CORDOVA,CORDOVA - TOLPAN,0,UNIDIRECCIONAL,CONCRETO,BUENO,MOJADO,NUBLADO,0,1,0,0,1
-8132618.83566926,-4413665.28776618,3490,1536691,-36.817257,-73.056558,2023/06/08 00:00:00+00,1899/12/30 00:00:00+00,8,REGION BIO BIO,CONCEPCION,COLISION,COLISION,URBANA,CRUCE CON SEÑAL PARE,SEÑALIZACION DESOBEDECER SEÑAL PARE,DESOBEDIENCIA A SEÑALIZACION,MANUEL RODRIGUEZ,CAUPOLICAN,CAUPOLICAN - MANUEL RODRIGUEZ,0,BIDIRECCIONAL,CONCRETO,BUENO,HUMEDO,DESPEJADO,0,0,0,0,0
-8130358.82736717,-4410108.33463851,3491,1537130,-36.791673,-73.036256,2023/06/09 00:00:00+00,1899/12/30 00:00:00+00,8,REGION BIO BIO,CONCEPCION,ATROPELLO,ATROPELLO,URBANA,TRAMO DE VIA RECTA,NO RESPETAR DERECHO PREFERENTE DE PASO A PEATON,IMPRUDENCIA DEL CONDUCTOR,CAMPOS DEPORTIVOS, ,- CAMPOS DEPORTIVOS,198,BIDIRECCIONAL,CONCRETO,BUENO,SECO,NUBLADO,0,1,0,0,1
-8139820.76144562,-4415380.79130106,3492,1543708,-36.829593,-73.121254,2023/06/09 00:00:00+00,1899/12/30 00:00:00+00,8,REGION BIO BIO,SAN PEDRO DE LA PAZ,COLISION POR ALCANCE,COLISION,URBANA,TRAMO DE VIA RECTA,CONDUCCION SIN MANTENER DISTANCIA RAZONABLE NI PRUDENTE,IMPRUDENCIA DEL CONDUCTOR,DIAGONAL BIO BIO,LAS TORRES,DIAGONAL BIO BIO - LAS TORRES,0,BIDIRECCIONAL,ASFALTO,BUENO,SECO,DESPEJADO,0,1,0,0,1
-8160652.20039674,-4474121.56880271,3493,1542988,-37.25079,-73.308386,2023/06/09 00:00:00+00,1899/12/30 00:00:00+00,8,REGION BIO BIO,ARAUCO,ATROPELLO,ATROPELLO,URBANA,OTROS NO CONSIDERADOS,CONDUCCION NO ATENTO CONDICIONES TRANSITO MOMENTO,IMPRUDENCIA DEL CONDUCTOR,MANUEL MONTT,LOS TILOS,LOS TILOS - MANUEL MONTT,0,BIDIRECCIONAL,CONCRETO,BUENO,HUMEDO,DESPEJADO,0,0,0,0,0
-8143880.24931638,-4438198.85841913,3494,1537035,-36.993486,-73.157721,2023/06/09 00:00:00+00,1899/12/30 00:00:00+00,8,REGION BIO BIO,CORONEL,ATROPELLO,ATROPELLO,URBANA,TRAMO DE VIA RECTA,CONDUCCION NO ATENTO CONDICIONES TRANSITO MOMENTO,IMPRUDENCIA DEL CONDUCTOR,LAS TOSCAS, ,- LAS TOSCAS,597,BIDIRECCIONAL,ASFALTO,BUENO,SECO,DESPEJADO,1,0,0,0,0
-8053665.04154616,-4503223.81491113,3495,1538558,-37.458599,-72.347304,2023/06/09 00:00:00+00,1899/12/30 00:00:00+00,8,REGION BIO BIO,LOS ANGELES,CHOQUE FRENTE/POSTERIOR,CHOQUE,URBANA,TRAMO DE VIA RECTA,CONDUCCION NO ATENTO CONDICIONES TRANSITO MOMENTO,IMPRUDENCIA DEL CONDUCTOR,ALMAGRO, ,- ALMAGRO,1239,UNIDIRECCIONAL,ASFALTO,BUENO,SECO,DESPEJADO,0,0,0,0,0
-8138644.33706691,-4409153.25929794,3496,1537898,-36.784802,-73.110686,2023/06/09 00:00:00+00,1899/12/30 00:00:00+00,8,REGION BIO BIO,TALCAHUANO,VOLCADURA,VOLCADURA,URBANA,TRAMO DE VIA RECTA,VELOCIDAD NO RAZONABLE NI PRUDENTE,VELOCIDAD IMPRUDENTE,GRAN BRETAÑA, ,- GRAN BRETAÑA,2990,BIDIRECCIONAL CON BANDEJON,CONCRETO,BUENO,SECO,DESPEJADO,0,1,0,0,1
-8057148.89633003,-4504444.65278576,3497,1538523,-37.467304,-72.3786,2023/06/09 00:00:00+00,1899/12/30 00:00:00+00,8,REGION BIO BIO,LOS ANGELES,ATROPELLO,ATROPELLO,URBANA,TRAMO DE VIA RECTA,CONDUCCION NO ATENTO CONDICIONES TRANSITO MOMENTO,IMPRUDENCIA DEL CONDUCTOR,GALVARINO,BELLAVISTA,BELLAVISTA - GALVARINO,0,BIDIRECCIONAL,MIXTO,BUENO,SECO,LLOVIZNA,0,1,0,0,1
-8175968.09253754,-4471308.4476063,3498,1542987,-37.230672,-73.445971,2023/06/09 00:00:00+00,1899/12/30 00:00:00+00,8,REGION BIO BIO,ARAUCO,COLISION LATERAL,COLISION,URBANA,CRUCE CON SEÑAL PARE,CONDUCCION NO ATENTO CONDICIONES TRANSITO MOMENTO,IMPRUDENCIA DEL CONDUCTOR,ARTURO PRAT,COCHRANE,ARTURO PRAT - COCHRANE,0,UNIDIRECCIONAL,CONCRETO,BUENO,SECO,DESPEJADO,0,2,0,0,2
-8054522.64690324,-4506376.96659413,3499,1538566,-37.48108,-72.355008,2023/06/09 00:00:00+00,1899/12/30 00:00:00+00,8,REGION BIO BIO,LOS ANGELES,COLISION LATERAL,COLISION,URBANA,CRUCE CON SEMAFORO FUNCIONANDO,CONDUCCION NO ATENTO CONDICIONES TRANSITO MOMENTO,IMPRUDENCIA DEL CONDUCTOR,MANUEL RODRIGUEZ,VICUÑA MACKENNA,MANUEL RODRIGUEZ - VICUÑA MACKENNA,0,UNIDIRECCIONAL,ASFALTO,BUENO,SECO,DESPEJADO,0,0,0,0,0
-8051502.10384005,-4506863.04671481,3500,1538562,-37.484545,-72.327874,2023/06/09 00:00:00+00,1899/12/30 00:00:00+00,8,REGION BIO BIO,LOS ANGELES,COLISION LATERAL,COLISION,URBANA,OTROS NO CONSIDERADOS,CONDUCCION NO ATENTO CONDICIONES TRANSITO MOMENTO,IMPRUDENCIA DEL CONDUCTOR,FRANCISCO ENCINA, ,- FRANCISCO ENCINA,1455,BIDIRECCIONAL,CONCRETO,BUENO,SECO,NUBLADO,0,2,0,0,2
-8053798.62493512,-4504259.65971332,3501,1538549,-37.465985,-72.348504,2023/06/09 00:00:00+00,1899/12/30 00:00:00+00,8,REGION BIO BIO,LOS ANGELES,ATROPELLO,ATROPELLO,URBANA,TRAMO DE VIA RECTA,CONDUCCION NO ATENTO CONDICIONES TRANSITO MOMENTO,IMPRUDENCIA DEL CONDUCTOR,VILLAGRAN, ,- VILLAGRAN,626,BIDIRECCIONAL,CONCRETO,BUENO,SECO,DESPEJADO,0,2,0,0,2
-8170554.40306128,-4551250.93044158,3502,1538378,-37.800284,-73.397339,2023/06/09 00:00:00+00,1899/12/30 00:00:00+00,8,REGION BIO BIO,CAÑETE,ATROPELLO,ATROPELLO,URBANA,TRAMO DE VIA RECTA,CONDUCCION NO ATENTO CONDICIONES TRANSITO MOMENTO,IMPRUDENCIA DEL CONDUCTOR,SEGUNDO DE LINEA,ARTURO PRAT,ARTURO PRAT - SEGUNDO DE LINEA,0,UNIDIRECCIONAL,ASFALTO,BUENO,MOJADO,LLUVIA,0,1,0,0,1
-8130659.94658977,-4420599.0908597,3503,1542890,-36.867105,-73.038961,2023/06/09 00:00:00+00,1899/12/30 00:00:00+00,8,REGION BIO BIO,CHIGUAYANTE,CHOQUE FRENTE/POSTERIOR,CHOQUE,URBANA,TRAMO DE VIA RECTA,CONDUCCION NO ATENTO CONDICIONES TRANSITO MOMENTO,IMPRUDENCIA DEL CONDUCTOR,COSTANERA,PASCUAL BINIMELIS,COSTANERA - PASCUAL BINIMELIS,0,BIDIRECCIONAL,CONCRETO,BUENO,MOJADO,LLUVIA,0,0,0,0,0
-8141682.46860965,-4424197.83189235,3504,1547595,-36.892964,-73.137978,2023/06/09 00:00:00+00,1899/12/30 00:00:00+00,8,REGION BIO BIO,SAN PEDRO DE LA PAZ,CHOQUE POSTERIOR,CHOQUE,URBANA,TRAMO DE VIA RECTA,CONDUCCION NO ATENTO CONDICIONES TRANSITO MOMENTO,IMPRUDENCIA DEL CONDUCTOR,FRANCISCO ANTONIO ENCINA, ,- FRANCISCO ANTONIO ENCINA,7869,UNIDIRECCIONAL,ASFALTO,BUENO,SECO,DESPEJADO,0,0,0,0,0
-8143193.51937767,-4450984.0683237,3505,1542854,-37.085163,-73.151552,2023/06/09 00:00:00+00,1899/12/30 00:00:00+00,8,REGION BIO BIO,LOTA,COLISION LATERAL,COLISION,URBANA,CRUCE CON SEÑAL PARE,SEÑALIZACION DESOBEDECER SEÑAL PARE,DESOBEDIENCIA A SEÑALIZACION,FERNANDO MAIRA,LOS AROMOS,FERNANDO MAIRA - LOS AROMOS,0,BIDIRECCIONAL,ASFALTO,BUENO,HUMEDO,DESPEJADO,0,0,0,0,0
-8141442.79774597,-4424521.03924377,3506,1543717,-36.895286,-73.135825,2023/06/09 00:00:00+00,1899/12/30 00:00:00+00,8,REGION BIO BIO,SAN PEDRO DE LA PAZ,CHOQUE FRENTE/POSTERIOR,CHOQUE,URBANA,TRAMO DE VIA RECTA,ADELANTAMIENTO SIN EL ESPACIO O TIEMPO SUFICIENTE,IMPRUDENCIA DEL CONDUCTOR,EDGARDO MERINO GARRIDO, ,- EDGARDO MERINO GARRIDO,8091,BIDIRECCIONAL,ASFALTO,BUENO,SECO,DESPEJADO,0,1,0,0,1
-8136423.51322559,-4416950.37999681,3507,1541497,-36.840878,-73.090736,2023/06/09 00:00:00+00,1899/12/30 00:00:00+00,8,REGION BIO BIO,SAN PEDRO DE LA PAZ,CHOQUE FRENTE/POSTERIOR,CHOQUE,URBANA,PUENTE,CONDUCCION NO ATENTO CONDICIONES TRANSITO MOMENTO,IMPRUDENCIA DEL CONDUCTOR,PUENTE LLACOLEN,PINCHEIRA,PINCHEIRA - PUENTE LLACOLEN,0,BIDIRECCIONAL CON BANDEJON,CONCRETO,REGULAR,SECO,DESPEJADO,0,0,0,0,0
-8197685.85727436,-4522156.27610806,3508,1537622,-37.59348,-73.641065,2023/06/09 00:00:00+00,1899/12/30 00:00:00+00,8,REGION BIO BIO,LEBU,COLISION LATERAL,COLISION,URBANA,CRUCE SIN SEÑALIZACION,CONDUCCION NO ATENTO CONDICIONES TRANSITO MOMENTO,IMPRUDENCIA DEL CONDUCTOR,RAMON PUNTI,SAN JUAN,RAMON PUNTI - SAN JUAN,0,BIDIRECCIONAL,ASFALTO,BUENO,MOJADO,LLUVIA,0,0,0,0,0
-8051796.76653218,-4507342.83621365,3509,1538555,-37.487965,-72.330521,2023/06/09 00:00:00+00,1899/12/30 00:00:00+00,8,REGION BIO BIO,LOS ANGELES,COLISION PERPENDICULAR,COLISION,URBANA,CRUCE CON SEÑAL PARE,SEÑALIZACION DESOBEDECER SEÑAL PARE,DESOBEDIENCIA A SEÑALIZACION,TOLPAN,BOGOTA,BOGOTA - TOLPAN,0,BIDIRECCIONAL,ASFALTO,BUENO,MOJADO,LLUVIA,0,3,0,0,3
-8130263.31524407,-4413555.4359849,3510,1537882,-36.816467,-73.035398,2023/06/09 00:00:00+00,1899/12/30 00:00:00+00,8,REGION BIO BIO,CONCEPCION,CHOQUE POSTERIOR,CHOQUE,URBANA,CRUCE CON SEMAFORO FUNCIONANDO,CONDUCCION NO ATENTO CONDICIONES TRANSITO MOMENTO,IMPRUDENCIA DEL CONDUCTOR,LOS CARRERA,VILUMILLA,LOS CARRERA - VILUMILLA,0,BIDIRECCIONAL CON BANDEJON,CONCRETO,BUENO,MOJADO,LLOVIZNA,0,0,0,0,0
-8129598.40392556,-4412634.39426077,3511,1536854,-36.809843,-73.029425,2023/06/10 00:00:00+00,1899/12/30 00:00:00+00,8,REGION BIO BIO,CONCEPCION,COLISION LATERAL,COLISION,URBANA,OTROS NO CONSIDERADOS,CONDUCCION NO ATENTO CONDICIONES TRANSITO MOMENTO,IMPRUDENCIA DEL CONDUCTOR,JOSE MIGUEL GARCIA,PEDRO LAGOS,JOSE MIGUEL GARCIA - PEDRO LAGOS,0,UNIDIRECCIONAL,CONCRETO,BUENO,HUMEDO,DESPEJADO,0,0,0,0,0
-8056766.73651814,-4503111.90604057,3512,1538568,-37.457801,-72.375167,2023/06/10 00:00:00+00,1899/12/30 00:00:00+00,8,REGION BIO BIO,LOS ANGELES,COLISION POR ALCANCE,COLISION,URBANA,TRAMO DE VIA RECTA,CONDUCCION NO ATENTO CONDICIONES TRANSITO MOMENTO,IMPRUDENCIA DEL CONDUCTOR,MARIA DOLORES, ,- MARIA DOLORES,1900,BIDIRECCIONAL,ASFALTO,BUENO,MOJADO,NUBLADO,0,0,0,0,0