X,Y,FID,Idaccident,Latitude,Longitude,Fecha,Hora,Cód_Regi,Región,Comuna,Tipo_Accid,Tipo__CONA,Zona,Ubicación,Causa,Causa__CON,Calle_Uno,Calle_Dos,Intersecci,Número,Calzada,Tipo_Calza,Estado_Cal,Condición,Estado_Atm,Fallecidos,Lesionados,Graves,Menos_Grav,Leves
-8051383.65990185,-4502676.76297207,3513,1538581,-37.454698,-72.32681,2023/06/10 00:00:00+00,1899/12/30 00:00:00+00,8,REGION BIO BIO,LOS ANGELES,COLISION POR ALCANCE,COLISION,URBANA,TRAMO DE VIA RECTA,CONDUCCION NO ATENTO CONDICIONES TRANSITO MOMENTO,IMPRUDENCIA DEL CONDUCTOR,LAS INDUSTRIAS,ALMIRANTE LATORRE,ALMIRANTE LATORRE - LAS INDUSTRIAS,0,BIDIRECCIONAL,CONCRETO,BUENO,MOJADO,DESPEJADO,0,1,1,0,0
-8128450.03205854,-4409617.51168266,3514,1537676,-36.788142,-73.019109,2023/06/10 00:00:00+00,1899/12/30 00:00:00+00,8,REGION BIO BIO,CONCEPCION,CHOQUE FRENTE/POSTERIOR,CHOQUE,URBANA,TRAMO DE VIA RECTA,CONDUCCION EN ESTADO DE EBRIEDAD,ALCOHOL EN CONDUCTOR,LOS NARANJOS, ,- LOS NARANJOS,350,BIDIRECCIONAL,CONCRETO,BUENO,SECO,DESPEJADO,0,0,0,0,0
-8132685.07076628,-4415468.54863364,3515,1538248,-36.830224,-73.057153,2023/06/10 00:00:00+00,1899/12/30 00:00:00+00,8,REGION BIO BIO,CONCEPCION,CHOQUE,CHOQUE,URBANA,TRAMO DE VIA RECTA,CONDUCCION NO ATENTO CONDICIONES TRANSITO MOMENTO,IMPRUDENCIA DEL CONDUCTOR,SERRANO, ,- SERRANO,437,UNIDIRECCIONAL,CONCRETO,BUENO,SECO,NUBLADO,0,0,0,0,0
-8132643.99387417,-4415508.04662332,3516,1538238,-36.830508,-73.056784,2023/06/10 00:00:00+00,1899/12/30 00:00:00+00,8,REGION BIO BIO,CONCEPCION,COLISION PERPENDICULAR,COLISION,URBANA,TRAMO DE VIA RECTA,CONDUCCION EN ESTADO DE EBRIEDAD,ALCOHOL EN CONDUCTOR,O'HIGGINS,SERRANO,O'HIGGINS - SERRANO,0,UNIDIRECCIONAL,CONCRETO,BUENO,HUMEDO,NUBLADO,0,1,0,0,1
-8051383.65990185,-4502676.76297207,3517,1538584,-37.454698,-72.32681,2023/06/10 00:00:00+00,1899/12/30 00:00:00+00,8,REGION BIO BIO,LOS ANGELES,CHOQUE FRENTE/LADO,CHOQUE,URBANA,TRAMO DE VIA RECTA,CONDUCCION NO ATENTO CONDICIONES TRANSITO MOMENTO,IMPRUDENCIA DEL CONDUCTOR,LAS INDUSTRIAS,ALMIRANTE LATORRE,ALMIRANTE LATORRE - LAS INDUSTRIAS,0,BIDIRECCIONAL,CONCRETO,BUENO,SECO,NUBLADO,0,2,1,0,1
-8132992.08992189,-4411063.77367869,3518,1537682,-36.798546,-73.059911,2023/06/10 00:00:00+00,1899/12/30 00:00:00+00,8,REGION BIO BIO,CONCEPCION,COLISION,COLISION,URBANA,TRAMO DE VIA RECTA,CONDUCCION EN ESTADO DE EBRIEDAD,ALCOHOL EN CONDUCTOR,PAICAVI,ALONSO DE RIBERA,ALONSO DE RIBERA - PAICAVI,0,BIDIRECCIONAL,CONCRETO,BUENO,SECO,DESPEJADO,0,0,0,0,0
-8129769.83594138,-4412162.36345575,3519,1538214,-36.806448,-73.030965,2023/06/10 00:00:00+00,1899/12/30 00:00:00+00,8,REGION BIO BIO,CONCEPCION,CHOQUE LATERAL,CHOQUE,URBANA,TRAMO DE VIA RECTA,CONDUCCION EN ESTADO DE EBRIEDAD,ALCOHOL EN CONDUCTOR,ANDALIEN, ,- ANDALIEN,356,BIDIRECCIONAL,CONCRETO,BUENO,SECO,NUBLADO,0,0,0,0,0
-8138252.7150983,-4400656.70510795,3520,1537884,-36.723649,-73.107168,2023/06/10 00:00:00+00,1899/12/30 00:00:00+00,8,REGION BIO BIO,TALCAHUANO,COLISION LATERAL,COLISION,URBANA,TRAMO DE VIA RECTA,CONDUCCION EN ESTADO DE EBRIEDAD,ALCOHOL EN CONDUCTOR,JORDAN VALDIVIESO, ,- JORDAN VALDIVIESO,2005,BIDIRECCIONAL CON BANDEJON,CONCRETO,BUENO,SECO,DESPEJADO,0,1,0,0,1
-8135138.21838489,-4409025.10696401,3521,1537896,-36.78388,-73.07919,2023/06/10 00:00:00+00,1899/12/30 00:00:00+00,8,REGION BIO BIO,TALCAHUANO,COLISION LATERAL,COLISION,URBANA,TRAMO DE VIA RECTA,VIRAJES INDEBIDOS,IMPRUDENCIA DEL CONDUCTOR,AMERICO VESPUCIO, ,- AMERICO VESPUCIO,820,BIDIRECCIONAL,CONCRETO,BUENO,SECO,DESPEJADO,0,0,0,0,0
-8163098.7801654,-4506271.75741438,3522,1543003,-37.48033,-73.330364,2023/06/10 00:00:00+00,1899/12/30 00:00:00+00,8,REGION BIO BIO,ARAUCO,COLISION LATERAL,COLISION,URBANA,TRAMO DE VIA RECTA,CONDUCCION NO ATENTO CONDICIONES TRANSITO MOMENTO,IMPRUDENCIA DEL CONDUCTOR,JULIO MONTT SALAMANCA, ,- JULIO MONTT SALAMANCA,45,BIDIRECCIONAL,CONCRETO,BUENO,HUMEDO,DESPEJADO,0,0,0,0,0
-8125047.66314193,-4400781.70138467,3523,1539131,-36.724549,-72.988545,2023/06/10 00:00:00+00,1899/12/30 00:00:00+00,8,REGION BIO BIO,PENCO,VOLCADURA,VOLCADURA,URBANA,TRAMO DE VIA RECTA,ANIMALES SUELTOS VIA PUBLICA,DEFICIENCIAS VIALES,MIRAMAR, ,- MIRAMAR,135,UNIDIRECCIONAL,ASFALTO,BUENO,SECO,DESPEJADO,0,1,0,0,1
-8094833.43827031,-4477842.22832392,3524,1537223,-37.27739,-72.717126,2023/06/10 00:00:00+00,1899/12/30 00:00:00+00,8,REGION BIO BIO,LAJA,CHOQUE LADO/LADO,CHOQUE,URBANA,TRAMO DE VIA RECTA,CONDUCCION NO ATENTO CONDICIONES TRANSITO MOMENTO,IMPRUDENCIA DEL CONDUCTOR,BALMACEDA, ,- BALMACEDA,538,BIDIRECCIONAL,ASFALTO,BUENO,SECO,DESPEJADO,0,0,0,0,0
-8133989.51255939,-4415328.0816188,3525,1537876,-36.829214,-73.068871,2023/06/10 00:00:00+00,1899/12/30 00:00:00+00,8,REGION BIO BIO,CONCEPCION,CHOQUE LATERAL,CHOQUE,URBANA,CRUCE CON SEMAFORO FUNCIONANDO,CONDUCCION NO ATENTO CONDICIONES TRANSITO MOMENTO,IMPRUDENCIA DEL CONDUCTOR,COSTANERA,CALETERA LOS CARRERA,CALETERA LOS CARRERA - COSTANERA,0,BIDIRECCIONAL,CONCRETO,BUENO,SECO,DESPEJADO,0,0,0,0,0
-8136569.56439751,-4405332.56345377,3526,1537507,-36.757309,-73.092048,2023/06/10 00:00:00+00,1899/12/30 00:00:00+00,8,REGION BIO BIO,TALCAHUANO,ATROPELLO,ATROPELLO,URBANA,CRUCE CON SEMAFORO FUNCIONANDO,SEÑALIZACION DESOBEDECER LUZ ROJA DE SEMAFORO,DESOBEDIENCIA A SEÑALIZACION,LAS HORTENSIAS, ,- LAS HORTENSIAS,4994,BIDIRECCIONAL,CONCRETO,BUENO,SECO,DESPEJADO,0,1,1,0,0
-8131107.33962327,-4414907.66518878,3527,1541498,-36.826191,-73.04298,2023/06/10 00:00:00+00,1899/12/30 00:00:00+00,8,REGION BIO BIO,SAN PEDRO DE LA PAZ,COLISION,COLISION,URBANA,CRUCE CON SEÑAL PARE,CONDUCCION SIN MANTENER DISTANCIA RAZONABLE NI PRUDENTE,IMPRUDENCIA DEL CONDUCTOR,PEDRO AGUIRRE CERDA,LAGUNA GRANDE,LAGUNA GRANDE - PEDRO AGUIRRE CERDA,0,BIDIRECCIONAL CON BANDEJON,CONCRETO,REGULAR,SECO,DESPEJADO,0,0,0,0,0
-8132992.08992189,-4411063.77367869,3528,1537658,-36.798546,-73.059911,2023/06/10 00:00:00+00,1899/12/30 00:00:00+00,8,REGION BIO BIO,CONCEPCION,CHOQUE POSTERIOR,CHOQUE,URBANA,TRAMO DE VIA RECTA,CONDUCCION NO ATENTO CONDICIONES TRANSITO MOMENTO,IMPRUDENCIA DEL CONDUCTOR,ALONSO DE RIBERA,AUTOPISTA CONCEPCION TALCAHUANO,ALONSO DE RIBERA - AUTOPISTA CONCEPCION TALCAHUANO,0,BIDIRECCIONAL,CONCRETO,BUENO,SECO,DESPEJADO,0,0,0,0,0
-8131065.26085575,-4411513.09459755,3529,1537660,-36.801778,-73.042602,2023/06/10 00:00:00+00,1899/12/30 00:00:00+00,8,REGION BIO BIO,CONCEPCION,CHOQUE POSTERIOR,CHOQUE,URBANA,TRAMO DE VIA RECTA,CONDUCCION NO ATENTO CONDICIONES TRANSITO MOMENTO,IMPRUDENCIA DEL CONDUCTOR,ALONSO DE RIBERA,LAGUNA LO GALINDO,ALONSO DE RIBERA - LAGUNA LO GALINDO,0,BIDIRECCIONAL,CONCRETO,BUENO,SECO,DESPEJADO,0,1,0,0,1
-8074657.55980047,-4521054.46154233,3530,1537921,-37.585637,-72.535883,2023/06/10 00:00:00+00,1899/12/30 00:00:00+00,8,REGION BIO BIO,NEGRETE,CHOQUE,CHOQUE,URBANA,TRAMO DE VIA RECTA,CONDUCCION NO ATENTO CONDICIONES TRANSITO MOMENTO,IMPRUDENCIA DEL CONDUCTOR,IGNACIO CARRERA PINTO, ,- IGNACIO CARRERA PINTO,214,BIDIRECCIONAL,ASFALTO,REGULAR,SECO,DESPEJADO,0,0,0,0,0
-8009626.93966885,-4472981.29587364,3531,1538577,-37.242636,-71.951703,2023/06/10 00:00:00+00,1899/12/30 00:00:00+00,8,REGION BIO BIO,TUCAPEL,COLISION,COLISION,URBANA,TRAMO DE VIA RECTA,CONDUCCION NO ATENTO CONDICIONES TRANSITO MOMENTO,IMPRUDENCIA DEL CONDUCTOR,IRARRAZAVAL, ,- IRARRAZAVAL,392,BIDIRECCIONAL,ASFALTO,BUENO,HUMEDO,DESPEJADO,0,0,0,0,0
-8053919.29526314,-4507531.81196668,3532,1538586,-37.489312,-72.349588,2023/06/11 00:00:00+00,1899/12/30 00:00:00+00,8,REGION BIO BIO,LOS ANGELES,COLISION LATERAL,COLISION,URBANA,CRUCE CON SEÑAL PARE,CONDUCCION NO ATENTO CONDICIONES TRANSITO MOMENTO,IMPRUDENCIA DEL CONDUCTOR,SAN PABLO,RIO BIO BIO,RIO BIO BIO - SAN PABLO,0,BIDIRECCIONAL,CONCRETO,BUENO,SECO,DESPEJADO,0,0,0,0,0
-8136188.74041951,-4405743.43131675,3533,1537887,-36.760266,-73.088627,2023/06/11 00:00:00+00,1899/12/30 00:00:00+00,8,REGION BIO BIO,TALCAHUANO,VOLCADURA,VOLCADURA,URBANA,TRAMO DE VIA RECTA,VELOCIDAD NO RAZONABLE NI PRUDENTE,VELOCIDAD IMPRUDENTE,CRISTOBAL COLON, ,- CRISTOBAL COLON,5305,BIDIRECCIONAL CON BANDEJON,CONCRETO,BUENO,SECO,DESPEJADO,0,1,0,0,1
-8143750.45079011,-4452088.47368138,3534,1537340,-37.093077,-73.156555,2023/06/11 00:00:00+00,1899/12/30 00:00:00+00,8,REGION BIO BIO,LOTA,COLISION LATERAL,COLISION,URBANA,TRAMO DE VIA RECTA,CONDUCCION NO ATENTO CONDICIONES TRANSITO MOMENTO,IMPRUDENCIA DEL CONDUCTOR,MONSALVE,SERRANO,MONSALVE - SERRANO,0,UNIDIRECCIONAL,CONCRETO,BUENO,SECO,DESPEJADO,0,0,0,0,0
-8127969.46581679,-4415119.0534445,3535,1537826,-36.827711,-73.014792,2023/06/11 00:00:00+00,1899/12/30 00:00:00+00,8,REGION BIO BIO,CONCEPCION,COLISION POR ALCANCE,COLISION,URBANA,TRAMO DE VIA RECTA,FALLAS MECANICAS FRENOS,FALLAS MECANICAS,CALLE DOS, ,- CALLE DOS,480,BIDIRECCIONAL,CONCRETO,BUENO,SECO,DESPEJADO,0,1,1,0,0
-8136214.90049984,-4405671.17745039,3536,1538218,-36.759746,-73.088862,2023/06/11 00:00:00+00,1899/12/30 00:00:00+00,8,REGION BIO BIO,TALCAHUANO,CHOQUE POSTERIOR/FRENTE,CHOQUE,URBANA,TRAMO DE VIA RECTA,CONDUCCION NO ATENTO CONDICIONES TRANSITO MOMENTO,IMPRUDENCIA DEL CONDUCTOR,GOMEZ CARREÑO, ,- GOMEZ CARREÑO,5215,BIDIRECCIONAL,CONCRETO,BUENO,SECO,DESPEJADO,0,0,0,0,0
-8053325.07182128,-4507112.19781836,3537,1538590,-37.486321,-72.34425,2023/06/11 00:00:00+00,1899/12/30 00:00:00+00,8,REGION BIO BIO,LOS ANGELES,ATROPELLO,ATROPELLO,URBANA,TRAMO DE VIA RECTA,CONDUCCION NO ATENTO CONDICIONES TRANSITO MOMENTO,IMPRUDENCIA DEL CONDUCTOR,LOS CARRERA, ,- LOS CARRERA,1266,BIDIRECCIONAL CON BANDEJON,CONCRETO,BUENO,SECO,DESPEJADO,0,1,0,0,1
-8172391.06333988,-4525133.14688311,3538,1537623,-37.614666,-73.413838,2023/06/11 00:00:00+00,1899/12/30 00:00:00+00,8,REGION BIO BIO,LOS ALAMOS,COLISION FRONTAL,COLISION,URBANA,TRAMO DE VIA RECTA,CONDUCCION NO ATENTO CONDICIONES TRANSITO MOMENTO,IMPRUDENCIA DEL CONDUCTOR,DIEGO PORTALES,LOS PEUMOS,DIEGO PORTALES - LOS PEUMOS,0,BIDIRECCIONAL CON BANDEJON,ASFALTO,BUENO,HUMEDO,DESPEJADO,0,2,0,0,2
-8130604.17552488,-4412749.52011803,3539,1537814,-36.810671,-73.03846,2023/06/11 00:00:00+00,1899/12/30 00:00:00+00,8,REGION BIO BIO,CONCEPCION,COLISION POR ALCANCE,COLISION,URBANA,TRAMO DE VIA RECTA,CONDUCCION SIN MANTENER DISTANCIA RAZONABLE NI PRUDENTE,IMPRUDENCIA DEL CONDUCTOR,ALONSO DE RIBERA,CERRO LA POLVORA,ALONSO DE RIBERA - CERRO LA POLVORA,0,BIDIRECCIONAL,ASFALTO,BUENO,SECO,DESPEJADO,0,1,0,1,0
-8128946.85094595,-4413660.00373049,3540,1538482,-36.817219,-73.023572,2023/06/11 00:00:00+00,1899/12/30 00:00:00+00,8,REGION BIO BIO,CONCEPCION,COLISION,COLISION,URBANA,TRAMO DE VIA RECTA,CONDUCCION EN ESTADO DE EBRIEDAD,ALCOHOL EN CONDUCTOR,GENERAL BONILLA,TEGUALDA,GENERAL BONILLA - TEGUALDA,0,BIDIRECCIONAL CON BANDEJON,CONCRETO,BUENO,HUMEDO,NUBLADO,0,0,0,0,0
-8139576.63780231,-4402052.85782904,3541,1538225,-36.733701,-73.119061,2023/06/11 00:00:00+00,1899/12/30 00:00:00+00,8,REGION BIO BIO,TALCAHUANO,COLISION LATERAL,COLISION,URBANA,TRAMO DE VIA RECTA,NO RESPETAR DERECHO PREFERENTE DE PASO A VEHICULO,IMPRUDENCIA DEL CONDUCTOR,JUAN ANTONIO RIOS, ,- JUAN ANTONIO RIOS,4523,BIDIRECCIONAL,CONCRETO,BUENO,SECO,DESPEJADO,0,0,0,0,0
-8135962.42789472,-4405439.41258474,3542,1537874,-36.758078,-73.086594,2023/06/11 00:00:00+00,1899/12/30 00:00:00+00,8,REGION BIO BIO,TALCAHUANO,CHOQUE POSTERIOR/FRENTE,CHOQUE,URBANA,TRAMO DE VIA RECTA,CONDUCCION NO ATENTO CONDICIONES TRANSITO MOMENTO,IMPRUDENCIA DEL CONDUCTOR,JAIME REPULLO, ,- JAIME REPULLO,3139,BIDIRECCIONAL,CONCRETO,BUENO,SECO,DESPEJADO,0,0,0,0,0
-8142644.71428806,-4449606.5840345,3543,1537347,-37.075291,-73.146622,2023/06/11 00:00:00+00,1899/12/30 00:00:00+00,8,REGION BIO BIO,LOTA,COLISION LATERAL,COLISION,URBANA,TRAMO DE VIA RECTA,CONDUCCION NO ATENTO CONDICIONES TRANSITO MOMENTO,IMPRUDENCIA DEL CONDUCTOR,FERNANDO MAIRA,YERBAS BUENAS,FERNANDO MAIRA - YERBAS BUENAS,0,BIDIRECCIONAL,ASFALTO,BUENO,MOJADO,NUBLADO,0,3,0,0,3
-8052837.04717364,-4506767.93315969,3544,1538606,-37.483867,-72.339866,2023/06/12 00:00:00+00,1899/12/30 00:00:00+00,8,REGION BIO BIO,LOS ANGELES,COLISION LATERAL,COLISION,URBANA,CRUCE CON SEÑAL PARE,SEÑALIZACION DESOBEDECER SEÑAL PARE,DESOBEDIENCIA A SEÑALIZACION,SALVADOR REYES,HERNAN DIAZ,HERNAN DIAZ - SALVADOR REYES,0,BIDIRECCIONAL,ASFALTO,BUENO,SECO,DESPEJADO,0,1,0,0,1
-8129386.45161509,-4412765.92704446,3545,1540013,-36.810789,-73.027521,2023/06/12 00:00:00+00,1899/12/30 00:00:00+00,8,REGION BIO BIO,CONCEPCION,COLISION LATERAL,COLISION,URBANA,ROTONDA,CONDUCCION NO ATENTO CONDICIONES TRANSITO MOMENTO,IMPRUDENCIA DEL CONDUCTOR,GENERAL BONILLA,CAMINO A PENCO,CAMINO A PENCO - GENERAL BONILLA,0,UNIDIRECCIONAL,ASFALTO,BUENO,SECO,DESPEJADO,0,0,0,0,0
-8177328.97331249,-4526942.08098787,3546,1537819,-37.627537,-73.458196,2023/06/12 00:00:00+00,1899/12/30 00:00:00+00,8,REGION BIO BIO,LOS ALAMOS,ATROPELLO,ATROPELLO,URBANA,CRUCE CON SEMAFORO APAGADO,CONDUCCION NO ATENTO CONDICIONES TRANSITO MOMENTO,IMPRUDENCIA DEL CONDUCTOR,PEDRO DE VALDIVIA,IGNACIO CARRERA PINTO,IGNACIO CARRERA PINTO - PEDRO DE VALDIVIA,0,BIDIRECCIONAL CON BANDEJON,ASFALTO,BUENO,SECO,DESPEJADO,0,1,0,0,1
-8130041.12154045,-4413763.87722895,3547,1538495,-36.817966,-73.033402,2023/06/12 00:00:00+00,1899/12/30 00:00:00+00,8,REGION BIO BIO,CONCEPCION,COLISION LATERAL,COLISION,URBANA,TRAMO DE VIA RECTA,CONDUCCION CAMBIAR SORPRESIVAMENTE PISTA CIRCULACION,IMPRUDENCIA DEL CONDUCTOR,JUAN BOSCO, ,- JUAN BOSCO,2038,BIDIRECCIONAL,CONCRETO,BUENO,SECO,DESPEJADO,0,0,0,0,0
-8131906.05696971,-4412789.84227066,3548,1538488,-36.810961,-73.050155,2023/06/12 00:00:00+00,1899/12/30 00:00:00+00,8,REGION BIO BIO,CONCEPCION,COLISION,COLISION,URBANA,CRUCE CON SEMAFORO FUNCIONANDO,CONDUCCION NO ATENTO CONDICIONES TRANSITO MOMENTO,IMPRUDENCIA DEL CONDUCTOR,PAICAVI,LOS CARRERA,LOS CARRERA - PAICAVI,0,BIDIRECCIONAL CON BANDEJON,CONCRETO,BUENO,SECO,NUBLADO,0,0,0,0,0
-8135210.24209543,-4411239.91300456,3549,1538786,-36.799813,-73.079837,2023/06/12 00:00:00+00,1899/12/30 00:00:00+00,8,REGION BIO BIO,HUALPEN,COLISION,COLISION,URBANA,ROTONDA,NO RESPETAR DERECHO PREFERENTE DE PASO A VEHICULO,IMPRUDENCIA DEL CONDUCTOR,ARTEAGA ALEMPARTE,CALETERA JORGE ALESSANDRI,ARTEAGA ALEMPARTE - CALETERA JORGE ALESSANDRI,0,BIDIRECCIONAL,CONCRETO,BUENO,SECO,DESPEJADO,0,0,0,0,0
-8073857.06134218,-4520980.71168494,3550,1537939,-37.585112,-72.528692,2023/06/12 00:00:00+00,1899/12/30 00:00:00+00,8,REGION BIO BIO,NEGRETE,COLISION,COLISION,URBANA,CRUCE CON SEÑAL PARE,SEÑALIZACION DESOBEDECER SEÑAL PARE,DESOBEDIENCIA A SEÑALIZACION,ALBERTO MOLLER,IGNACIO CARRERA PINTO,ALBERTO MOLLER - IGNACIO CARRERA PINTO,0,UNIDIRECCIONAL,CONCRETO,REGULAR,SECO,DESPEJADO,0,1,0,0,1
-8199138.6879487,-4524538.99770983,3551,1537821,-37.610438,-73.654116,2023/06/12 00:00:00+00,1899/12/30 00:00:00+00,8,REGION BIO BIO,LEBU,COLISION POR ALCANCE,COLISION,URBANA,TRAMO DE VIA RECTA,CONDUCCION NO ATENTO CONDICIONES TRANSITO MOMENTO,IMPRUDENCIA DEL CONDUCTOR,RIOSECO,FREIRE,FREIRE - RIOSECO,0,UNIDIRECCIONAL,ASFALTO,BUENO,SECO,DESPEJADO,0,0,0,0,0
-8135863.35354792,-4403407.79518795,3552,1538231,-36.743455,-73.085704,2023/06/12 00:00:00+00,1899/12/30 00:00:00+00,8,REGION BIO BIO,TALCAHUANO,COLISION LATERAL,COLISION,URBANA,TRAMO DE VIA RECTA,VIRAJES INDEBIDOS,IMPRUDENCIA DEL CONDUCTOR,MANUEL BAYON, ,- MANUEL BAYON,3512,BIDIRECCIONAL,CONCRETO,BUENO,SECO,DESPEJADO,0,1,0,0,1
-8137592.03392045,-4410496.17166471,3553,1538867,-36.794463,-73.101233,2023/06/12 00:00:00+00,1899/12/30 00:00:00+00,8,REGION BIO BIO,HUALPEN,COLISION,COLISION,URBANA,CRUCE CON SEÑAL PARE,NO RESPETAR DERECHO PREFERENTE DE PASO A VEHICULO,IMPRUDENCIA DEL CONDUCTOR,BREMEN, ,- BREMEN,1070,BIDIRECCIONAL,CONCRETO,BUENO,SECO,DESPEJADO,0,1,0,0,1
-8121447.3681707,-4383690.79736561,3554,1538754,-36.601393,-72.956203,2023/06/12 00:00:00+00,1899/12/30 00:00:00+00,8,REGION BIO BIO,TOME,ATROPELLO,ATROPELLO,URBANA,CRUCE CON SEÑAL CEDA EL PASO,NO RESPETAR DERECHO PREFERENTE DE PASO A PEATON,IMPRUDENCIA DEL CONDUCTOR,ENRIQUE MOLINA,BEHERENS,BEHERENS - ENRIQUE MOLINA,0,BIDIRECCIONAL,CONCRETO,BUENO,SECO,DESPEJADO,0,1,0,0,1
-8135368.76105032,-4409023.16106193,3555,1538777,-36.783866,-73.081261,2023/06/12 00:00:00+00,1899/12/30 00:00:00+00,8,REGION BIO BIO,HUALPEN,VOLCADURA,VOLCADURA,URBANA,TRAMO DE VIA RECTA,CONDUCCION CAMBIAR SORPRESIVAMENTE PISTA CIRCULACION,IMPRUDENCIA DEL CONDUCTOR,O'HIGGINS, ,- O'HIGGINS,275,BIDIRECCIONAL CON BANDEJON,CONCRETO,BUENO,SECO,DESPEJADO,0,0,0,0,0
-8139075.81141323,-4399263.65128762,3556,1538232,-36.713618,-73.114562,2023/06/12 00:00:00+00,1899/12/30 00:00:00+00,8,REGION BIO BIO,TALCAHUANO,CHOQUE POSTERIOR/LADO,CHOQUE,URBANA,OTROS NO CONSIDERADOS,CONDUCCION NO ATENTO CONDICIONES TRANSITO MOMENTO,IMPRUDENCIA DEL CONDUCTOR,ANIBAL PINTO, ,- ANIBAL PINTO,55,UNIDIRECCIONAL,CONCRETO,BUENO,SECO,DESPEJADO,0,0,0,0,0
-8163620.64593824,-4473517.99469333,3557,1543006,-37.246474,-73.335052,2023/06/12 00:00:00+00,1899/12/30 00:00:00+00,8,REGION BIO BIO,ARAUCO,COLISION LATERAL,COLISION,URBANA,CRUCE CON SEÑAL PARE,CONDUCCION NO ATENTO CONDICIONES TRANSITO MOMENTO,IMPRUDENCIA DEL CONDUCTOR,SALVADOR ALLENDE,COCHRANE,COCHRANE - SALVADOR ALLENDE,0,BIDIRECCIONAL,CONCRETO,BUENO,SECO,DESPEJADO,0,1,0,0,1
-8121871.38411113,-4384241.30572447,3558,1537423,-36.605363,-72.960012,2023/06/12 00:00:00+00,1899/12/30 00:00:00+00,8,REGION BIO BIO,TOME,ATROPELLO,ATROPELLO,URBANA,TRAMO DE VIA CURVA VERTICAL,PEATON PERMANECE SOBRE LA CALZADA,IMPRUDENCIA DEL PEATON,EMILIO ABURTO,LA NUEVA CONCEPCION,EMILIO ABURTO - LA NUEVA CONCEPCION,0,BIDIRECCIONAL,CONCRETO,BUENO,SECO,DESPEJADO,1,0,0,0,0
-8136227.70224128,-4408788.68246349,3559,1539427,-36.782179,-73.088977,2023/06/13 00:00:00+00,1899/12/30 00:00:00+00,8,REGION BIO BIO,HUALPEN,COLISION,COLISION,URBANA,ENLACE A DESNIVEL,CONDUCCION SIN MANTENER DISTANCIA RAZONABLE NI PRUDENTE,IMPRUDENCIA DEL CONDUCTOR,LAS GOLONDRINAS,O'HIGGINS,LAS GOLONDRINAS - O'HIGGINS,0,BIDIRECCIONAL,CONCRETO,BUENO,SECO,DESPEJADO,0,0,0,0,0
-8138562.73988017,-4409413.73853343,3560,1539452,-36.786676,-73.109953,2023/06/13 00:00:00+00,1899/12/30 00:00:00+00,8,REGION BIO BIO,HUALPEN,COLISION,COLISION,URBANA,CRUCE CON SEÑAL PARE,CONDUCCION SIN MANTENER DISTANCIA RAZONABLE NI PRUDENTE,IMPRUDENCIA DEL CONDUCTOR,SANTA MARIA,O'HIGGINS,O'HIGGINS - SANTA MARIA,0,BIDIRECCIONAL,CONCRETO,BUENO,SECO,DESPEJADO,0,0,0,0,0
-8139641.42574595,-4399802.46420994,3561,1542101,-36.717498,-73.119643,2023/06/13 00:00:00+00,1899/12/30 00:00:00+00,8,REGION BIO BIO,TALCAHUANO,COLISION LATERAL,COLISION,URBANA,TRAMO DE VIA RECTA,VIRAJES INDEBIDOS,IMPRUDENCIA DEL CONDUCTOR,LATORRE, ,- LATORRE,704,BIDIRECCIONAL,CONCRETO,BUENO,SECO,DESPEJADO,0,0,0,0,0
-8132504.06527425,-4415435.03108838,3562,1538501,-36.829983,-73.055527,2023/06/13 00:00:00+00,1899/12/30 00:00:00+00,8,REGION BIO BIO,CONCEPCION,COLISION LATERAL,COLISION,URBANA,CRUCE CON SEMAFORO FUNCIONANDO,VIRAJES INDEBIDOS,IMPRUDENCIA DEL CONDUCTOR,O'HIGGINS,SALAS,O'HIGGINS - SALAS,0,UNIDIRECCIONAL,CONCRETO,BUENO,SECO,DESPEJADO,0,0,0,0,0
-8131801.63928734,-4414358.63162612,3563,1538022,-36.822243,-73.049217,2023/06/13 00:00:00+00,1899/12/30 00:00:00+00,8,REGION BIO BIO,CONCEPCION,COLISION POR ALCANCE,COLISION,URBANA,TRAMO DE VIA RECTA,CONDUCCION SIN MANTENER DISTANCIA RAZONABLE NI PRUDENTE,IMPRUDENCIA DEL CONDUCTOR,LOS CARRERA,MONTRIOU,LOS CARRERA - MONTRIOU,0,BIDIRECCIONAL CON BANDEJON,CONCRETO,BUENO,SECO,DESPEJADO,0,0,0,0,0
-8131068.71175996,-4415473.27725848,3564,1538516,-36.830258,-73.042633,2023/06/13 00:00:00+00,1899/12/30 00:00:00+00,8,REGION BIO BIO,CONCEPCION,CHOQUE LATERAL,CHOQUE,URBANA,TRAMO DE VIA RECTA,ADELANTAMIENTO SOBREPASANDO LINEA CONTINUA,IMPRUDENCIA DEL CONDUCTOR,VICTOR LAMAS,TUCAPEL,TUCAPEL - VICTOR LAMAS,0,UNIDIRECCIONAL,CONCRETO,BUENO,SECO,DESPEJADO,0,0,0,0,0