X,Y,FID,Idaccident,Latitude,Longitude,Fecha,Hora,Cód_Regi,Región,Comuna,Tipo_Accid,Tipo__CONA,Zona,Ubicación,Causa,Causa__CON,Calle_Uno,Calle_Dos,Intersecci,Número,Calzada,Tipo_Calza,Estado_Cal,Condición,Estado_Atm,Fallecidos,Lesionados,Graves,Menos_Grav,Leves
-8121837.20902746,-4385873.58395902,3668,1539298,-36.617133,-72.959705,2023/06/19 00:00:00+00,1899/12/30 00:00:00+00,8,REGION BIO BIO,TOME,ATROPELLO,ATROPELLO,URBANA,CRUCE CON SEMAFORO FUNCIONANDO,NO RESPETAR DERECHO PREFERENTE DE PASO A PEATON,IMPRUDENCIA DEL CONDUCTOR,MAIPU,NOGUEIRA,MAIPU - NOGUEIRA,0,BIDIRECCIONAL,CONCRETO,BUENO,SECO,DESPEJADO,0,1,0,0,1
-8131033.08952291,-4415198.88141763,3669,1539658,-36.828285,-73.042313,2023/06/19 00:00:00+00,1899/12/30 00:00:00+00,8,REGION BIO BIO,CONCEPCION,COLISION LATERAL,COLISION,URBANA,TRAMO DE VIA RECTA,ADELANTAMIENTO SIN EL ESPACIO O TIEMPO SUFICIENTE,IMPRUDENCIA DEL CONDUCTOR,CHACABUCO,OROMPELLO,CHACABUCO - OROMPELLO,0,BIDIRECCIONAL CON BANDEJON,CONCRETO,BUENO,SECO,NUBLADO,0,0,0,0,0
-8133155.06165641,-4414876.3745209,3670,1539359,-36.825966,-73.061375,2023/06/19 00:00:00+00,1899/12/30 00:00:00+00,8,REGION BIO BIO,CONCEPCION,COLISION PERPENDICULAR,COLISION,URBANA,TRAMO DE VIA RECTA,VIRAJES INDEBIDOS,IMPRUDENCIA DEL CONDUCTOR,ARTURO PRAT,LAS HERAS,ARTURO PRAT - LAS HERAS,0,BIDIRECCIONAL CON BANDEJON,CONCRETO,BUENO,MOJADO,NUBLADO,0,1,0,0,1
-8131906.05696971,-4412789.84227066,3671,1539696,-36.810961,-73.050155,2023/06/20 00:00:00+00,1899/12/30 00:00:00+00,8,REGION BIO BIO,CONCEPCION,CHOQUE FRONTAL,CHOQUE,URBANA,ROTONDA,CONDUCCION BAJO LA INFLUENCIA DEL ALCOHOL,ALCOHOL EN CONDUCTOR,PAICAVI,LOS CARRERA,LOS CARRERA - PAICAVI,0,BIDIRECCIONAL CON BANDEJON,CONCRETO,BUENO,MOJADO,LLOVIZNA,0,1,0,0,1
-8088632.71999415,-4510433.79639119,3672,1540028,-37.509994,-72.661424,2023/06/20 00:00:00+00,1899/12/30 00:00:00+00,8,REGION BIO BIO,NACIMIENTO,COLISION POR ALCANCE,COLISION,URBANA,TRAMO DE VIA RECTA,CONDUCCION NO ATENTO CONDICIONES TRANSITO MOMENTO,IMPRUDENCIA DEL CONDUCTOR,JULIO HEMMELMANN,OCTAVIO JARA WOLFF,JULIO HEMMELMANN - OCTAVIO JARA WOLFF,0,BIDIRECCIONAL,ASFALTO,BUENO,SECO,NUBLADO,0,2,0,0,2
-8128156.7052003,-4431592.72201713,3673,1543164,-36.946073,-73.016474,2023/06/20 00:00:00+00,1899/12/30 00:00:00+00,8,REGION BIO BIO,CHIGUAYANTE,ATROPELLO,ATROPELLO,URBANA,CRUCE CON SEMAFORO FUNCIONANDO,NO RESPETAR DERECHO PREFERENTE DE PASO A PEATON,IMPRUDENCIA DEL CONDUCTOR,MANUEL RODRIGUEZ,ESPERANZA,ESPERANZA - MANUEL RODRIGUEZ,0,BIDIRECCIONAL CON BANDEJON,CONCRETO,BUENO,SECO,DESPEJADO,0,1,0,0,1
-8135818.49179313,-4403804.69636328,3674,1540755,-36.746312,-73.085301,2023/06/20 00:00:00+00,1899/12/30 00:00:00+00,8,REGION BIO BIO,TALCAHUANO,CHOQUE LADO/LADO,CHOQUE,URBANA,TRAMO DE VIA RECTA,CONDUCCION NO ATENTO CONDICIONES TRANSITO MOMENTO,IMPRUDENCIA DEL CONDUCTOR,LOS CEDROS, ,- LOS CEDROS,624,BIDIRECCIONAL,CONCRETO,BUENO,SECO,DESPEJADO,0,0,0,0,0
-8132846.48402793,-4415479.25758114,3675,1539679,-36.830301,-73.058603,2023/06/20 00:00:00+00,1899/12/30 00:00:00+00,8,REGION BIO BIO,CONCEPCION,COLISION LATERAL,COLISION,URBANA,TRAMO DE VIA RECTA,CONDUCCION CAMBIAR SORPRESIVAMENTE PISTA CIRCULACION,IMPRUDENCIA DEL CONDUCTOR,ARTURO PRAT,BARROS ARANA,ARTURO PRAT - BARROS ARANA,0,UNIDIRECCIONAL,CONCRETO,BUENO,SECO,DESPEJADO,0,0,0,0,0
-8055952.54576247,-4505012.69588581,3676,1540796,-37.471354,-72.367853,2023/06/20 00:00:00+00,1899/12/30 00:00:00+00,8,REGION BIO BIO,LOS ANGELES,COLISION,COLISION,URBANA,TRAMO DE VIA RECTA,CONDUCCION NO ATENTO CONDICIONES TRANSITO MOMENTO,IMPRUDENCIA DEL CONDUCTOR,LOS EUCALIPTUS,LOS AVELLANOS,LOS AVELLANOS - LOS EUCALIPTUS,0,UNIDIRECCIONAL,CONCRETO,BUENO,SECO,DESPEJADO,0,0,0,0,0
-8133432.24718848,-4410177.28241086,3677,1539797,-36.792169,-73.063865,2023/06/20 00:00:00+00,1899/12/30 00:00:00+00,8,REGION BIO BIO,CONCEPCION,COLISION,COLISION,URBANA,ENLACE A DESNIVEL,CONDUCCION SIN MANTENER DISTANCIA RAZONABLE NI PRUDENTE,IMPRUDENCIA DEL CONDUCTOR,JORGE ALESSANDRI RODRIGUEZ,21 DE MAYO,21 DE MAYO - JORGE ALESSANDRI RODRIGUEZ,0,BIDIRECCIONAL,CONCRETO,BUENO,HUMEDO,DESPEJADO,0,0,0,0,0
-8131897.26272994,-4415922.92345108,3678,1539820,-36.833491,-73.050076,2023/06/20 00:00:00+00,1899/12/30 00:00:00+00,8,REGION BIO BIO,CONCEPCION,COLISION PERPENDICULAR,COLISION,URBANA,CRUCE SIN SEÑALIZACION,NO RESPETAR DERECHO PREFERENTE DE PASO A VEHICULO,IMPRUDENCIA DEL CONDUCTOR,CICLOVIA VICTOR LAMAS,HOSPICIO,CICLOVIA VICTOR LAMAS - HOSPICIO,0,BIDIRECCIONAL,CONCRETO,BUENO,SECO,NUBLADO,0,0,0,0,0
-8132012.03312494,-4415696.4985576,3679,1539690,-36.831863,-73.051107,2023/06/20 00:00:00+00,1899/12/30 00:00:00+00,8,REGION BIO BIO,CONCEPCION,COLISION PERPENDICULAR,COLISION,URBANA,CRUCE CON SEMAFORO FUNCIONANDO,SEÑALIZACION MAL INSTALADA O MANTENIDA FORMA DEFECTUOSA,DEFICIENCIAS VIALES,CHACABUCO,LINCOYAN,CHACABUCO - LINCOYAN,0,BIDIRECCIONAL CON BANDEJON,CONCRETO,BUENO,SECO,DESPEJADO,0,0,0,0,0
-8094962.45756014,-4477584.53728669,3680,1541232,-37.275548,-72.718285,2023/06/20 00:00:00+00,1899/12/30 00:00:00+00,8,REGION BIO BIO,LAJA,CHOQUE FRENTE/LADO,CHOQUE,URBANA,TRAMO DE VIA RECTA,CONDUCCION NO ATENTO CONDICIONES TRANSITO MOMENTO,IMPRUDENCIA DEL CONDUCTOR,BALMACEDA, ,- BALMACEDA,680,BIDIRECCIONAL,ASFALTO,BUENO,SECO,NUBLADO,0,0,0,0,0
-8161917.90300706,-4473455.06611132,3681,1543154,-37.246024,-73.319756,2023/06/20 00:00:00+00,1899/12/30 00:00:00+00,8,REGION BIO BIO,ARAUCO,ATROPELLO,ATROPELLO,URBANA,TRAMO DE VIA RECTA,NO RESPETAR DERECHO PREFERENTE DE PASO A PEATON,IMPRUDENCIA DEL CONDUCTOR,CARLOS CONDELL,SERRANO,CARLOS CONDELL - SERRANO,0,BIDIRECCIONAL,CONCRETO,BUENO,MOJADO,LLUVIA,0,1,0,0,1
-8135326.6822828,-4412575.44140526,3682,1543013,-36.809419,-73.080883,2023/06/20 00:00:00+00,1899/12/30 00:00:00+00,8,REGION BIO BIO,CONCEPCION,COLISION PERPENDICULAR,COLISION,URBANA,TRAMO DE VIA RECTA,CONDUCCION NO ATENTO CONDICIONES TRANSITO MOMENTO,IMPRUDENCIA DEL CONDUCTOR,JORGE ALESSANDRI RODRIGUEZ, ,- JORGE ALESSANDRI RODRIGUEZ,277,BIDIRECCIONAL CON BANDEJON,CONCRETO,BUENO,SECO,DESPEJADO,0,0,0,0,0
-8053449.19305352,-4504433.71299849,3683,1540804,-37.467226,-72.345365,2023/06/20 00:00:00+00,1899/12/30 00:00:00+00,8,REGION BIO BIO,LOS ANGELES,CHOQUE FRENTE/FRENTE,CHOQUE,URBANA,TRAMO DE VIA CURVA HORIZONTAL,CONDUCCION NO ATENTO CONDICIONES TRANSITO MOMENTO,IMPRUDENCIA DEL CONDUCTOR,COSTANERA,VOLCAN CALBUCO,COSTANERA - VOLCAN CALBUCO,0,BIDIRECCIONAL,CONCRETO,BUENO,SECO,DESPEJADO,0,0,0,0,0
-8137080.07558229,-4408457.33561571,3684,1539837,-36.779795,-73.096634,2023/06/20 00:00:00+00,1899/12/30 00:00:00+00,8,REGION BIO BIO,TALCAHUANO,COLISION,COLISION,URBANA,CRUCE SIN SEÑALIZACION,VELOCIDAD MAYOR QUE MAXIMA PERMITIDA,VELOCIDAD IMPRUDENTE,DALCAHUE,CHILOE,CHILOE - DALCAHUE,0,BIDIRECCIONAL,CONCRETO,BUENO,HUMEDO,DESPEJADO,0,0,0,0,0
-8132507.85013694,-4414714.35986765,3685,1540008,-36.824801,-73.055561,2023/06/20 00:00:00+00,1899/12/30 00:00:00+00,8,REGION BIO BIO,CONCEPCION,ATROPELLO,ATROPELLO,URBANA,TRAMO DE VIA RECTA,IMPRUDENCIA DEL PEATON,IMPRUDENCIA DEL PEATON,LOS CARRERA,LINCOYAN,LINCOYAN - LOS CARRERA,0,BIDIRECCIONAL CON BANDEJON,CONCRETO,BUENO,MOJADO,LLUVIA,0,1,0,0,1
-8091554.96794696,-4509904.61049985,3686,1540030,-37.506223,-72.687675,2023/06/20 00:00:00+00,1899/12/30 00:00:00+00,8,REGION BIO BIO,NACIMIENTO,CHOQUE,CHOQUE,URBANA,TRAMO DE VIA RECTA,VELOCIDAD NO RAZONABLE NI PRUDENTE,VELOCIDAD IMPRUDENTE,FRANCISCO FIGUEROA, ,- FRANCISCO FIGUEROA,1022,BIDIRECCIONAL,CONCRETO,BUENO,SECO,DESPEJADO,0,0,0,0,0
-8128676.34458332,-4430094.36345455,3687,1540022,-36.935315,-73.021142,2023/06/20 00:00:00+00,1899/12/30 00:00:00+00,8,REGION BIO BIO,CHIGUAYANTE,VOLCADURA,VOLCADURA,URBANA,TRAMO DE VIA RECTA,CONDUCCION CAMBIAR SORPRESIVAMENTE PISTA CIRCULACION,IMPRUDENCIA DEL CONDUCTOR,CARDENAL SILVA HENRIQUEZ, ,- CARDENAL SILVA HENRIQUEZ,2220,BIDIRECCIONAL,ASFALTO,BUENO,HUMEDO,LLUVIA,0,1,0,1,0
-8130833.49367591,-4411252.42498543,3688,1539800,-36.799903,-73.04052,2023/06/21 00:00:00+00,1899/12/30 00:00:00+00,8,REGION BIO BIO,CONCEPCION,COLISION POR ALCANCE,COLISION,URBANA,TRAMO DE VIA RECTA,CONDUCCION SIN MANTENER DISTANCIA RAZONABLE NI PRUDENTE,IMPRUDENCIA DEL CONDUCTOR,LOS CARRERA,PADRE HURTADO,LOS CARRERA - PADRE HURTADO,0,BIDIRECCIONAL CON BANDEJON,CONCRETO,BUENO,MOJADO,LLOVIZNA,0,0,0,0,0
-8126676.60125071,-4414133.35249389,3689,1539869,-36.820623,-73.003178,2023/06/21 00:00:00+00,1899/12/30 00:00:00+00,8,REGION BIO BIO,CONCEPCION,CHOQUE FRONTAL,CHOQUE,URBANA,TRAMO DE VIA RECTA,VELOCIDAD NO RAZONABLE NI PRUDENTE,VELOCIDAD IMPRUDENTE,GENERAL BONILLA, ,- GENERAL BONILLA,2010,BIDIRECCIONAL CON BANDEJON,CONCRETO,BUENO,MOJADO,NUBLADO,0,0,0,0,0
-8129672.20874796,-4413141.76381769,3690,1539877,-36.813492,-73.030088,2023/06/21 00:00:00+00,1899/12/30 00:00:00+00,8,REGION BIO BIO,CONCEPCION,CHOQUE FRONTAL,CHOQUE,URBANA,TRAMO DE VIA RECTA,CONDUCCION EN ESTADO DE EBRIEDAD,ALCOHOL EN CONDUCTOR,JUAN BOSCO,BAQUEDANO,BAQUEDANO - JUAN BOSCO,0,BIDIRECCIONAL CON BANDEJON,CONCRETO,BUENO,MOJADO,NUBLADO,0,0,0,0,0
-8131601.82080137,-4414775.82779762,3691,1539887,-36.825243,-73.047422,2023/06/21 00:00:00+00,1899/12/30 00:00:00+00,8,REGION BIO BIO,CONCEPCION,ATROPELLO,ATROPELLO,URBANA,CRUCE CON SEMAFORO FUNCIONANDO,NO RESPETAR DERECHO PREFERENTE DE PASO A PEATON,IMPRUDENCIA DEL CONDUCTOR,CASTELLON,BARROS ARANA,BARROS ARANA - CASTELLON,0,UNIDIRECCIONAL,CONCRETO,BUENO,MOJADO,LLUVIA,0,1,0,0,1
-8139345.09326146,-4400814.20065655,3692,1542102,-36.724783,-73.116981,2023/06/21 00:00:00+00,1899/12/30 00:00:00+00,8,REGION BIO BIO,TALCAHUANO,CHOQUE LATERAL,CHOQUE,URBANA,TRAMO DE VIA RECTA,VELOCIDAD NO RAZONABLE NI PRUDENTE,VELOCIDAD IMPRUDENTE,CRISTOBAL COLON, ,- CRISTOBAL COLON,2190,BIDIRECCIONAL,CONCRETO,BUENO,SECO,DESPEJADO,0,0,0,0,0
-8055701.63163023,-4503845.50585766,3693,1541003,-37.463032,-72.365599,2023/06/21 00:00:00+00,1899/12/30 00:00:00+00,8,REGION BIO BIO,LOS ANGELES,CHOQUE FRONTAL,CHOQUE,URBANA,TRAMO DE VIA RECTA,FALLAS MECANICAS DIRECCION,FALLAS MECANICAS,BOMBERO FRANCISCO RIOSECO,LAS PRIMULAS,BOMBERO FRANCISCO RIOSECO - LAS PRIMULAS,0,UNIDIRECCIONAL,CONCRETO,BUENO,SECO,DESPEJADO,0,0,0,0,0
-8053915.84435892,-4505020.55052464,3694,1540925,-37.47141,-72.349557,2023/06/21 00:00:00+00,1899/12/30 00:00:00+00,8,REGION BIO BIO,LOS ANGELES,COLISION LATERAL,COLISION,URBANA,CRUCE CON SEMAFORO FUNCIONANDO,CONDUCCION NO ATENTO CONDICIONES TRANSITO MOMENTO,IMPRUDENCIA DEL CONDUCTOR,CAUPOLICAN,ALMAGRO,ALMAGRO - CAUPOLICAN,0,UNIDIRECCIONAL,CONCRETO,BUENO,MOJADO,LLOVIZNA,0,1,0,0,1
-8008922.39861162,-4472799.79213961,3695,1541018,-37.241338,-71.945374,2023/06/21 00:00:00+00,1899/12/30 00:00:00+00,8,REGION BIO BIO,TUCAPEL,COLISION LATERAL,COLISION,URBANA,CRUCE SIN SEÑALIZACION,VELOCIDAD NO RAZONABLE NI PRUDENTE,VELOCIDAD IMPRUDENTE,PEDRO AGUIRRE CERDA,ARTURO PRAT,ARTURO PRAT - PEDRO AGUIRRE CERDA,0,BIDIRECCIONAL,ASFALTO,REGULAR,MOJADO,NUBLADO,0,1,1,0,0
-8133205.9346637,-4415228.50414538,3696,1539808,-36.828498,-73.061832,2023/06/21 00:00:00+00,1899/12/30 00:00:00+00,8,REGION BIO BIO,CONCEPCION,CHOQUE POSTERIOR,CHOQUE,URBANA,CRUCE CON SEÑAL CEDA EL PASO,CONDUCCION NO ATENTO CONDICIONES TRANSITO MOMENTO,IMPRUDENCIA DEL CONDUCTOR,PADRE HURTADO,MAIPU,MAIPU - PADRE HURTADO,0,UNIDIRECCIONAL,CONCRETO,BUENO,SECO,NUBLADO,0,1,0,0,1
-8051424.62547446,-4500771.2088336,3697,1541008,-37.441108,-72.327178,2023/06/21 00:00:00+00,1899/12/30 00:00:00+00,8,REGION BIO BIO,LOS ANGELES,CHOQUE FRENTE/POSTERIOR,CHOQUE,URBANA,CRUCE CON SEÑAL CEDA EL PASO,FALLAS MECANICAS SUSPENSION,FALLAS MECANICAS,LAS INDUSTRIAS,SOR VICENTA,LAS INDUSTRIAS - SOR VICENTA,0,UNIDIRECCIONAL,CONCRETO,BUENO,HUMEDO,LLOVIZNA,0,0,0,0,0
-8135944.50545671,-4407385.25456534,3698,1540715,-36.772081,-73.086433,2023/06/21 00:00:00+00,1899/12/30 00:00:00+00,8,REGION BIO BIO,TALCAHUANO,ATROPELLO,ATROPELLO,URBANA,CRUCE CON SEMAFORO FUNCIONANDO,SEÑALIZACION DESOBEDECER LUZ ROJA DE SEMAFORO,DESOBEDIENCIA A SEÑALIZACION,LOS PINOS, ,- LOS PINOS,10,BIDIRECCIONAL,CONCRETO,BUENO,SECO,DESPEJADO,0,1,1,0,0
-8057461.2588212,-4504540.16602876,3699,1540966,-37.467985,-72.381406,2023/06/21 00:00:00+00,1899/12/30 00:00:00+00,8,REGION BIO BIO,LOS ANGELES,COLISION LATERAL,COLISION,URBANA,CRUCE CON SEÑAL PARE,CONDUCCION NO ATENTO CONDICIONES TRANSITO MOMENTO,IMPRUDENCIA DEL CONDUCTOR,NAHUELBUTA,GALVARINO,GALVARINO - NAHUELBUTA,0,BIDIRECCIONAL CON BANDEJON,CONCRETO,BUENO,SECO,DESPEJADO,0,0,0,0,0
-8132256.93600469,-4413478.40136144,3700,1543045,-36.815913,-73.053307,2023/06/21 00:00:00+00,1899/12/30 00:00:00+00,8,REGION BIO BIO,CONCEPCION,ATROPELLO,ATROPELLO,URBANA,TRAMO DE VIA RECTA,NO RESPETAR DERECHO PREFERENTE DE PASO A PEATON,IMPRUDENCIA DEL CONDUCTOR,MANUEL RODRIGUEZ,CASTELLON,CASTELLON - MANUEL RODRIGUEZ,0,BIDIRECCIONAL,CONCRETO,BUENO,SECO,DESPEJADO,0,1,0,0,1
-8130783.28858557,-4414964.40583458,3701,1539830,-36.826599,-73.040069,2023/06/21 00:00:00+00,1899/12/30 00:00:00+00,8,REGION BIO BIO,CONCEPCION,ATROPELLO,ATROPELLO,URBANA,OTROS NO CONSIDERADOS,NO RESPETAR DERECHO PREFERENTE DE PASO A PEATON,IMPRUDENCIA DEL CONDUCTOR,PAICAVI,PLAZA PERU,PAICAVI - PLAZA PERU,0,UNIDIRECCIONAL,CONCRETO,BUENO,MOJADO,LLUVIA,0,1,0,0,1
-8141255.66968194,-4417335.82350143,3702,1547855,-36.843649,-73.134144,2023/06/21 00:00:00+00,1899/12/30 00:00:00+00,8,REGION BIO BIO,SAN PEDRO DE LA PAZ,CHOQUE FRONTAL,CHOQUE,URBANA,OTROS NO CONSIDERADOS,VELOCIDAD NO RAZONABLE NI PRUDENTE,VELOCIDAD IMPRUDENTE,MICHAIHUE, ,- MICHAIHUE,120,BIDIRECCIONAL,CONCRETO,BUENO,SECO,DESPEJADO,0,0,0,0,0
-8138402.10585495,-4410156.43122294,3703,1539875,-36.792019,-73.10851,2023/06/21 00:00:00+00,1899/12/30 00:00:00+00,8,REGION BIO BIO,HUALPEN,COLISION,COLISION,URBANA,CRUCE CON SEÑAL PARE,SEÑALIZACION DESOBEDECER SEÑAL PARE,DESOBEDIENCIA A SEÑALIZACION,GRAN BRETAÑA,BREMEN,BREMEN - GRAN BRETAÑA,0,BIDIRECCIONAL,CONCRETO,BUENO,MOJADO,LLUVIA,0,0,0,0,0
-8139345.09326146,-4400814.20065655,3704,1540710,-36.724783,-73.116981,2023/06/21 00:00:00+00,1899/12/30 00:00:00+00,8,REGION BIO BIO,TALCAHUANO,ATROPELLO,ATROPELLO,URBANA,TRAMO DE VIA RECTA,NO RESPETAR DERECHO PREFERENTE DE PASO A PEATON,IMPRUDENCIA DEL CONDUCTOR,DANIEL PAINE, ,- DANIEL PAINE,1022,BIDIRECCIONAL,CONCRETO,BUENO,SECO,DESPEJADO,0,1,1,0,0
-8139640.64650952,-4416230.30156413,3705,1547998,-36.835701,-73.119636,2023/06/21 00:00:00+00,1899/12/30 00:00:00+00,8,REGION BIO BIO,SAN PEDRO DE LA PAZ,COLISION,COLISION,URBANA,CRUCE SIN SEÑALIZACION,CONDUCCION NO ATENTO CONDICIONES TRANSITO MOMENTO,IMPRUDENCIA DEL CONDUCTOR,DIAGONAL BIO BIO,LOS ALCOHONES,DIAGONAL BIO BIO - LOS ALCOHONES,0,UNIDIRECCIONAL,CONCRETO,BUENO,HUMEDO,LLUVIA,0,0,0,0,0
-8053904.15581239,-4503961.77022255,3706,1540953,-37.463861,-72.349452,2023/06/21 00:00:00+00,1899/12/30 00:00:00+00,8,REGION BIO BIO,LOS ANGELES,CHOQUE FRONTAL,CHOQUE,URBANA,CRUCE CON SEMAFORO FUNCIONANDO,VELOCIDAD NO RAZONABLE NI PRUDENTE,VELOCIDAD IMPRUDENTE,GALVARINO,ALMAGRO,ALMAGRO - GALVARINO,0,UNIDIRECCIONAL,CONCRETO,MALO,MOJADO,LLUVIA,0,0,0,0,0
-8055568.49351924,-4504819.27726115,3707,1540807,-37.469975,-72.364403,2023/06/21 00:00:00+00,1899/12/30 00:00:00+00,8,REGION BIO BIO,LOS ANGELES,COLISION LATERAL,COLISION,URBANA,TRAMO DE VIA RECTA,CONDUCCION EN ESTADO DE EBRIEDAD,ALCOHOL EN CONDUCTOR,COLO COLO,GABRIELA DECAP,COLO COLO - GABRIELA DECAP,0,BIDIRECCIONAL,CONCRETO,BUENO,MOJADO,LLUVIA,0,3,0,0,3
-8051424.62547446,-4500771.2088336,3708,1540996,-37.441108,-72.327178,2023/06/21 00:00:00+00,1899/12/30 00:00:00+00,8,REGION BIO BIO,LOS ANGELES,COLISION LATERAL,COLISION,URBANA,CRUCE CON SEMAFORO FUNCIONANDO,CONDUCCION NO ATENTO CONDICIONES TRANSITO MOMENTO,IMPRUDENCIA DEL CONDUCTOR,LAS INDUSTRIAS,SOR VICENTA,LAS INDUSTRIAS - SOR VICENTA,0,BIDIRECCIONAL CON BANDEJON,ASFALTO,REGULAR,MOJADO,LLUVIA,0,1,1,0,0
-8128538.08577576,-4432469.7178709,3709,1543212,-36.952369,-73.0199,2023/06/22 00:00:00+00,1899/12/30 00:00:00+00,8,REGION BIO BIO,CHIGUAYANTE,CHOQUE POSTERIOR/POSTERIOR,CHOQUE,URBANA,TRAMO DE VIA RECTA,CONDUCCION NO ATENTO CONDICIONES TRANSITO MOMENTO,IMPRUDENCIA DEL CONDUCTOR,PASAJE CINCO, ,- PASAJE CINCO,461,BIDIRECCIONAL,CONCRETO,REGULAR,MOJADO,LLOVIZNA,0,0,0,0,0
-8132650.00512668,-4415861.03164721,3710,1539884,-36.833046,-73.056838,2023/06/22 00:00:00+00,1899/12/30 00:00:00+00,8,REGION BIO BIO,CONCEPCION,ATROPELLO,ATROPELLO,URBANA,CRUCE CON SEMAFORO FUNCIONANDO,NO RESPETAR DERECHO PREFERENTE DE PASO A PEATON,IMPRUDENCIA DEL CONDUCTOR,ARTURO PRAT,COCHRANE,ARTURO PRAT - COCHRANE,0,UNIDIRECCIONAL,CONCRETO,BUENO,MOJADO,LLUVIA,0,1,0,0,1
-8136490.75019803,-4405128.87223912,3711,1540734,-36.755843,-73.09134,2023/06/22 00:00:00+00,1899/12/30 00:00:00+00,8,REGION BIO BIO,TALCAHUANO,COLISION LATERAL,COLISION,URBANA,CRUCE CON SEÑAL CEDA EL PASO,SEÑALIZACION DESOBEDECER SEÑAL CEDA EL PASO,DESOBEDIENCIA A SEÑALIZACION,LAS ROSAS,GOMEZ CARREÑO,GOMEZ CARREÑO - LAS ROSAS,0,BIDIRECCIONAL,CONCRETO,BUENO,SECO,DESPEJADO,0,0,0,0,0
-8051375.08830106,-4502136.0495934,3712,1541020,-37.450842,-72.326733,2023/06/22 00:00:00+00,1899/12/30 00:00:00+00,8,REGION BIO BIO,LOS ANGELES,COLISION LATERAL,COLISION,URBANA,TRAMO DE VIA RECTA,CONDUCCION NO ATENTO CONDICIONES TRANSITO MOMENTO,IMPRUDENCIA DEL CONDUCTOR,LAS INDUSTRIAS, ,- LAS INDUSTRIAS,7545,BIDIRECCIONAL CON BANDEJON,CONCRETO,BUENO,SECO,DESPEJADO,0,0,0,0,0
-8137207.42507976,-4417327.61651116,3713,1541502,-36.84359,-73.097778,2023/06/22 00:00:00+00,1899/12/30 00:00:00+00,8,REGION BIO BIO,SAN PEDRO DE LA PAZ,CHOQUE FRENTE/LADO,CHOQUE,URBANA,OTROS NO CONSIDERADOS,VELOCIDAD NO RAZONABLE NI PRUDENTE,VELOCIDAD IMPRUDENTE,MICHIMALONCO, ,- MICHIMALONCO,1300,BIDIRECCIONAL,CONCRETO,BUENO,SECO,DESPEJADO,0,0,0,0,0
-8053963.04382302,-4503045.71488971,3714,1541023,-37.457329,-72.349981,2023/06/22 00:00:00+00,1899/12/30 00:00:00+00,8,REGION BIO BIO,LOS ANGELES,COLISION FRONTAL,COLISION,URBANA,CRUCE CON SEÑAL CEDA EL PASO,CONDUCCION NO ATENTO CONDICIONES TRANSITO MOMENTO,IMPRUDENCIA DEL CONDUCTOR,ESMERALDA,CHORRILLOS,CHORRILLOS - ESMERALDA,0,BIDIRECCIONAL,CONCRETO,BUENO,MOJADO,LLUVIA,0,1,0,0,1
-8137440.3054545,-4417017.70293678,3715,1541501,-36.841362,-73.09987,2023/06/22 00:00:00+00,1899/12/30 00:00:00+00,8,REGION BIO BIO,SAN PEDRO DE LA PAZ,COLISION,COLISION,URBANA,CRUCE CON SEÑAL PARE,CONDUCCION SIN MANTENER DISTANCIA RAZONABLE NI PRUDENTE,IMPRUDENCIA DEL CONDUCTOR,LOS CANELOS,PEDRO LIRA,LOS CANELOS - PEDRO LIRA,0,BIDIRECCIONAL,CONCRETO,BUENO,MOJADO,LLUVIA,0,0,0,0,0
-8164754.88022993,-4506010.14183183,3716,1540194,-37.478465,-73.345241,2023/06/22 00:00:00+00,1899/12/30 00:00:00+00,8,REGION BIO BIO,CURANILAHUE,COLISION LATERAL,COLISION,URBANA,TRAMO DE VIA RECTA,NO RESPETAR DERECHO PREFERENTE DE PASO A VEHICULO,IMPRUDENCIA DEL CONDUCTOR,DIAGONAL SARGENTO ALDEA,SARGENTO ALDEA,DIAGONAL SARGENTO ALDEA - SARGENTO ALDEA,0,BIDIRECCIONAL,CONCRETO,BUENO,MOJADO,DESPEJADO,0,1,0,0,1
-8136202.54403637,-4403059.80683903,3717,1540740,-36.74095,-73.088751,2023/06/22 00:00:00+00,1899/12/30 00:00:00+00,8,REGION BIO BIO,TALCAHUANO,COLISION LATERAL,COLISION,URBANA,CRUCE CON SEÑAL CEDA EL PASO,SEÑALIZACION DESOBEDECER SEÑAL CEDA EL PASO,DESOBEDIENCIA A SEÑALIZACION,IQUIQUE,MANUEL BAYON,IQUIQUE - MANUEL BAYON,0,BIDIRECCIONAL,CONCRETO,BUENO,SECO,DESPEJADO,0,0,0,0,0
-8055191.00912596,-4504707.35136202,3718,1541095,-37.469177,-72.361012,2023/06/22 00:00:00+00,1899/12/30 00:00:00+00,8,REGION BIO BIO,LOS ANGELES,COLISION POR ALCANCE,COLISION,URBANA,CRUCE CON SEMAFORO FUNCIONANDO,CONDUCCION NO ATENTO CONDICIONES TRANSITO MOMENTO,IMPRUDENCIA DEL CONDUCTOR,MENDOZA,COLO COLO,COLO COLO - MENDOZA,0,UNIDIRECCIONAL,CONCRETO,BUENO,MOJADO,NUBLADO,0,0,0,0,0
-8127780.77927989,-4406265.06318604,3719,1540016,-36.76402,-73.013097,2023/06/22 00:00:00+00,1899/12/30 00:00:00+00,8,REGION BIO BIO,CONCEPCION,CHOQUE FRENTE/LADO,CHOQUE,URBANA,TRAMO DE VIA RECTA,CONDUCCION NO ATENTO CONDICIONES TRANSITO MOMENTO,IMPRUDENCIA DEL CONDUCTOR,ANGELA CRUCHAGA, ,- ANGELA CRUCHAGA,301,BIDIRECCIONAL,CONCRETO,BUENO,HUMEDO,LLUVIA,0,0,0,0,0