X,Y,FID,Idaccident,Latitude,Longitude,Fecha,Hora,Cód_Regi,Región,Comuna,Tipo_Accid,Tipo__CONA,Zona,Ubicación,Causa,Causa__CON,Calle_Uno,Calle_Dos,Intersecci,Número,Calzada,Tipo_Calza,Estado_Cal,Condición,Estado_Atm,Fallecidos,Lesionados,Graves,Menos_Grav,Leves
-8057614.54576002,-4503984.35006172,3720,1541027,-37.464022,-72.382783,2023/06/22 00:00:00+00,1899/12/30 00:00:00+00,8,REGION BIO BIO,LOS ANGELES,COLISION LATERAL,COLISION,URBANA,CRUCE CON SEÑAL PARE,SEÑALIZACION DESOBEDECER SEÑAL PARE,DESOBEDIENCIA A SEÑALIZACION,NAHUELBUTA,ABELARDO SEGUNDO,ABELARDO SEGUNDO - NAHUELBUTA,0,UNIDIRECCIONAL,CONCRETO,BUENO,MOJADO,LLUVIA,0,1,0,0,1
-8139404.09259158,-4399474.45165942,3721,1542122,-36.715136,-73.117511,2023/06/22 00:00:00+00,1899/12/30 00:00:00+00,8,REGION BIO BIO,TALCAHUANO,COLISION LATERAL,COLISION,URBANA,TRAMO DE VIA RECTA,ADELANTAMIENTO SIN EL ESPACIO O TIEMPO SUFICIENTE,IMPRUDENCIA DEL CONDUCTOR,VALDIVIA, ,- VALDIVIA,515,BIDIRECCIONAL,CONCRETO,BUENO,SECO,DESPEJADO,0,0,0,0,0
-8138562.73988017,-4409413.73853343,3722,1539980,-36.786676,-73.109953,2023/06/22 00:00:00+00,1899/12/30 00:00:00+00,8,REGION BIO BIO,HUALPEN,ATROPELLO,ATROPELLO,URBANA,ENLACE A DESNIVEL,PEATON CRUZA CALZADA FUERA PASO PEATONES,IMPRUDENCIA DEL PEATON,JORGE ALESSANDRI RODRIGUEZ,CRISTOBAL COLON,CRISTOBAL COLON - JORGE ALESSANDRI RODRIGUEZ,0,BIDIRECCIONAL CON BANDEJON,CONCRETO,BUENO,MOJADO,LLUVIA,0,1,1,0,0
-8091732.41121528,-4509080.64368121,3723,1540031,-37.500351,-72.689269,2023/06/22 00:00:00+00,1899/12/30 00:00:00+00,8,REGION BIO BIO,NACIMIENTO,ATROPELLO,ATROPELLO,URBANA,TRAMO DE VIA RECTA,EBRIEDAD DEL PEATON,ALCOHOL EN PEATON,LOS NOTROS, ,- LOS NOTROS,1009,BIDIRECCIONAL,ASFALTO,BUENO,SECO,NUBLADO,0,1,0,0,1
-8138221.10036292,-4400830.31144343,3724,1542099,-36.724899,-73.106884,2023/06/22 00:00:00+00,1899/12/30 00:00:00+00,8,REGION BIO BIO,TALCAHUANO,COLISION LATERAL,COLISION,URBANA,CRUCE CON SEMAFORO FUNCIONANDO,SEÑALIZACION DESOBEDECER LUZ ROJA DE SEMAFORO,DESOBEDIENCIA A SEÑALIZACION,PEREZ GACITUA, ,- PEREZ GACITUA,80,BIDIRECCIONAL CON BANDEJON,CONCRETO,BUENO,SECO,DESPEJADO,0,0,0,0,0
-8051354.82815373,-4504302.85719705,3725,1541080,-37.466293,-72.326551,2023/06/22 00:00:00+00,1899/12/30 00:00:00+00,8,REGION BIO BIO,LOS ANGELES,COLISION,COLISION,URBANA,TRAMO DE VIA RECTA,CONDUCCION NO ATENTO CONDICIONES TRANSITO MOMENTO,IMPRUDENCIA DEL CONDUCTOR,ALEMANIA,LAS INDUSTRIAS,ALEMANIA - LAS INDUSTRIAS,0,UNIDIRECCIONAL,CONCRETO,REGULAR,HUMEDO,NUBLADO,0,0,0,0,0
-8172041.74277777,-4524527.47481001,3726,1542042,-37.610356,-73.4107,2023/06/22 00:00:00+00,1899/12/30 00:00:00+00,8,REGION BIO BIO,LOS ALAMOS,ATROPELLO,ATROPELLO,URBANA,CRUCE CON SEMAFORO FUNCIONANDO,CONDUCCION NO ATENTO CONDICIONES TRANSITO MOMENTO,IMPRUDENCIA DEL CONDUCTOR,DIEGO PORTALES,PILPILCO,DIEGO PORTALES - PILPILCO,0,BIDIRECCIONAL CON BANDEJON,ASFALTO,BUENO,MOJADO,LLUVIA,0,1,0,0,1
-8164389.86361962,-4505254.78978007,3727,1539943,-37.47308,-73.341962,2023/06/22 00:00:00+00,1899/12/30 00:00:00+00,8,REGION BIO BIO,CURANILAHUE,CHOQUE FRENTE/POSTERIOR,CHOQUE,URBANA,CRUCE CON SEÑAL CEDA EL PASO,CONDUCCION BAJO LA INFLUENCIA DEL ALCOHOL,ALCOHOL EN CONDUCTOR,ALAMEDA,CAMILO HENRIQUEZ,ALAMEDA - CAMILO HENRIQUEZ,0,BIDIRECCIONAL,CONCRETO,REGULAR,MOJADO,LLUVIA,0,0,0,0,0
-8077606.63575056,-4452877.42520749,3728,1541244,-37.09873,-72.562375,2023/06/22 00:00:00+00,1899/12/30 00:00:00+00,8,REGION BIO BIO,YUMBEL,CHOQUE POSTERIOR/FRENTE,CHOQUE,URBANA,TRAMO DE VIA RECTA,CONDUCCION NO ATENTO CONDICIONES TRANSITO MOMENTO,IMPRUDENCIA DEL CONDUCTOR,VALDIVIA, ,- VALDIVIA,550,UNIDIRECCIONAL,CONCRETO,BUENO,MOJADO,LLUVIA,0,0,0,0,0
-8135989.14457251,-4410247.62071925,3729,1539938,-36.792675,-73.086834,2023/06/22 00:00:00+00,1899/12/30 00:00:00+00,8,REGION BIO BIO,HUALPEN,COLISION,COLISION,URBANA,CRUCE SIN SEÑALIZACION,CONDUCCION CAMBIAR SORPRESIVAMENTE PISTA CIRCULACION,IMPRUDENCIA DEL CONDUCTOR,CARAMPANGUE,CRISTOBAL COLON,CARAMPANGUE - CRISTOBAL COLON,0,BIDIRECCIONAL,CONCRETO,MALO,MOJADO,LLUVIA,0,0,0,0,0
-8131906.05696971,-4412789.84227066,3730,1540021,-36.810961,-73.050155,2023/06/22 00:00:00+00,1899/12/30 00:00:00+00,8,REGION BIO BIO,CONCEPCION,COLISION,COLISION,URBANA,TRAMO DE VIA RECTA,CONDUCCION NO ATENTO CONDICIONES TRANSITO MOMENTO,IMPRUDENCIA DEL CONDUCTOR,PAICAVI,LOS CARRERA,LOS CARRERA - PAICAVI,0,BIDIRECCIONAL,CONCRETO,BUENO,MOJADO,LLUVIA,0,1,0,0,1
-8052675.41127301,-4504624.88041143,3731,1541133,-37.468589,-72.338414,2023/06/23 00:00:00+00,1899/12/30 00:00:00+00,8,REGION BIO BIO,LOS ANGELES,COLISION POR ALCANCE,COLISION,URBANA,TRAMO DE VIA RECTA,CONDUCCION NO ATENTO CONDICIONES TRANSITO MOMENTO,IMPRUDENCIA DEL CONDUCTOR,ALEMANIA,MARCONI,ALEMANIA - MARCONI,0,UNIDIRECCIONAL,CONCRETO,BUENO,MOJADO,LLUVIA,0,1,0,0,1
-8142008.18943971,-4423388.3255372,3732,1548087,-36.887148,-73.140904,2023/06/23 00:00:00+00,1899/12/30 00:00:00+00,8,REGION BIO BIO,SAN PEDRO DE LA PAZ,ATROPELLO,ATROPELLO,URBANA,CRUCE CON SEÑAL CEDA EL PASO,CONDUCCION NO ATENTO CONDICIONES TRANSITO MOMENTO,IMPRUDENCIA DEL CONDUCTOR,PORTAL SAN PEDRO,LOS PARQUES,LOS PARQUES - PORTAL SAN PEDRO,0,BIDIRECCIONAL,CONCRETO,BUENO,MOJADO,LLOVIZNA,0,1,0,0,1
-8140297.65414418,-4404534.77194,3733,1540784,-36.751567,-73.125538,2023/06/23 00:00:00+00,1899/12/30 00:00:00+00,8,REGION BIO BIO,TALCAHUANO,COLISION LATERAL,COLISION,URBANA,TRAMO DE VIA RECTA,VIRAJES INDEBIDOS,IMPRUDENCIA DEL CONDUCTOR,GRAN BRETAÑA, ,- GRAN BRETAÑA,2910,BIDIRECCIONAL CON BANDEJON,CONCRETO,BUENO,SECO,DESPEJADO,0,0,0,0,0
-8131104.22267752,-4413996.24049232,3734,1540425,-36.819637,-73.042952,2023/06/23 00:00:00+00,1899/12/30 00:00:00+00,8,REGION BIO BIO,CONCEPCION,ATROPELLO,ATROPELLO,URBANA,CRUCE CON SEMAFORO FUNCIONANDO,NO RESPETAR DERECHO PREFERENTE DE PASO A PEATON,IMPRUDENCIA DEL CONDUCTOR,JANEQUEO,LOS CARRERA,JANEQUEO - LOS CARRERA,0,UNIDIRECCIONAL,CONCRETO,BUENO,MOJADO,LLUVIA,1,0,0,0,0
-8139385.27959763,-4401340.17486494,3735,1540780,-36.72857,-73.117342,2023/06/23 00:00:00+00,1899/12/30 00:00:00+00,8,REGION BIO BIO,TALCAHUANO,CHOQUE FRENTE/POSTERIOR,CHOQUE,URBANA,TRAMO DE VIA RECTA,CONDUCCION SIN MANTENER DISTANCIA RAZONABLE NI PRUDENTE,IMPRUDENCIA DEL CONDUCTOR,JUAN ANTONIO RIOS, ,- JUAN ANTONIO RIOS,11,BIDIRECCIONAL,CONCRETO,BUENO,SECO,DESPEJADO,0,0,0,0,0
-8132939.21316376,-4415300.26658829,3736,1540738,-36.829014,-73.059436,2023/06/23 00:00:00+00,1899/12/30 00:00:00+00,8,REGION BIO BIO,CONCEPCION,COLISION PERPENDICULAR,COLISION,URBANA,CRUCE CON SEMAFORO FUNCIONANDO,SEÑALIZACION DESOBEDECER LUZ ROJA DE SEMAFORO,DESOBEDIENCIA A SEÑALIZACION,ARTURO PRAT,FREIRE,ARTURO PRAT - FREIRE,0,UNIDIRECCIONAL,CONCRETO,BUENO,MOJADO,LLUVIA,0,0,0,0,0
-8008575.74971729,-4472715.7533338,3737,1541122,-37.240737,-71.94226,2023/06/23 00:00:00+00,1899/12/30 00:00:00+00,8,REGION BIO BIO,TUCAPEL,ATROPELLO,ATROPELLO,URBANA,CRUCE SIN SEÑALIZACION,VELOCIDAD NO RAZONABLE NI PRUDENTE,VELOCIDAD IMPRUDENTE,ARTURO PRAT,12 DE FEBRERO,12 DE FEBRERO - ARTURO PRAT,0,UNIDIRECCIONAL,ASFALTO,REGULAR,MOJADO,LLUVIA,0,2,0,1,1
-8163878.12792044,-4506504.62181689,3738,1540215,-37.48199,-73.337365,2023/06/23 00:00:00+00,1899/12/30 00:00:00+00,8,REGION BIO BIO,CURANILAHUE,ATROPELLO,ATROPELLO,URBANA,TRAMO DE VIA RECTA,PEATON CRUZA CALZADA FORMA SORPRESIVA O DESCUIDADA,IMPRUDENCIA DEL PEATON,PEDRO AGUIRRE CERDA, ,- PEDRO AGUIRRE CERDA,251,BIDIRECCIONAL,ASFALTO,REGULAR,MOJADO,LLUVIA,0,1,1,0,0
-8135799.4561602,-4416773.45066521,3739,1541505,-36.839606,-73.08513,2023/06/23 00:00:00+00,1899/12/30 00:00:00+00,8,REGION BIO BIO,SAN PEDRO DE LA PAZ,COLISION,COLISION,URBANA,TRAMO DE VIA RECTA,CONDUCCION SIN MANTENER DISTANCIA RAZONABLE NI PRUDENTE,IMPRUDENCIA DEL CONDUCTOR,PEDRO AGUIRRE CERDA, ,- PEDRO AGUIRRE CERDA,595,BIDIRECCIONAL,CONCRETO,REGULAR,HUMEDO,NUBLADO,0,1,0,0,1
-8137027.42146314,-4403003.12957274,3740,1540725,-36.740542,-73.096161,2023/06/23 00:00:00+00,1899/12/30 00:00:00+00,8,REGION BIO BIO,TALCAHUANO,COLISION LATERAL,COLISION,URBANA,CRUCE CON SEMAFORO FUNCIONANDO,SEÑALIZACION DESOBEDECER LUZ ROJA DE SEMAFORO,DESOBEDIENCIA A SEÑALIZACION,MANUEL MONTT,CRISTOBAL COLON,CRISTOBAL COLON - MANUEL MONTT,0,BIDIRECCIONAL CON BANDEJON,CONCRETO,BUENO,SECO,DESPEJADO,0,0,0,0,0
-8059783.49471863,-4443920.22008363,3741,1541260,-37.034525,-72.402267,2023/06/23 00:00:00+00,1899/12/30 00:00:00+00,8,REGION BIO BIO,CABRERO,CHOQUE LADO/LADO,CHOQUE,URBANA,TRAMO DE VIA RECTA,CONDUCCION NO ATENTO CONDICIONES TRANSITO MOMENTO,IMPRUDENCIA DEL CONDUCTOR,RIO CLARO, ,- RIO CLARO,138,UNIDIRECCIONAL,ASFALTO,BUENO,MOJADO,LLUVIA,0,0,0,0,0
-8137151.76533436,-4416665.65318333,3742,1541504,-36.838831,-73.097278,2023/06/23 00:00:00+00,1899/12/30 00:00:00+00,8,REGION BIO BIO,SAN PEDRO DE LA PAZ,CHOQUE POSTERIOR/FRENTE,CHOQUE,URBANA,CRUCE CON SEMAFORO FUNCIONANDO,VELOCIDAD NO RAZONABLE NI PRUDENTE,VELOCIDAD IMPRUDENTE,PUENTE PATRICIO AYLWIN AZOCAR,PEDRO AGUIRRE CERDA,PEDRO AGUIRRE CERDA - PUENTE PATRICIO AYLWIN AZOCAR,0,UNIDIRECCIONAL,CONCRETO,REGULAR,MOJADO,LLUVIA,0,1,0,0,1
-8055894.2143493,-4502328.29692943,3743,1541106,-37.452213,-72.367329,2023/06/23 00:00:00+00,1899/12/30 00:00:00+00,8,REGION BIO BIO,LOS ANGELES,COLISION LATERAL,COLISION,URBANA,TRAMO DE VIA RECTA,CONDUCCION NO ATENTO CONDICIONES TRANSITO MOMENTO,IMPRUDENCIA DEL CONDUCTOR,DON VICTOR, ,- DON VICTOR,1620,BIDIRECCIONAL,CONCRETO,BUENO,MOJADO,LLUVIA,0,0,0,0,0
-8133384.9364049,-4414990.2729941,3744,1548602,-36.826785,-73.06344,2023/06/23 00:00:00+00,1899/12/30 00:00:00+00,8,REGION BIO BIO,CONCEPCION,COLISION,COLISION,URBANA,CRUCE SIN SEÑALIZACION,CONDUCCION NO ATENTO CONDICIONES TRANSITO MOMENTO,IMPRUDENCIA DEL CONDUCTOR,DESIDERIO SANHUEZA,PASCUAL BINIMELIS,DESIDERIO SANHUEZA - PASCUAL BINIMELIS,0,UNIDIRECCIONAL,CONCRETO,BUENO,MOJADO,LLOVIZNA,0,0,0,0,0
-8137390.43432262,-4404680.93199205,3745,1542103,-36.752619,-73.099422,2023/06/23 00:00:00+00,1899/12/30 00:00:00+00,8,REGION BIO BIO,TALCAHUANO,CHOQUE FRENTE/POSTERIOR,CHOQUE,URBANA,CRUCE CON SEÑAL CEDA EL PASO,CONDUCCION SIN MANTENER DISTANCIA RAZONABLE NI PRUDENTE,IMPRUDENCIA DEL CONDUCTOR,ALTO HORNO, ,- ALTO HORNO,758,BIDIRECCIONAL CON BANDEJON,CONCRETO,BUENO,SECO,DESPEJADO,0,0,0,0,0
-8091517.56459805,-4508817.13390964,3746,1541658,-37.498473,-72.687339,2023/06/23 00:00:00+00,1899/12/30 00:00:00+00,8,REGION BIO BIO,NACIMIENTO,CHOQUE,CHOQUE,URBANA,TRAMO DE VIA RECTA,CONDUCCION NO ATENTO CONDICIONES TRANSITO MOMENTO,IMPRUDENCIA DEL CONDUCTOR,JULIO HEMMELMANN,SAN MARTIN,JULIO HEMMELMANN - SAN MARTIN,0,BIDIRECCIONAL,ASFALTO,BUENO,MOJADO,LLUVIA,0,0,0,0,0
-8138983.97283333,-4400757.53532362,3747,1540349,-36.724375,-73.113737,2023/06/23 00:00:00+00,1899/12/30 00:00:00+00,8,REGION BIO BIO,TALCAHUANO,ATROPELLO,ATROPELLO,URBANA,CRUCE SIN SEÑALIZACION,NO RESPETAR DERECHO PREFERENTE DE PASO A PEATON,IMPRUDENCIA DEL CONDUCTOR,BILBAO, ,- BILBAO,1293,BIDIRECCIONAL,CONCRETO,BUENO,SECO,DESPEJADO,0,1,1,0,0
-8137076.40203909,-4409129.7692211,3748,1540431,-36.784633,-73.096601,2023/06/23 00:00:00+00,1899/12/30 00:00:00+00,8,REGION BIO BIO,HUALPEN,ATROPELLO,ATROPELLO,URBANA,CRUCE CON SEÑAL PARE,NO RESPETAR DERECHO PREFERENTE DE PASO A PEATON,IMPRUDENCIA DEL CONDUCTOR,FINLANDIA,SUECIA,FINLANDIA - SUECIA,0,BIDIRECCIONAL,CONCRETO,BUENO,SECO,LLUVIA,1,0,0,0,0
-8132504.06527425,-4415435.03108838,3749,1540937,-36.829983,-73.055527,2023/06/23 00:00:00+00,1899/12/30 00:00:00+00,8,REGION BIO BIO,CONCEPCION,ATROPELLO,ATROPELLO,URBANA,CRUCE CON SEMAFORO FUNCIONANDO,PEATON PERMANECE SOBRE LA CALZADA,IMPRUDENCIA DEL PEATON,O'HIGGINS,SALAS,O'HIGGINS - SALAS,0,UNIDIRECCIONAL,CONCRETO,BUENO,MOJADO,LLUVIA,0,1,0,0,1
-8165190.91867537,-4505688.91768771,3750,1540522,-37.476175,-73.349158,2023/06/23 00:00:00+00,1899/12/30 00:00:00+00,8,REGION BIO BIO,CURANILAHUE,COLISION LATERAL,COLISION,URBANA,CRUCE CON SEÑAL PARE,SEÑALIZACION DESOBEDECER SEÑAL PARE,DESOBEDIENCIA A SEÑALIZACION,DEMOCRACIA,RAMON FREIRE,DEMOCRACIA - RAMON FREIRE,0,UNIDIRECCIONAL,CONCRETO,BUENO,MOJADO,LLUVIA,0,0,0,0,0
-8053975.4002865,-4506345.6842877,3751,1541128,-37.480857,-72.350092,2023/06/23 00:00:00+00,1899/12/30 00:00:00+00,8,REGION BIO BIO,LOS ANGELES,COLISION,COLISION,URBANA,CRUCE CON SEMAFORO FUNCIONANDO,CONDUCCION NO ATENTO CONDICIONES TRANSITO MOMENTO,IMPRUDENCIA DEL CONDUCTOR,VICUÑA MACKENNA,FREIRE,FREIRE - VICUÑA MACKENNA,0,UNIDIRECCIONAL,CONCRETO,BUENO,MOJADO,LLUVIA,0,1,1,0,0
-8056270.80818665,-4504869.34976075,3752,1541135,-37.470332,-72.370712,2023/06/23 00:00:00+00,1899/12/30 00:00:00+00,8,REGION BIO BIO,LOS ANGELES,CHOQUE POSTERIOR/FRENTE,CHOQUE,URBANA,TRAMO DE VIA RECTA,CONDUCCION NO ATENTO CONDICIONES TRANSITO MOMENTO,IMPRUDENCIA DEL CONDUCTOR,PADRE HURTADO,ÑUBLE,ÑUBLE - PADRE HURTADO,0,BIDIRECCIONAL,CONCRETO,BUENO,SECO,DESPEJADO,0,0,0,0,0
-8130097.22656381,-4412508.70271755,3753,1546682,-36.808939,-73.033906,2023/06/23 00:00:00+00,1899/12/30 00:00:00+00,8,REGION BIO BIO,CONCEPCION,CHOQUE POSTERIOR,CHOQUE,URBANA,TRAMO DE VIA RECTA,CONDUCCION SIN MANTENER DISTANCIA RAZONABLE NI PRUDENTE,IMPRUDENCIA DEL CONDUCTOR,ALONSO DE RIBERA,CAMILO HENRIQUEZ,ALONSO DE RIBERA - CAMILO HENRIQUEZ,0,BIDIRECCIONAL CON BANDEJON,CONCRETO,BUENO,SECO,LLUVIA,0,0,0,0,0
-8132939.21316376,-4415300.26658829,3754,1548109,-36.829014,-73.059436,2023/06/23 00:00:00+00,1899/12/30 00:00:00+00,8,REGION BIO BIO,CONCEPCION,COLISION LATERAL,COLISION,URBANA,CRUCE CON SEMAFORO FUNCIONANDO,ADELANTAMIENTO SIN EL ESPACIO O TIEMPO SUFICIENTE,IMPRUDENCIA DEL CONDUCTOR,FREIRE,ARTURO PRAT,ARTURO PRAT - FREIRE,0,UNIDIRECCIONAL,CONCRETO,BUENO,MOJADO,LLUVIA,0,0,0,0,0
-8133254.2473227,-4409878.83629748,3755,1541079,-36.790022,-73.062266,2023/06/23 00:00:00+00,1899/12/30 00:00:00+00,8,REGION BIO BIO,CONCEPCION,COLISION PERPENDICULAR,COLISION,URBANA,CRUCE CON SEMAFORO FUNCIONANDO,VIRAJES INDEBIDOS,IMPRUDENCIA DEL CONDUCTOR,RAMON CARRASCO,JORGE ALESSANDRI,JORGE ALESSANDRI - RAMON CARRASCO,0,BIDIRECCIONAL CON BANDEJON,CONCRETO,BUENO,SECO,LLUVIA,0,0,0,0,0
-8055170.97161761,-4505167.26503867,3756,1541110,-37.472456,-72.360832,2023/06/23 00:00:00+00,1899/12/30 00:00:00+00,8,REGION BIO BIO,LOS ANGELES,COLISION LATERAL,COLISION,URBANA,TRAMO DE VIA RECTA,CONDUCCION NO ATENTO CONDICIONES TRANSITO MOMENTO,IMPRUDENCIA DEL CONDUCTOR,RICARDO VICUÑA,LOS ANGELES,LOS ANGELES - RICARDO VICUÑA,0,UNIDIRECCIONAL,CONCRETO,BUENO,MOJADO,LLUVIA,0,0,0,0,0
-8125265.18142694,-4413821.58516616,3757,1540766,-36.818381,-72.990499,2023/06/23 00:00:00+00,1899/12/30 00:00:00+00,8,REGION BIO BIO,CONCEPCION,CHOQUE,CHOQUE,URBANA,TRAMO DE VIA RECTA,VELOCIDAD NO RAZONABLE NI PRUDENTE,VELOCIDAD IMPRUDENTE,GENERAL BONILLA, ,- GENERAL BONILLA,2850,BIDIRECCIONAL CON BANDEJON,CONCRETO,BUENO,MOJADO,NUBLADO,0,0,0,0,0
-8129876.92529153,-4413466.72107009,3758,1540758,-36.815829,-73.031927,2023/06/23 00:00:00+00,1899/12/30 00:00:00+00,8,REGION BIO BIO,CONCEPCION,COLISION,COLISION,URBANA,CRUCE CON SEMAFORO APAGADO,CONDUCCION NO ATENTO CONDICIONES TRANSITO MOMENTO,IMPRUDENCIA DEL CONDUCTOR,PADRE KORDA,JUAN BOSCO,JUAN BOSCO - PADRE KORDA,0,UNIDIRECCIONAL,CONCRETO,BUENO,MOJADO,NUBLADO,0,0,0,0,0
-8128654.97124109,-4430084.0575749,3759,1543220,-36.935241,-73.02095,2023/06/23 00:00:00+00,1899/12/30 00:00:00+00,8,REGION BIO BIO,CHIGUAYANTE,CHOQUE POSTERIOR/FRENTE,CHOQUE,URBANA,CRUCE CON SEMAFORO FUNCIONANDO,CONDUCCION NO ATENTO CONDICIONES TRANSITO MOMENTO,IMPRUDENCIA DEL CONDUCTOR,PROGRESO,MANUEL RODRIGUEZ,MANUEL RODRIGUEZ - PROGRESO,0,BIDIRECCIONAL,CONCRETO,REGULAR,MOJADO,LLUVIA,0,0,0,0,0
-8144301.81622801,-4440061.21360112,3760,1541623,-37.006847,-73.161508,2023/06/23 00:00:00+00,1899/12/30 00:00:00+00,8,REGION BIO BIO,CORONEL,COLISION,COLISION,URBANA,OTROS NO CONSIDERADOS,CONDUCCION SIN MANTENER DISTANCIA RAZONABLE NI PRUDENTE,IMPRUDENCIA DEL CONDUCTOR,HEROES DE LA CONCEPCION,LEOCADIO CONDESA,HEROES DE LA CONCEPCION - LEOCADIO CONDESA,0,BIDIRECCIONAL,ASFALTO,BUENO,MOJADO,LLUVIA,0,1,0,0,1
-8133360.11215845,-4414094.13772484,3761,1540933,-36.820341,-73.063217,2023/06/24 00:00:00+00,1899/12/30 00:00:00+00,8,REGION BIO BIO,CONCEPCION,CHOQUE POSTERIOR,CHOQUE,URBANA,CRUCE CON SEMAFORO FUNCIONANDO,CONDUCCION NO ATENTO CONDICIONES TRANSITO MOMENTO,IMPRUDENCIA DEL CONDUCTOR,MANUEL RODRIGUEZ,SERRANO,MANUEL RODRIGUEZ - SERRANO,0,BIDIRECCIONAL CON BANDEJON,CONCRETO,BUENO,SECO,LLUVIA,0,0,0,0,0
-8128676.34458332,-4430094.36345455,3762,1540057,-36.935315,-73.021142,2023/06/24 00:00:00+00,1899/12/30 00:00:00+00,8,REGION BIO BIO,CHIGUAYANTE,CHOQUE FRONTAL,CHOQUE,URBANA,TRAMO DE VIA RECTA,CONDUCCION EN ESTADO DE EBRIEDAD,ALCOHOL EN CONDUCTOR,ABTAO,GUARDIAMARINA ZEGER,ABTAO - GUARDIAMARINA ZEGER,0,BIDIRECCIONAL,ASFALTO,BUENO,MOJADO,NUBLADO,0,0,0,0,0
-8132691.63861624,-4412993.40195237,3763,1540138,-36.812425,-73.057212,2023/06/24 00:00:00+00,1899/12/30 00:00:00+00,8,REGION BIO BIO,CONCEPCION,COLISION,COLISION,URBANA,TRAMO DE VIA RECTA,CONDUCCION EN ESTADO DE EBRIEDAD,ALCOHOL EN CONDUCTOR,EJERCITO,COLO COLO,COLO COLO - EJERCITO,0,BIDIRECCIONAL,CONCRETO,BUENO,MOJADO,LLUVIA,0,1,1,0,0
-8136392.23244868,-4405278.79192957,3764,1540721,-36.756922,-73.090455,2023/06/24 00:00:00+00,1899/12/30 00:00:00+00,8,REGION BIO BIO,TALCAHUANO,COLISION LATERAL,COLISION,URBANA,CRUCE CON SEMAFORO FUNCIONANDO,SEÑALIZACION DESOBEDECER LUZ ROJA DE SEMAFORO,DESOBEDIENCIA A SEÑALIZACION,CRISTOBAL COLON, ,- CRISTOBAL COLON,4975,BIDIRECCIONAL CON BANDEJON,CONCRETO,BUENO,SECO,DESPEJADO,0,1,0,0,1
-8060084.50262174,-4444165.09790485,3765,1541268,-37.036281,-72.404971,2023/06/24 00:00:00+00,1899/12/30 00:00:00+00,8,REGION BIO BIO,CABRERO,COLISION,COLISION,URBANA,CRUCE CON SEÑAL PARE,SEÑALIZACION DESOBEDECER SEÑAL PARE,DESOBEDIENCIA A SEÑALIZACION,MANUEL PALACIOS,VIAL,MANUEL PALACIOS - VIAL,0,UNIDIRECCIONAL,ASFALTO,BUENO,MOJADO,LLOVIZNA,0,1,0,0,1
-8198846.47428537,-4524203.15254807,3766,1542062,-37.608048,-73.651491,2023/06/24 00:00:00+00,1899/12/30 00:00:00+00,8,REGION BIO BIO,LEBU,CHOQUE FRONTAL,CHOQUE,URBANA,TRAMO DE VIA RECTA,VELOCIDAD NO RAZONABLE NI PRUDENTE,VELOCIDAD IMPRUDENTE,JUAN ANTONIO RIOS, ,- JUAN ANTONIO RIOS,38,BIDIRECCIONAL,ASFALTO,BUENO,MOJADO,NUBLADO,0,0,0,0,0
-8131765.34913334,-4413069.59879079,3767,1542559,-36.812973,-73.048891,2023/06/24 00:00:00+00,1899/12/30 00:00:00+00,8,REGION BIO BIO,CONCEPCION,CHOQUE FRENTE/POSTERIOR,CHOQUE,URBANA,CRUCE CON SEMAFORO FUNCIONANDO,CONDUCCION NO ATENTO CONDICIONES TRANSITO MOMENTO,IMPRUDENCIA DEL CONDUCTOR,PAICAVI,BANDERA,BANDERA - PAICAVI,0,BIDIRECCIONAL,ASFALTO,BUENO,MOJADO,LLUVIA,0,0,0,0,0
-8139459.19573952,-4402164.8135255,3768,1542108,-36.734507,-73.118006,2023/06/24 00:00:00+00,1899/12/30 00:00:00+00,8,REGION BIO BIO,TALCAHUANO,CHOQUE POSTERIOR/FRENTE,CHOQUE,URBANA,TRAMO DE VIA RECTA,CONDUCCION NO ATENTO CONDICIONES TRANSITO MOMENTO,IMPRUDENCIA DEL CONDUCTOR,ISLA SANTA MARIA, ,- ISLA SANTA MARIA,102,BIDIRECCIONAL,CONCRETO,BUENO,SECO,DESPEJADO,0,0,0,0,0
-8139248.80190192,-4399082.57181689,3769,1540769,-36.712314,-73.116116,2023/06/24 00:00:00+00,1899/12/30 00:00:00+00,8,REGION BIO BIO,TALCAHUANO,CHOQUE POSTERIOR/FRENTE,CHOQUE,URBANA,TRAMO DE VIA RECTA,FALLAS MECANICAS MOTOR,FALLAS MECANICAS,SUBIDA EL PESCADOR, ,- SUBIDA EL PESCADOR,111,BIDIRECCIONAL,CONCRETO,BUENO,SECO,DESPEJADO,0,0,0,0,0
-8132924.96426894,-4414946.18760405,3770,1541045,-36.826468,-73.059308,2023/06/24 00:00:00+00,1899/12/30 00:00:00+00,8,REGION BIO BIO,CONCEPCION,ATROPELLO,ATROPELLO,URBANA,CRUCE CON SEMAFORO FUNCIONANDO,NO RESPETAR DERECHO PREFERENTE DE PASO A PEATON,IMPRUDENCIA DEL CONDUCTOR,SERRANO,LOS CARRERA,LOS CARRERA - SERRANO,0,BIDIRECCIONAL CON BANDEJON,CONCRETO,BUENO,HUMEDO,NUBLADO,0,1,0,0,1