X,Y,FID,Idaccident,Latitude,Longitude,Fecha,Hora,Cód_Regi,Región,Comuna,Tipo_Accid,Tipo__CONA,Zona,Ubicación,Causa,Causa__CON,Calle_Uno,Calle_Dos,Intersecci,Número,Calzada,Tipo_Calza,Estado_Cal,Condición,Estado_Atm,Fallecidos,Lesionados,Graves,Menos_Grav,Leves
-8135753.81516898,-4411338.75805417,4080,1575540,-36.800524,-73.08472,2023/12/03 00:00:00+00,1899/12/30 00:00:00+00,8,REGION BIO BIO,HUALPEN,VOLCADURA,VOLCADURA,URBANA,CRUCE CON SEMAFORO FUNCIONANDO,SEÑALIZACION DESOBEDECER LUZ ROJA DE SEMAFORO,DESOBEDIENCIA A SEÑALIZACION,CRISTOBAL COLON,NUEVA IMPERIAL,CRISTOBAL COLON - NUEVA IMPERIAL,0,BIDIRECCIONAL CON BANDEJON,CONCRETO,BUENO,SECO,DESPEJADO,0,1,0,0,1
-8077619.21485302,-4453254.40655492,4081,1577203,-37.101431,-72.562488,2023/12/03 00:00:00+00,1899/12/30 00:00:00+00,8,REGION BIO BIO,YUMBEL,COLISION,COLISION,URBANA,CRUCE CON SEÑAL PARE,SEÑALIZACION DESOBEDECER SEÑAL PARE,DESOBEDIENCIA A SEÑALIZACION,GENERAL CRUZ,LOS CARRERA,GENERAL CRUZ - LOS CARRERA,0,UNIDIRECCIONAL,CONCRETO,BUENO,SECO,DESPEJADO,0,0,0,0,0
-8054837.56974269,-4505738.15271473,4082,1576587,-37.476526,-72.357837,2023/12/03 00:00:00+00,1899/12/30 00:00:00+00,8,REGION BIO BIO,LOS ANGELES,COLISION PERPENDICULAR,COLISION,URBANA,CRUCE CON SEÑAL CEDA EL PASO,NO RESPETAR DERECHO PREFERENTE DE PASO A VEHICULO,IMPRUDENCIA DEL CONDUCTOR,PATRICIO LYNCH,BLANCO ENCALADA,BLANCO ENCALADA - PATRICIO LYNCH,0,BIDIRECCIONAL,CONCRETO,BUENO,SECO,DESPEJADO,0,1,0,0,1
-8056361.64489114,-4505838.16645879,4083,1576583,-37.477239,-72.371528,2023/12/03 00:00:00+00,1899/12/30 00:00:00+00,8,REGION BIO BIO,LOS ANGELES,COLISION LATERAL,COLISION,URBANA,TRAMO DE VIA RECTA,CONDUCCION EN ESTADO DE EBRIEDAD,ALCOHOL EN CONDUCTOR,LYNCH,SAN CRISTIAN,LYNCH - SAN CRISTIAN,0,UNIDIRECCIONAL,CONCRETO,REGULAR,SECO,DESPEJADO,0,2,0,1,1
-8052842.50182869,-4502336.99091121,4084,1576619,-37.452275,-72.339915,2023/12/03 00:00:00+00,1899/12/30 00:00:00+00,8,REGION BIO BIO,LOS ANGELES,COLISION,COLISION,URBANA,CRUCE CON SEMAFORO FUNCIONANDO,CONDUCCION NO ATENTO CONDICIONES TRANSITO MOMENTO,IMPRUDENCIA DEL CONDUCTOR,SOR VICENTA,ORIENTE,ORIENTE - SOR VICENTA,0,BIDIRECCIONAL CON BANDEJON,ASFALTO,BUENO,SECO,DESPEJADO,0,0,0,0,0
-8141924.69982161,-4398972.45367216,4085,1576313,-36.711521,-73.140154,2023/12/03 00:00:00+00,1899/12/30 00:00:00+00,8,REGION BIO BIO,TALCAHUANO,COLISION LATERAL,COLISION,URBANA,TRAMO DE VIA RECTA,ADELANTAMIENTO SIN EL ESPACIO O TIEMPO SUFICIENTE,IMPRUDENCIA DEL CONDUCTOR,SAN VICENTE, ,- SAN VICENTE,1531,BIDIRECCIONAL,CONCRETO,BUENO,SECO,DESPEJADO,0,0,0,0,0
-8051196.97711579,-4510806.24926892,4086,1576868,-37.512648,-72.325133,2023/12/03 00:00:00+00,1899/12/30 00:00:00+00,8,REGION BIO BIO,LOS ANGELES,COLISION POR ALCANCE,COLISION,URBANA,TRAMO DE VIA RECTA,CONDUCCION NO ATENTO CONDICIONES TRANSITO MOMENTO,IMPRUDENCIA DEL CONDUCTOR,LAS INDUSTRIAS, ,- LAS INDUSTRIAS,500,BIDIRECCIONAL,ASFALTO,BUENO,SECO,DESPEJADO,0,0,0,0,0
-8134766.63392462,-4412596.85348955,4087,1582747,-36.809573,-73.075852,2023/12/04 00:00:00+00,1899/12/30 00:00:00+00,8,REGION BIO BIO,CONCEPCION,COLISION,COLISION,URBANA,CRUCE CON SEMAFORO FUNCIONANDO,CONDUCCION CAMBIAR SORPRESIVAMENTE PISTA CIRCULACION,IMPRUDENCIA DEL CONDUCTOR,21 DE MAYO,IV CENTENARIO,21 DE MAYO - IV CENTENARIO,0,BIDIRECCIONAL CON BANDEJON,CONCRETO,BUENO,SECO,DESPEJADO,0,1,0,0,1
-8131182.59159904,-4414007.2260744,4088,1576491,-36.819716,-73.043656,2023/12/04 00:00:00+00,1899/12/30 00:00:00+00,8,REGION BIO BIO,CONCEPCION,CHOQUE POSTERIOR,CHOQUE,URBANA,TRAMO DE VIA RECTA,CONDUCCION NO ATENTO CONDICIONES TRANSITO MOMENTO,IMPRUDENCIA DEL CONDUCTOR,LOS CARRERA,PAICAVI,LOS CARRERA - PAICAVI,0,BIDIRECCIONAL CON BANDEJON,CONCRETO,BUENO,SECO,DESPEJADO,0,1,0,0,1
-8051406.36907797,-4504831.76029889,4089,1576873,-37.470064,-72.327014,2023/12/04 00:00:00+00,1899/12/30 00:00:00+00,8,REGION BIO BIO,LOS ANGELES,CHOQUE FRONTAL,CHOQUE,URBANA,TRAMO DE VIA RECTA,VELOCIDAD NO RAZONABLE NI PRUDENTE,VELOCIDAD IMPRUDENTE,LAS INDUSTRIAS, ,- LAS INDUSTRIAS,507,BIDIRECCIONAL CON BANDEJON,CONCRETO,BUENO,SECO,DESPEJADO,0,0,0,0,0
-8055170.97161761,-4505167.26503867,4090,1559448,-37.472456,-72.360832,2023/09/14 00:00:00+00,1899/12/30 00:00:00+00,8,REGION BIO BIO,LOS ANGELES,COLISION LATERAL,COLISION,URBANA,TRAMO DE VIA RECTA,CONDUCCION NO ATENTO CONDICIONES TRANSITO MOMENTO,IMPRUDENCIA DEL CONDUCTOR,RICARDO VICUÑA,CAMILO HENRIQUEZ,CAMILO HENRIQUEZ - RICARDO VICUÑA,0,UNIDIRECCIONAL,CONCRETO,BUENO,MOJADO,LLUVIA,0,0,0,0,0
-8132390.74203262,-4412629.80593718,4091,1582757,-36.80981,-73.054509,2023/12/04 00:00:00+00,1899/12/30 00:00:00+00,8,REGION BIO BIO,CONCEPCION,CHOQUE FRENTE/POSTERIOR,CHOQUE,URBANA,CRUCE CON SEÑAL CEDA EL PASO,"CONDICIONES FISICAS DEFICIENTES (CANSANCIO, SUEÑO)",DROGAS Y/O FATIGA EN CONDUCTOR,JUAN DE DIOS RIVERA, ,- JUAN DE DIOS RIVERA,1071,UNIDIRECCIONAL,CONCRETO,BUENO,SECO,DESPEJADO,0,1,0,0,1
-8095746.59205329,-4476324.85182072,4092,1578410,-37.266543,-72.725329,2023/12/04 00:00:00+00,1899/12/30 00:00:00+00,8,REGION BIO BIO,SAN ROSENDO,COLISION,COLISION,URBANA,CRUCE CON SEÑAL PARE,SEÑALIZACION DESOBEDECER SEÑAL PARE,DESOBEDIENCIA A SEÑALIZACION,25 DE OCTUBRE,PASAJE TRES,25 DE OCTUBRE - PASAJE TRES,0,BIDIRECCIONAL,CONCRETO,BUENO,SECO,DESPEJADO,0,0,0,0,0
-8139345.09326146,-4400814.20065655,4093,1576322,-36.724783,-73.116981,2023/12/04 00:00:00+00,1899/12/30 00:00:00+00,8,REGION BIO BIO,TALCAHUANO,CHOQUE POSTERIOR/FRENTE,CHOQUE,URBANA,OTROS NO CONSIDERADOS,CONDUCCION NO ATENTO CONDICIONES TRANSITO MOMENTO,IMPRUDENCIA DEL CONDUCTOR,JORGE ALESSANDRI PALMA, ,- JORGE ALESSANDRI PALMA,3177,BIDIRECCIONAL,CONCRETO,BUENO,SECO,DESPEJADO,0,0,0,0,0
-8121096.04385775,-4383428.86517417,4094,1578221,-36.599504,-72.953047,2023/12/04 00:00:00+00,1899/12/30 00:00:00+00,8,REGION BIO BIO,TOME,CHOQUE FRENTE/POSTERIOR,CHOQUE,URBANA,CRUCE CON SEMAFORO FUNCIONANDO,SEÑALIZACION DESOBEDECER LUZ ROJA DE SEMAFORO,DESOBEDIENCIA A SEÑALIZACION,VICENTE PALACIOS,ENRIQUE MOLINA,ENRIQUE MOLINA - VICENTE PALACIOS,0,BIDIRECCIONAL,CONCRETO,BUENO,SECO,DESPEJADO,0,0,0,0,0
-8132981.84852873,-4411058.07387546,4095,1576503,-36.798505,-73.059819,2023/12/04 00:00:00+00,1899/12/30 00:00:00+00,8,REGION BIO BIO,CONCEPCION,COLISION,COLISION,URBANA,TRAMO DE VIA RECTA,CONDUCCION CAMBIAR SORPRESIVAMENTE PISTA CIRCULACION,IMPRUDENCIA DEL CONDUCTOR,PAICAVI, ,- PAICAVI,3380,BIDIRECCIONAL CON BANDEJON,CONCRETO,BUENO,SECO,DESPEJADO,0,0,0,0,0
-8053207.29580002,-4504169.33827694,4096,1577452,-37.465341,-72.343192,2023/12/04 00:00:00+00,1899/12/30 00:00:00+00,8,REGION BIO BIO,LOS ANGELES,COLISION,COLISION,URBANA,TRAMO DE VIA RECTA,CONDUCCION NO ATENTO CONDICIONES TRANSITO MOMENTO,IMPRUDENCIA DEL CONDUCTOR,BALMACEDA,ENRIQUE SANFUENTES,BALMACEDA - ENRIQUE SANFUENTES,0,BIDIRECCIONAL,CONCRETO,BUENO,SECO,DESPEJADO,0,0,0,0,0
-8130870.89702482,-4412509.11983305,4097,1576486,-36.808942,-73.040856,2023/12/04 00:00:00+00,1899/12/30 00:00:00+00,8,REGION BIO BIO,CONCEPCION,CHOQUE POSTERIOR,CHOQUE,URBANA,CRUCE CON SEMAFORO FUNCIONANDO,CONDUCCION NO ATENTO CONDICIONES TRANSITO MOMENTO,IMPRUDENCIA DEL CONDUCTOR,COLLAO,VILLARRICA,COLLAO - VILLARRICA,0,UNIDIRECCIONAL,CONCRETO,BUENO,SECO,DESPEJADO,0,0,0,0,0
-8077644.37305794,-4453015.04068373,4098,1578391,-37.099716,-72.562714,2023/12/04 00:00:00+00,1899/12/30 00:00:00+00,8,REGION BIO BIO,YUMBEL,COLISION,COLISION,URBANA,CRUCE CON SEÑAL PARE,SEÑALIZACION DESOBEDECER SEÑAL PARE,DESOBEDIENCIA A SEÑALIZACION,GENERAL CRUZ,URIZAR,GENERAL CRUZ - URIZAR,0,UNIDIRECCIONAL,CONCRETO,BUENO,SECO,DESPEJADO,0,1,0,1,0
-8054108.53839748,-4505362.93433996,4099,1577435,-37.473851,-72.351288,2023/12/04 00:00:00+00,1899/12/30 00:00:00+00,8,REGION BIO BIO,LOS ANGELES,CHOQUE LADO/FRENTE,CHOQUE,URBANA,TRAMO DE VIA RECTA,CONDUCCION NO ATENTO CONDICIONES TRANSITO MOMENTO,IMPRUDENCIA DEL CONDUCTOR,O'HIGGINS, ,- O'HIGGINS,151,UNIDIRECCIONAL,CONCRETO,BUENO,SECO,DESPEJADO,0,0,0,0,0
-8055416.09713634,-4504894.5964899,4100,1576920,-37.470512,-72.363034,2023/12/04 00:00:00+00,1899/12/30 00:00:00+00,8,REGION BIO BIO,LOS ANGELES,COLISION LATERAL,COLISION,URBANA,TRAMO DE VIA RECTA,CONDUCCION NO ATENTO CONDICIONES TRANSITO MOMENTO,IMPRUDENCIA DEL CONDUCTOR,LOS TILOS,LOS CANELOS,LOS CANELOS - LOS TILOS,0,UNIDIRECCIONAL,CONCRETO,BUENO,SECO,DESPEJADO,0,0,0,0,0
-8051329.7812683,-4503115.69241141,4101,1577450,-37.457828,-72.326326,2023/12/04 00:00:00+00,1899/12/30 00:00:00+00,8,REGION BIO BIO,LOS ANGELES,COLISION LATERAL,COLISION,URBANA,TRAMO DE VIA RECTA,CONDUCCION NO ATENTO CONDICIONES TRANSITO MOMENTO,IMPRUDENCIA DEL CONDUCTOR,LAS INDUSTRIAS, ,- LAS INDUSTRIAS,510,BIDIRECCIONAL CON BANDEJON,CONCRETO,BUENO,SECO,DESPEJADO,0,0,0,0,0
-8131264.30010528,-4414065.49156644,4102,1576512,-36.820135,-73.04439,2023/12/04 00:00:00+00,1899/12/30 00:00:00+00,8,REGION BIO BIO,CONCEPCION,CHOQUE,CHOQUE,URBANA,TRAMO DE VIA RECTA,CONDUCCION NO ATENTO CONDICIONES TRANSITO MOMENTO,IMPRUDENCIA DEL CONDUCTOR,JOSE JOAQUIN PRIETO, ,- JOSE JOAQUIN PRIETO,775,UNIDIRECCIONAL,CONCRETO,BUENO,SECO,DESPEJADO,0,0,0,0,0
-8142641.93130079,-4440034.17010197,4103,1578684,-37.006653,-73.146597,2023/12/04 00:00:00+00,1899/12/30 00:00:00+00,8,REGION BIO BIO,CORONEL,ATROPELLO,ATROPELLO,URBANA,TRAMO DE VIA RECTA,CONDUCCION NO ATENTO CONDICIONES TRANSITO MOMENTO,IMPRUDENCIA DEL CONDUCTOR,YOBILO,SANTA ROSA,SANTA ROSA - YOBILO,0,BIDIRECCIONAL,ASFALTO,BUENO,SECO,DESPEJADO,0,1,0,0,1
-8141230.8454355,-4416512.09581807,4104,1581455,-36.837727,-73.133921,2023/12/04 00:00:00+00,1899/12/30 00:00:00+00,8,REGION BIO BIO,SAN PEDRO DE LA PAZ,COLISION LATERAL,COLISION,URBANA,CRUCE CON SEÑAL PARE,CONDUCCION NO ATENTO CONDICIONES TRANSITO MOMENTO,IMPRUDENCIA DEL CONDUCTOR,DANIEL BELMAR,SEGUNDA LONGITUDINAL,DANIEL BELMAR - SEGUNDA LONGITUDINAL,0,BIDIRECCIONAL,CONCRETO,BUENO,SECO,DESPEJADO,0,0,0,0,0
-8056771.9685342,-4503738.49890229,4105,1576931,-37.462269,-72.375214,2023/12/04 00:00:00+00,1899/12/30 00:00:00+00,8,REGION BIO BIO,LOS ANGELES,ATROPELLO,ATROPELLO,URBANA,CRUCE SIN SEÑALIZACION,CONDUCCION NO ATENTO CONDICIONES TRANSITO MOMENTO,IMPRUDENCIA DEL CONDUCTOR,LAGO CONGUILLIO,LAGUNA LAJA,LAGO CONGUILLIO - LAGUNA LAJA,0,BIDIRECCIONAL,ASFALTO,BUENO,SECO,DESPEJADO,0,1,1,0,0
-8051354.82815373,-4504302.85719705,4106,1577616,-37.466293,-72.326551,2023/12/05 00:00:00+00,1899/12/30 00:00:00+00,8,REGION BIO BIO,LOS ANGELES,COLISION LATERAL,COLISION,URBANA,CRUCE CON SEMAFORO FUNCIONANDO,CONDUCCION NO ATENTO CONDICIONES TRANSITO MOMENTO,IMPRUDENCIA DEL CONDUCTOR,LAS INDUSTRIAS,ALEMANIA,ALEMANIA - LAS INDUSTRIAS,0,BIDIRECCIONAL CON BANDEJON,CONCRETO,BUENO,SECO,DESPEJADO,0,0,0,0,0
-8053773.80068867,-4505200.7880504,4107,1577480,-37.472695,-72.348281,2023/12/05 00:00:00+00,1899/12/30 00:00:00+00,8,REGION BIO BIO,LOS ANGELES,COLISION PERPENDICULAR,COLISION,URBANA,CRUCE CON SEMAFORO FUNCIONANDO,CONDUCCION NO ATENTO CONDICIONES TRANSITO MOMENTO,IMPRUDENCIA DEL CONDUCTOR,RICARDO VICUÑA,VILLAGRAN,RICARDO VICUÑA - VILLAGRAN,0,UNIDIRECCIONAL,CONCRETO,BUENO,SECO,DESPEJADO,0,0,0,0,0
-8138092.30371207,-4411539.6485002,4108,1576724,-36.801969,-73.105727,2023/12/05 00:00:00+00,1899/12/30 00:00:00+00,8,REGION BIO BIO,HUALPEN,COLISION,COLISION,URBANA,CRUCE CON SEMAFORO FUNCIONANDO,CONDUCCION SIN MANTENER DISTANCIA RAZONABLE NI PRUDENTE,IMPRUDENCIA DEL CONDUCTOR,LAS GOLONDRINAS,COSTANERA,COSTANERA - LAS GOLONDRINAS,0,BIDIRECCIONAL,CONCRETO,BUENO,SECO,DESPEJADO,0,0,0,0,0
-8052811.44369076,-4504019.41202016,4109,1577471,-37.464272,-72.339636,2023/12/05 00:00:00+00,1899/12/30 00:00:00+00,8,REGION BIO BIO,LOS ANGELES,COLISION POR ALCANCE,COLISION,URBANA,TRAMO DE VIA RECTA,CONDUCCION NO ATENTO CONDICIONES TRANSITO MOMENTO,IMPRUDENCIA DEL CONDUCTOR,MARCONI,COMANDANTE LUIS SOTO,COMANDANTE LUIS SOTO - MARCONI,0,BIDIRECCIONAL CON BANDEJON,ASFALTO,BUENO,SECO,DESPEJADO,0,0,0,0,0
-8137962.6165053,-4410292.38170284,4110,1576718,-36.792997,-73.104562,2023/12/05 00:00:00+00,1899/12/30 00:00:00+00,8,REGION BIO BIO,HUALPEN,COLISION,COLISION,URBANA,CRUCE CON SEÑAL PARE,SEÑALIZACION DESOBEDECER SEÑAL PARE,DESOBEDIENCIA A SEÑALIZACION,ALEMANIA,BREMEN,ALEMANIA - BREMEN,0,BIDIRECCIONAL,CONCRETO,BUENO,SECO,DESPEJADO,0,0,0,0,0
-8133553.69675294,-4413214.06838157,4111,1582683,-36.814012,-73.064956,2023/12/05 00:00:00+00,1899/12/30 00:00:00+00,8,REGION BIO BIO,CONCEPCION,CHOQUE FRONTAL,CHOQUE,URBANA,TRAMO DE VIA CURVA VERTICAL,CONDUCCION NO ATENTO CONDICIONES TRANSITO MOMENTO,IMPRUDENCIA DEL CONDUCTOR,CAMINO LOS CARROS, ,- CAMINO LOS CARROS,1,UNIDIRECCIONAL,CONCRETO,BUENO,SECO,NUBLADO,0,1,0,0,1
-8052869.77510394,-4500938.89492479,4112,1577612,-37.442304,-72.34016,2023/12/05 00:00:00+00,1899/12/30 00:00:00+00,8,REGION BIO BIO,LOS ANGELES,CHOQUE LATERAL,CHOQUE,URBANA,TRAMO DE VIA RECTA,CONDUCCION NO ATENTO CONDICIONES TRANSITO MOMENTO,IMPRUDENCIA DEL CONDUCTOR,DOCTOR MANUEL RIOSECO, ,- DOCTOR MANUEL RIOSECO,900,BIDIRECCIONAL,CONCRETO,BUENO,SECO,DESPEJADO,0,0,0,0,0
-8053904.71240984,-4504138.76380548,4113,1577602,-37.465123,-72.349457,2023/12/05 00:00:00+00,1899/12/30 00:00:00+00,8,REGION BIO BIO,LOS ANGELES,CHOQUE FRENTE/LADO,CHOQUE,URBANA,CRUCE CON SEÑAL PARE,SEÑALIZACION DESOBEDECER SEÑAL PARE,DESOBEDIENCIA A SEÑALIZACION,ALMAGRO,GUACOLDA,ALMAGRO - GUACOLDA,0,UNIDIRECCIONAL,ASFALTO,BUENO,SECO,DESPEJADO,0,0,0,0,0
-8131398.21745271,-4410548.16236123,4114,1583897,-36.794837,-73.045593,2023/12/05 00:00:00+00,1899/12/30 00:00:00+00,8,REGION BIO BIO,CONCEPCION,CHOQUE FRENTE/POSTERIOR,CHOQUE,URBANA,CRUCE CON SEMAFORO FUNCIONANDO,CONDUCCION NO ATENTO CONDICIONES TRANSITO MOMENTO,IMPRUDENCIA DEL CONDUCTOR,ALONSO DE RIBERA,ABDON CIFUENTES,ABDON CIFUENTES - ALONSO DE RIBERA,0,UNIDIRECCIONAL,CONCRETO,BUENO,SECO,DESPEJADO,0,0,0,0,0
-8054548.69566408,-4507174.06564888,4115,1577457,-37.486762,-72.355242,2023/12/05 00:00:00+00,1899/12/30 00:00:00+00,8,REGION BIO BIO,LOS ANGELES,CHOQUE FRONTAL,CHOQUE,URBANA,TRAMO DE VIA RECTA,CONDUCCION NO ATENTO CONDICIONES TRANSITO MOMENTO,IMPRUDENCIA DEL CONDUCTOR,SAN PEDRO, ,- SAN PEDRO,495,UNIDIRECCIONAL,CONCRETO,BUENO,SECO,DESPEJADO,0,1,0,1,0
-8055191.00912596,-4504707.35136202,4116,1577656,-37.469177,-72.361012,2023/12/06 00:00:00+00,1899/12/30 00:00:00+00,8,REGION BIO BIO,LOS ANGELES,COLISION LATERAL,COLISION,URBANA,TRAMO DE VIA RECTA,CONDUCCION EN ESTADO DE EBRIEDAD,ALCOHOL EN CONDUCTOR,ALEMANIA, ,- ALEMANIA,1125,BIDIRECCIONAL CON BANDEJON,CONCRETO,BUENO,SECO,DESPEJADO,0,1,0,0,1
-8139345.09326146,-4400814.20065655,4117,1579297,-36.724783,-73.116981,2023/12/06 00:00:00+00,1899/12/30 00:00:00+00,8,REGION BIO BIO,TALCAHUANO,ATROPELLO,ATROPELLO,URBANA,TRAMO DE VIA RECTA,NO RESPETAR DERECHO PREFERENTE DE PASO A PEATON,IMPRUDENCIA DEL CONDUCTOR,CRISTOBAL COLON, ,- CRISTOBAL COLON,3180,BIDIRECCIONAL CON BANDEJON,CONCRETO,BUENO,SECO,DESPEJADO,0,1,0,0,1
-8144401.33585278,-4436574.98338912,4118,1579061,-36.981834,-73.162402,2023/12/06 00:00:00+00,1899/12/30 00:00:00+00,8,REGION BIO BIO,CORONEL,ATROPELLO,ATROPELLO,URBANA,CRUCE CON SEMAFORO FUNCIONANDO,NO RESPETAR DERECHO PREFERENTE DE PASO A PEATON,IMPRUDENCIA DEL CONDUCTOR,LAS ENCINAS,LOS ROBLES,LAS ENCINAS - LOS ROBLES,0,BIDIRECCIONAL,ASFALTO,BUENO,SECO,NUBLADO,0,1,0,0,1
-8161579.26911607,-4473553.51454775,4119,1579565,-37.246728,-73.316714,2023/12/06 00:00:00+00,1899/12/30 00:00:00+00,8,REGION BIO BIO,ARAUCO,COLISION,COLISION,URBANA,CRUCE SIN SEÑALIZACION,CONDUCCION CONTRA SENTIDO DEL TRANSITO,IMPRUDENCIA DEL CONDUCTOR,BANCO, ,- BANCO,120,BIDIRECCIONAL,CONCRETO,BUENO,SECO,DESPEJADO,0,0,0,0,0
-8053486.26244395,-4504284.20371634,4120,1577640,-37.46616,-72.345698,2023/12/06 00:00:00+00,1899/12/30 00:00:00+00,8,REGION BIO BIO,LOS ANGELES,ATROPELLO,ATROPELLO,URBANA,TRAMO DE VIA RECTA,CONDUCCION NO ATENTO CONDICIONES TRANSITO MOMENTO,IMPRUDENCIA DEL CONDUCTOR,VOLCAN VILLARRICA,JOSE MANSO DE VELASCO,JOSE MANSO DE VELASCO - VOLCAN VILLARRICA,0,UNIDIRECCIONAL,CONCRETO,REGULAR,SECO,DESPEJADO,0,1,0,0,1
-8139085.16225046,-4407329.94400236,4121,1568966,-36.771683,-73.114646,2023/11/02 00:00:00+00,1899/12/30 00:00:00+00,8,REGION BIO BIO,HUALPEN,CHOQUE FRENTE/POSTERIOR,CHOQUE,URBANA,ROTONDA,CONDUCCION NO ATENTO CONDICIONES TRANSITO MOMENTO,IMPRUDENCIA DEL CONDUCTOR,GRAN BRETAÑA,COSTANERA,COSTANERA - GRAN BRETAÑA,0,BIDIRECCIONAL,CONCRETO,BUENO,HUMEDO,DESPEJADO,0,0,0,0,0
-8130263.31524407,-4413555.4359849,4122,1576563,-36.816467,-73.035398,2023/12/06 00:00:00+00,1899/12/30 00:00:00+00,8,REGION BIO BIO,CONCEPCION,COLISION PERPENDICULAR,COLISION,URBANA,CRUCE CON SEMAFORO FUNCIONANDO,SEÑALIZACION DESOBEDECER LUZ ROJA DE SEMAFORO,DESOBEDIENCIA A SEÑALIZACION,VILUMILLA,LOS CARRERA,LOS CARRERA - VILUMILLA,0,UNIDIRECCIONAL,CONCRETO,BUENO,SECO,DESPEJADO,0,0,0,0,0
-8052493.96050302,-4507107.14739935,4123,1577631,-37.486285,-72.336784,2023/12/06 00:00:00+00,1899/12/30 00:00:00+00,8,REGION BIO BIO,LOS ANGELES,COLISION LATERAL,COLISION,URBANA,TRAMO DE VIA RECTA,SEÑALIZACION DESOBEDECER SEÑAL PARE,DESOBEDIENCIA A SEÑALIZACION,LOS INCAS,LOS MAYAS,LOS INCAS - LOS MAYAS,0,BIDIRECCIONAL,CONCRETO,BUENO,MOJADO,LLUVIA,0,0,0,0,0
-8137743.65106691,-4402431.65063801,4124,1579299,-36.736428,-73.102595,2023/12/06 00:00:00+00,1899/12/30 00:00:00+00,8,REGION BIO BIO,TALCAHUANO,COLISION LATERAL,COLISION,URBANA,TRAMO DE VIA RECTA,VIRAJES INDEBIDOS,IMPRUDENCIA DEL CONDUCTOR,VENECIA, ,- VENECIA,2836,BIDIRECCIONAL,CONCRETO,BUENO,SECO,DESPEJADO,0,0,0,0,0
-8017513.3689941,-4532427.43727691,4125,1580796,-37.666553,-72.022548,2023/12/06 00:00:00+00,1899/12/30 00:00:00+00,8,REGION BIO BIO,SANTA BARBARA,ATROPELLO,ATROPELLO,URBANA,OTROS NO CONSIDERADOS,VELOCIDAD NO RAZONABLE NI PRUDENTE,VELOCIDAD IMPRUDENTE,CAMILO HENRIQUEZ, ,- CAMILO HENRIQUEZ,442,BIDIRECCIONAL,CONCRETO,BUENO,SECO,DESPEJADO,0,1,0,0,1
-8137303.27116133,-4409113.22890223,4126,1576733,-36.784514,-73.098639,2023/12/06 00:00:00+00,1899/12/30 00:00:00+00,8,REGION BIO BIO,HUALPEN,COLISION,COLISION,URBANA,CRUCE CON SEMAFORO FUNCIONANDO,CONDUCCION NO ATENTO CONDICIONES TRANSITO MOMENTO,IMPRUDENCIA DEL CONDUCTOR,LOS ROSALES,FEDERICO SHWAGER,FEDERICO SHWAGER - LOS ROSALES,0,BIDIRECCIONAL,CONCRETO,BUENO,SECO,DESPEJADO,0,0,0,0,0
-8130334.67103767,-4413763.46006428,4127,1576576,-36.817963,-73.036039,2023/12/06 00:00:00+00,1899/12/30 00:00:00+00,8,REGION BIO BIO,CONCEPCION,COLISION PERPENDICULAR,COLISION,URBANA,CRUCE CON SEMAFORO FUNCIONANDO,SEÑALIZACION DESOBEDECER LUZ ROJA DE SEMAFORO,DESOBEDIENCIA A SEÑALIZACION,PELANTARO,MAIPU ORIENTE,MAIPU ORIENTE - PELANTARO,0,UNIDIRECCIONAL,CONCRETO,BUENO,SECO,DESPEJADO,0,0,0,0,0
-8131669.94832973,-4414639.68098248,4128,1577632,-36.824264,-73.048034,2023/12/06 00:00:00+00,1899/12/30 00:00:00+00,8,REGION BIO BIO,CONCEPCION,CHOQUE POSTERIOR,CHOQUE,URBANA,CRUCE CON SEMAFORO FUNCIONANDO,CONDUCCION NO ATENTO CONDICIONES TRANSITO MOMENTO,IMPRUDENCIA DEL CONDUCTOR,FREIRE,CASTELLON,CASTELLON - FREIRE,0,UNIDIRECCIONAL,CONCRETO,BUENO,SECO,DESPEJADO,0,0,0,0,0
-8051252.63686118,-4508674.57760506,4129,1577618,-37.497457,-72.325633,2023/12/06 00:00:00+00,1899/12/30 00:00:00+00,8,REGION BIO BIO,LOS ANGELES,CHOQUE LATERAL,CHOQUE,URBANA,TRAMO DE VIA RECTA,CONDUCCION NO ATENTO CONDICIONES TRANSITO MOMENTO,IMPRUDENCIA DEL CONDUCTOR,LAS INDUSTRIAS, ,- LAS INDUSTRIAS,12321,BIDIRECCIONAL,ASFALTO,BUENO,SECO,DESPEJADO,0,0,0,0,0
-8131594.36239549,-4415133.37793217,4130,1583910,-36.827814,-73.047355,2023/12/06 00:00:00+00,1899/12/30 00:00:00+00,8,REGION BIO BIO,CONCEPCION,CHOQUE FRENTE/LADO,CHOQUE,URBANA,CRUCE CON SEMAFORO FUNCIONANDO,CONDUCCION NO ATENTO CONDICIONES TRANSITO MOMENTO,IMPRUDENCIA DEL CONDUCTOR,SAN MARTIN,COLO COLO,COLO COLO - SAN MARTIN,0,UNIDIRECCIONAL,CONCRETO,BUENO,SECO,DESPEJADO,0,0,0,0,0