X,Y,FID,Idaccident,Latitude,Longitude,Fecha,Hora,Cód_Regi,Región,Comuna,Tipo_Accid,Tipo__CONA,Zona,Ubicación,Causa,Causa__CON,Calle_Uno,Calle_Dos,Intersecci,Número,Calzada,Tipo_Calza,Estado_Cal,Condición,Estado_Atm,Fallecidos,Lesionados,Graves,Menos_Grav,Leves
-8199579.84709072,-4524498.66761605,4183,1577906,-37.610151,-73.658079,2023/12/09 00:00:00+00,1899/12/30 00:00:00+00,8,REGION BIO BIO,LEBU,COLISION LATERAL,COLISION,URBANA,CRUCE CON SEÑAL PARE,SEÑALIZACION DESOBEDECER SEÑAL PARE,DESOBEDIENCIA A SEÑALIZACION,MACKAY,ANDRES BELLO,ANDRES BELLO - MACKAY,0,UNIDIRECCIONAL,ASFALTO,BUENO,SECO,DESPEJADO,0,0,0,0,0
-8119573.74982116,-4376260.59644806,4184,1576836,-36.54779,-72.939372,2023/12/10 00:00:00+00,1899/12/30 00:00:00+00,8,REGION BIO BIO,TOME,CHOQUE,CHOQUE,URBANA,TRAMO DE VIA RECTA,VELOCIDAD NO RAZONABLE NI PRUDENTE,VELOCIDAD IMPRUDENTE,FRANCISCO BILBAO, ,- FRANCISCO BILBAO,103,BIDIRECCIONAL,ASFALTO,BUENO,SECO,DESPEJADO,0,2,2,0,0
-8052981.4285532,-4505067.25769496,4185,1577966,-37.471743,-72.341163,2023/12/10 00:00:00+00,1899/12/30 00:00:00+00,8,REGION BIO BIO,LOS ANGELES,COLISION,COLISION,URBANA,TRAMO DE VIA RECTA,CONDUCCION NO ATENTO CONDICIONES TRANSITO MOMENTO,IMPRUDENCIA DEL CONDUCTOR,BALMACEDA,RICARDO VICUÑA,BALMACEDA - RICARDO VICUÑA,0,BIDIRECCIONAL,CONCRETO,BUENO,SECO,DESPEJADO,0,0,0,0,0
-8130993.90506215,-4412834.61394322,4186,1583652,-36.811283,-73.041961,2023/12/10 00:00:00+00,1899/12/30 00:00:00+00,8,REGION BIO BIO,CONCEPCION,CHOQUE FRENTE/POSTERIOR,CHOQUE,URBANA,CRUCE CON SEMAFORO FUNCIONANDO,CONDUCCION NO ATENTO CONDICIONES TRANSITO MOMENTO,IMPRUDENCIA DEL CONDUCTOR,ALONSO DE RIBERA,LIENTUR,ALONSO DE RIBERA - LIENTUR,0,UNIDIRECCIONAL,CONCRETO,BUENO,SECO,DESPEJADO,0,0,0,0,0
-8133839.78784428,-4415399.0102757,4187,1577615,-36.829724,-73.067526,2023/12/10 00:00:00+00,1899/12/30 00:00:00+00,8,REGION BIO BIO,CONCEPCION,CHOQUE,CHOQUE,URBANA,PUENTE,CONDUCCION EN ESTADO DE EBRIEDAD,ALCOHOL EN CONDUCTOR,LLACOLEN,LOS CARRERA,LLACOLEN - LOS CARRERA,0,UNIDIRECCIONAL,CONCRETO,BUENO,SECO,DESPEJADO,0,0,0,0,0
-8056441.79492451,-4504990.25409299,4188,1577924,-37.471194,-72.372248,2023/12/10 00:00:00+00,1899/12/30 00:00:00+00,8,REGION BIO BIO,LOS ANGELES,COLISION PERPENDICULAR,COLISION,URBANA,TRAMO DE VIA RECTA,CONDUCCION NO ATENTO CONDICIONES TRANSITO MOMENTO,IMPRUDENCIA DEL CONDUCTOR,ESPERANZA, ,- ESPERANZA,2,BIDIRECCIONAL,TIERRA,REGULAR, ,DESPEJADO,0,6,1,0,5
-8139138.26164756,-4416631.01912747,4189,1581462,-36.838582,-73.115123,2023/12/10 00:00:00+00,1899/12/30 00:00:00+00,8,REGION BIO BIO,SAN PEDRO DE LA PAZ,ATROPELLO,ATROPELLO,URBANA,CRUCE SIN SEÑALIZACION,CONDUCCION NO ATENTO CONDICIONES TRANSITO MOMENTO,IMPRUDENCIA DEL CONDUCTOR,CAJICAL Y SOLAR,LOS AVELLANOS,CAJICAL Y SOLAR - LOS AVELLANOS,0,BIDIRECCIONAL,CONCRETO,BUENO,SECO,DESPEJADO,0,1,0,0,1
-8139138.26164756,-4416631.01912747,4190,1577608,-36.838582,-73.115123,2023/12/10 00:00:00+00,1899/12/30 00:00:00+00,8,REGION BIO BIO,SAN PEDRO DE LA PAZ,ATROPELLO,ATROPELLO,URBANA,CRUCE SIN SEÑALIZACION,NO RESPETAR DERECHO PREFERENTE DE PASO A PEATON,IMPRUDENCIA DEL CONDUCTOR,LOS AVELLANOS,CAJIGAL Y SOLAR,CAJIGAL Y SOLAR - LOS AVELLANOS,0,UNIDIRECCIONAL,CONCRETO,BUENO,SECO,DESPEJADO,0,1,0,0,1
-8122171.16749984,-4384217.31572697,4191,1576854,-36.60519,-72.962705,2023/12/10 00:00:00+00,1899/12/30 00:00:00+00,8,REGION BIO BIO,TOME,COLISION FRONTAL,COLISION,URBANA,TRAMO DE VIA RECTA,CONDUCCION CONTRA SENTIDO DEL TRANSITO,IMPRUDENCIA DEL CONDUCTOR,ENRIQUE MOLINA,PATRIA NUEVA,ENRIQUE MOLINA - PATRIA NUEVA,0,BIDIRECCIONAL,CONCRETO,BUENO,SECO,DESPEJADO,0,1,0,0,1
-8130025.31417275,-4409682.98123684,4192,1584015,-36.788613,-73.03326,2023/12/10 00:00:00+00,1899/12/30 00:00:00+00,8,REGION BIO BIO,CONCEPCION,COLISION,COLISION,URBANA,OTROS NO CONSIDERADOS,CONDUCCION NO ATENTO CONDICIONES TRANSITO MOMENTO,IMPRUDENCIA DEL CONDUCTOR,CAMPOS DEPORTIVOS, ,- CAMPOS DEPORTIVOS,548,UNIDIRECCIONAL,CONCRETO,BUENO,SECO,DESPEJADO,0,0,0,0,0
-8139320.93693196,-4415496.64225913,4193,1581468,-36.830426,-73.116764,2023/12/10 00:00:00+00,1899/12/30 00:00:00+00,8,REGION BIO BIO,SAN PEDRO DE LA PAZ,OTRO TIPO,OTRO TIPO,URBANA,TRAMO DE VIA RECTA,OTRAS CAUSAS,OTRAS CAUSAS,ENRIQUE SORO,LAS GARZAS,ENRIQUE SORO - LAS GARZAS,0,BIDIRECCIONAL,CONCRETO,BUENO,SECO,DESPEJADO,0,1,0,1,0
-8057242.84998026,-4503593.90801437,4194,1577951,-37.461238,-72.379444,2023/12/10 00:00:00+00,1899/12/30 00:00:00+00,8,REGION BIO BIO,LOS ANGELES,CHOQUE FRONTAL,CHOQUE,URBANA,TRAMO DE VIA RECTA,CONDUCCION EN ESTADO DE EBRIEDAD,ALCOHOL EN CONDUCTOR,NELTUME,LAS TRANQUERAS,LAS TRANQUERAS - NELTUME,0,UNIDIRECCIONAL,RIPIO,REGULAR, ,DESPEJADO,0,1,0,0,1
-8135476.85227588,-4411571.06838678,4195,1583986,-36.802195,-73.082232,2023/12/10 00:00:00+00,1899/12/30 00:00:00+00,8,REGION BIO BIO,HUALPEN,CHOQUE LADO/LADO,CHOQUE,URBANA,CRUCE SIN SEÑALIZACION,CONDUCCION NO ATENTO CONDICIONES TRANSITO MOMENTO,IMPRUDENCIA DEL CONDUCTOR,CAUTIN,PUERTO SAAVEDRA,CAUTIN - PUERTO SAAVEDRA,0,BIDIRECCIONAL,CONCRETO,BUENO,SECO,DESPEJADO,0,0,0,0,0
-8143369.7381316,-4449889.26624334,4196,1577484,-37.077317,-73.153135,2023/12/10 00:00:00+00,1899/12/30 00:00:00+00,8,REGION BIO BIO,LOTA,COLISION LATERAL,COLISION,URBANA,CRUCE CON SEÑAL PARE,SEÑALIZACION DESOBEDECER SEÑAL PARE,DESOBEDIENCIA A SEÑALIZACION,FERNANDO MAIRA,VISTA HERMOSA,FERNANDO MAIRA - VISTA HERMOSA,0,BIDIRECCIONAL,ASFALTO,BUENO,SECO,DESPEJADO,0,3,0,0,3
-8143420.38849991,-4440358.55724358,4197,1581578,-37.00898,-73.15359,2023/12/10 00:00:00+00,1899/12/30 00:00:00+00,8,REGION BIO BIO,CORONEL,CHOQUE POSTERIOR,CHOQUE,URBANA,TRAMO DE VIA RECTA,CONDUCCION EN ESTADO DE EBRIEDAD,ALCOHOL EN CONDUCTOR,ACEVEDO HERNANDEZ, ,- ACEVEDO HERNANDEZ,1027,BIDIRECCIONAL,ASFALTO,BUENO,SECO,DESPEJADO,0,0,0,0,0
-8199450.93912038,-4524418.85102511,4198,1577912,-37.609583,-73.656921,2023/12/11 00:00:00+00,1899/12/30 00:00:00+00,8,REGION BIO BIO,LEBU,CHOQUE FRONTAL,CHOQUE,URBANA,TRAMO DE VIA RECTA,CONDUCCION BAJO LA INFLUENCIA DEL ALCOHOL,ALCOHOL EN CONDUCTOR,FREIRE, ,- FREIRE,615,BIDIRECCIONAL,ASFALTO,BUENO,HUMEDO,LLOVIZNA,0,1,0,1,0
-8140202.14202108,-4400519.34977749,4199,1579316,-36.72266,-73.12468,2023/12/11 00:00:00+00,1899/12/30 00:00:00+00,8,REGION BIO BIO,TALCAHUANO,COLISION LATERAL,COLISION,URBANA,CRUCE SIN SEÑALIZACION,NO RESPETAR DERECHO PREFERENTE DE PASO A VEHICULO,IMPRUDENCIA DEL CONDUCTOR,POMERI,BRASIL,BRASIL - POMERI,0,BIDIRECCIONAL,CONCRETO,BUENO,SECO,DESPEJADO,0,0,0,0,0
-8132368.47813446,-4414657.48148854,4200,1577641,-36.824392,-73.054309,2023/12/11 00:00:00+00,1899/12/30 00:00:00+00,8,REGION BIO BIO,CONCEPCION,ATROPELLO,ATROPELLO,URBANA,CRUCE CON SEMAFORO FUNCIONANDO,PEATON PERMANECE SOBRE LA CALZADA,IMPRUDENCIA DEL PEATON,LOS CARRERA,RENGO,LOS CARRERA - RENGO,0,BIDIRECCIONAL CON BANDEJON,CONCRETO,BUENO,SECO,DESPEJADO,0,1,1,0,0
-8051424.62547446,-4500771.2088336,4201,1578046,-37.441108,-72.327178,2023/12/11 00:00:00+00,1899/12/30 00:00:00+00,8,REGION BIO BIO,LOS ANGELES,COLISION LATERAL,COLISION,URBANA,CRUCE CON SEMAFORO FUNCIONANDO,SEÑALIZACION DESOBEDECER LUZ ROJA DE SEMAFORO,DESOBEDIENCIA A SEÑALIZACION,SOR VICENTA,LAS INDUSTRIAS,LAS INDUSTRIAS - SOR VICENTA,0,BIDIRECCIONAL CON BANDEJON,CONCRETO,BUENO,SECO,DESPEJADO,0,0,0,0,0
-8132228.21557606,-4414930.61173704,4202,1577625,-36.826356,-73.053049,2023/12/11 00:00:00+00,1899/12/30 00:00:00+00,8,REGION BIO BIO,CONCEPCION,CHOQUE,CHOQUE,URBANA,CRUCE CON SEMAFORO FUNCIONANDO,CONDUCCION NO ATENTO CONDICIONES TRANSITO MOMENTO,IMPRUDENCIA DEL CONDUCTOR,FREIRE,RENGO,FREIRE - RENGO,0,UNIDIRECCIONAL,CONCRETO,BUENO,SECO,DESPEJADO,0,0,0,0,0
-8132817.42964083,-4413093.6537454,4203,1577649,-36.813146,-73.058342,2023/12/11 00:00:00+00,1899/12/30 00:00:00+00,8,REGION BIO BIO,CONCEPCION,ATROPELLO,ATROPELLO,URBANA,CRUCE CON SEMAFORO FUNCIONANDO,NO RESPETAR DERECHO PREFERENTE DE PASO A PEATON,IMPRUDENCIA DEL CONDUCTOR,ANIBAL PINTO,EJERCITO,ANIBAL PINTO - EJERCITO,0,UNIDIRECCIONAL,CONCRETO,BUENO,SECO,DESPEJADO,0,1,0,1,0
-8122104.48712485,-4385855.27665346,4204,1578222,-36.617001,-72.962106,2023/12/11 00:00:00+00,1899/12/30 00:00:00+00,8,REGION BIO BIO,TOME,CHOQUE FRENTE/LADO,CHOQUE,URBANA,TRAMO DE VIA RECTA,CONDUCCION NO ATENTO CONDICIONES TRANSITO MOMENTO,IMPRUDENCIA DEL CONDUCTOR,BAQUEDANO, ,- BAQUEDANO,633,UNIDIRECCIONAL,CONCRETO,BUENO,SECO,DESPEJADO,0,0,0,0,0
-8136866.89875742,-4403806.5023877,4205,1579315,-36.746325,-73.094719,2023/12/11 00:00:00+00,1899/12/30 00:00:00+00,8,REGION BIO BIO,TALCAHUANO,CHOQUE POSTERIOR/LADO,CHOQUE,URBANA,TRAMO DE VIA RECTA,CONDUCCION NO ATENTO CONDICIONES TRANSITO MOMENTO,IMPRUDENCIA DEL CONDUCTOR,GOMEZ CARREÑO, ,- GOMEZ CARREÑO,3521,BIDIRECCIONAL CON BANDEJON,CONCRETO,BUENO,SECO,DESPEJADO,0,0,0,0,0
-8134635.27692549,-4412381.06614259,4206,1576989,-36.808021,-73.074672,2023/12/11 00:00:00+00,1899/12/30 00:00:00+00,8,REGION BIO BIO,CONCEPCION,COLISION,COLISION,URBANA,CRUCE CON SEÑAL CEDA EL PASO,SEÑALIZACION DESOBEDECER SEÑAL CEDA EL PASO,DESOBEDIENCIA A SEÑALIZACION,INDEPENDENCIA,PASAJE DIEZ,INDEPENDENCIA - PASAJE DIEZ,0,BIDIRECCIONAL,CONCRETO,BUENO,SECO,DESPEJADO,0,1,0,0,1
-8030352.17982576,-4501753.66875811,4207,1578049,-37.448115,-72.137881,2023/12/11 00:00:00+00,1899/12/30 00:00:00+00,8,REGION BIO BIO,LOS ANGELES,COLISION,COLISION,URBANA,TRAMO DE VIA RECTA,CONDUCCION NO ATENTO CONDICIONES TRANSITO MOMENTO,IMPRUDENCIA DEL CONDUCTOR,ARTURO PRAT,21 DE MAYO,21 DE MAYO - ARTURO PRAT,0,BIDIRECCIONAL,ASFALTO,BUENO,SECO,DESPEJADO,0,0,0,0,0
-8137248.94724982,-4403126.20852937,4208,1579314,-36.741428,-73.098151,2023/12/11 00:00:00+00,1899/12/30 00:00:00+00,8,REGION BIO BIO,TALCAHUANO,COLISION LATERAL,COLISION,URBANA,CRUCE CON SEMAFORO FUNCIONANDO,SEÑALIZACION DESOBEDECER LUZ ROJA DE SEMAFORO,DESOBEDIENCIA A SEÑALIZACION,CRISTOBAL COLON, ,- CRISTOBAL COLON,3157,BIDIRECCIONAL CON BANDEJON,CONCRETO,BUENO,SECO,DESPEJADO,0,3,0,0,3
-8132395.97404869,-4411837.16795835,4209,1584126,-36.804109,-73.054556,2023/12/12 00:00:00+00,1899/12/30 00:00:00+00,8,REGION BIO BIO,CONCEPCION,COLISION,COLISION,URBANA,CRUCE CON SEMAFORO FUNCIONANDO,CONDUCCION NO ATENTO CONDICIONES TRANSITO MOMENTO,IMPRUDENCIA DEL CONDUCTOR,EL CARMEN,PAICAVI,EL CARMEN - PAICAVI,0,BIDIRECCIONAL CON BANDEJON,CONCRETO,BUENO,SECO,DESPEJADO,0,0,0,0,0
-8134180.20284712,-4411430.23572497,4210,1577818,-36.801182,-73.070584,2023/12/12 00:00:00+00,1899/12/30 00:00:00+00,8,REGION BIO BIO,CONCEPCION,CHOQUE FRENTE/POSTERIOR,CHOQUE,URBANA,TRAMO DE VIA RECTA,SEÑALIZACION DESOBEDECER SEÑAL PARE,DESOBEDIENCIA A SEÑALIZACION,JORGE ALESSANDRI RODRIGUEZ, ,- JORGE ALESSANDRI RODRIGUEZ,804,BIDIRECCIONAL CON BANDEJON,CONCRETO,BUENO,SECO,DESPEJADO,0,0,0,0,0
-8121069.77245793,-4382738.22136259,4211,1578224,-36.594523,-72.952811,2023/12/12 00:00:00+00,1899/12/30 00:00:00+00,8,REGION BIO BIO,TOME,CHOQUE LATERAL,CHOQUE,URBANA,TRAMO DE VIA RECTA,VELOCIDAD NO RAZONABLE NI PRUDENTE,VELOCIDAD IMPRUDENTE,VICENTE PALACIOS, ,- VICENTE PALACIOS,2840,BIDIRECCIONAL,CONCRETO,BUENO,SECO,DESPEJADO,0,1,1,0,0
-8052369.95059027,-4503268.97146021,4212,1578055,-37.458921,-72.33567,2023/12/12 00:00:00+00,1899/12/30 00:00:00+00,8,REGION BIO BIO,LOS ANGELES,COLISION LATERAL,COLISION,URBANA,CRUCE CON SEÑAL PARE,CONDUCCION NO ATENTO CONDICIONES TRANSITO MOMENTO,IMPRUDENCIA DEL CONDUCTOR,LAUCA,MALAGA,LAUCA - MALAGA,0,BIDIRECCIONAL,CONCRETO,REGULAR,SECO,DESPEJADO,0,0,0,0,0
-8054237.89164579,-4504996.14505896,4213,1578111,-37.471236,-72.35245,2023/12/12 00:00:00+00,1899/12/30 00:00:00+00,8,REGION BIO BIO,LOS ANGELES,CHOQUE FRENTE/POSTERIOR,CHOQUE,URBANA,TRAMO DE VIA RECTA,CONDUCCION NO ATENTO CONDICIONES TRANSITO MOMENTO,IMPRUDENCIA DEL CONDUCTOR,VALDIVIA,CAUPOLICAN,CAUPOLICAN - VALDIVIA,0,UNIDIRECCIONAL,CONCRETO,BUENO,SECO,DESPEJADO,0,0,0,0,0
-8090933.24859088,-4509897.31350655,4214,1580466,-37.506171,-72.68209,2023/12/12 00:00:00+00,1899/12/30 00:00:00+00,8,REGION BIO BIO,NACIMIENTO,COLISION,COLISION,URBANA,TRAMO DE VIA RECTA,CONDUCCION NO ATENTO CONDICIONES TRANSITO MOMENTO,IMPRUDENCIA DEL CONDUCTOR,JULIO HEMMELMANN, ,- JULIO HEMMELMANN,1026,BIDIRECCIONAL,ASFALTO,BUENO,SECO,DESPEJADO,0,0,0,0,0
-8134180.20284712,-4411430.23572497,4215,1577858,-36.801182,-73.070584,2023/12/12 00:00:00+00,1899/12/30 00:00:00+00,8,REGION BIO BIO,HUALPEN,COLISION,COLISION,URBANA,TRAMO DE VIA RECTA,SEÑALIZACION DESOBEDECER SEÑAL PARE,DESOBEDIENCIA A SEÑALIZACION,JORGE ALESSANDRI RODRIGUEZ, ,- JORGE ALESSANDRI RODRIGUEZ,804,BIDIRECCIONAL,CONCRETO,BUENO,SECO,DESPEJADO,0,0,0,0,0
-8131906.05696971,-4412789.84227066,4216,1584133,-36.810961,-73.050155,2023/12/12 00:00:00+00,1899/12/30 00:00:00+00,8,REGION BIO BIO,CONCEPCION,COLISION,COLISION,URBANA,TRAMO DE VIA RECTA,CONDUCCION NO ATENTO CONDICIONES TRANSITO MOMENTO,IMPRUDENCIA DEL CONDUCTOR,PAICAVI,LOS CARRERA,LOS CARRERA - PAICAVI,0,BIDIRECCIONAL CON BANDEJON,CONCRETO,BUENO,SECO,DESPEJADO,0,0,0,0,0
-8054286.76090224,-4504504.82181981,4217,1578058,-37.467733,-72.352889,2023/12/12 00:00:00+00,1899/12/30 00:00:00+00,8,REGION BIO BIO,LOS ANGELES,CHOQUE FRENTE/LADO,CHOQUE,URBANA,TRAMO DE VIA RECTA,CONDUCCION NO ATENTO CONDICIONES TRANSITO MOMENTO,IMPRUDENCIA DEL CONDUCTOR,RENGO, ,- RENGO,452,UNIDIRECCIONAL,MIXTO,MALO,SECO,NUBLADO,0,0,0,0,0
-8131906.05696971,-4412789.84227066,4218,1578330,-36.810961,-73.050155,2023/12/12 00:00:00+00,1899/12/30 00:00:00+00,8,REGION BIO BIO,CONCEPCION,ATROPELLO,ATROPELLO,URBANA,CRUCE CON SEMAFORO FUNCIONANDO,PEATON CRUZA CALZADA FUERA PASO PEATONES,IMPRUDENCIA DEL PEATON,PAICAVI,LOS CARRERA,LOS CARRERA - PAICAVI,0,BIDIRECCIONAL CON BANDEJON,CONCRETO,BUENO,SECO,DESPEJADO,0,1,1,0,0
-8138188.92903008,-4403420.99257442,4219,1579311,-36.74355,-73.106595,2023/12/12 00:00:00+00,1899/12/30 00:00:00+00,8,REGION BIO BIO,TALCAHUANO,COLISION POR ALCANCE,COLISION,URBANA,TRAMO DE VIA RECTA,CONDUCCION SIN MANTENER DISTANCIA RAZONABLE NI PRUDENTE,IMPRUDENCIA DEL CONDUCTOR,ALTO HORNO, ,- ALTO HORNO,451,BIDIRECCIONAL,CONCRETO,BUENO,SECO,DESPEJADO,0,0,0,0,0
-8138188.92903008,-4403420.99257442,4220,1579903,-36.74355,-73.106595,2023/12/12 00:00:00+00,1899/12/30 00:00:00+00,8,REGION BIO BIO,TALCAHUANO,CHOQUE FRENTE/POSTERIOR,CHOQUE,URBANA,TRAMO DE VIA RECTA,CONDUCCION SIN MANTENER DISTANCIA RAZONABLE NI PRUDENTE,IMPRUDENCIA DEL CONDUCTOR,ALTO HORNO, ,- ALTO HORNO,451,BIDIRECCIONAL CON BANDEJON,CONCRETO,BUENO,SECO,DESPEJADO,0,0,0,0,0
-8054171.65654876,-4503764.58437661,4221,1578103,-37.462455,-72.351855,2023/12/12 00:00:00+00,1899/12/30 00:00:00+00,8,REGION BIO BIO,LOS ANGELES,COLISION LATERAL,COLISION,URBANA,CRUCE CON SEMAFORO FUNCIONANDO,CONDUCCION NO ATENTO CONDICIONES TRANSITO MOMENTO,IMPRUDENCIA DEL CONDUCTOR,VALDIVIA,JANEQUEO,JANEQUEO - VALDIVIA,0,BIDIRECCIONAL,CONCRETO,BUENO,SECO,DESPEJADO,0,2,0,0,2
-8053804.97014609,-4506378.36939033,4222,1578114,-37.48109,-72.348561,2023/12/12 00:00:00+00,1899/12/30 00:00:00+00,8,REGION BIO BIO,LOS ANGELES,COLISION POR ALCANCE,COLISION,URBANA,TRAMO DE VIA RECTA,CONDUCCION NO ATENTO CONDICIONES TRANSITO MOMENTO,IMPRUDENCIA DEL CONDUCTOR,LOS CARRERA,VICUÑA MACKENNA,LOS CARRERA - VICUÑA MACKENNA,0,BIDIRECCIONAL,CONCRETO,BUENO,SECO,DESPEJADO,0,3,0,0,3
-8094092.27310061,-4478888.02622133,4223,1578511,-37.284865,-72.710468,2023/12/12 00:00:00+00,1899/12/30 00:00:00+00,8,REGION BIO BIO,LAJA,COLISION,COLISION,URBANA,CRUCE CON SEÑAL CEDA EL PASO,CONDUCCION EN ESTADO DE EBRIEDAD,ALCOHOL EN CONDUCTOR,LOS RIOS,EL PINO,EL PINO - LOS RIOS,0,BIDIRECCIONAL,ASFALTO,BUENO,SECO,DESPEJADO,0,2,0,0,2
-8090933.24859088,-4509897.31350655,4224,1578231,-37.506171,-72.68209,2023/12/12 00:00:00+00,1899/12/30 00:00:00+00,8,REGION BIO BIO,NACIMIENTO,CHOQUE,CHOQUE,URBANA,TRAMO DE VIA RECTA,ADELANTAMIENTO SOBREPASANDO LINEA CONTINUA,IMPRUDENCIA DEL CONDUCTOR,JULIO HEMMELMANN, ,- JULIO HEMMELMANN,1026,BIDIRECCIONAL,ASFALTO,BUENO,SECO,DESPEJADO,0,3,0,0,3
-8121090.14392474,-4387368.23155342,4225,1578223,-36.627909,-72.952994,2023/12/12 00:00:00+00,1899/12/30 00:00:00+00,8,REGION BIO BIO,TOME,CHOQUE,CHOQUE,URBANA,TRAMO DE VIA CURVA VERTICAL,FALLAS MECANICAS FRENOS,FALLAS MECANICAS,TALCAHUANO, ,- TALCAHUANO,79,BIDIRECCIONAL,CONCRETO,BUENO,SECO,DESPEJADO,0,0,0,0,0
-8141673.89700885,-4416210.13394964,4226,1581495,-36.835556,-73.137901,2023/12/13 00:00:00+00,1899/12/30 00:00:00+00,8,REGION BIO BIO,SAN PEDRO DE LA PAZ,COLISION LATERAL,COLISION,URBANA,TRAMO DE VIA RECTA,HECHO DELICTUAL,OTRAS CAUSAS,DANIEL BELMAR,PASAJE CINCO,DANIEL BELMAR - PASAJE CINCO,0,BIDIRECCIONAL,CONCRETO,BUENO,SECO,DESPEJADO,0,0,0,0,0
-8142116.83726272,-4419576.42960988,4227,1581516,-36.859755,-73.14188,2023/12/13 00:00:00+00,1899/12/30 00:00:00+00,8,REGION BIO BIO,SAN PEDRO DE LA PAZ,CHOQUE LADO/FRENTE,CHOQUE,URBANA,TRAMO DE VIA RECTA,CONDUCCION NO ATENTO CONDICIONES TRANSITO MOMENTO,IMPRUDENCIA DEL CONDUCTOR,3 NORTE, ,- 3 NORTE,855,BIDIRECCIONAL CON BANDEJON,CONCRETO,BUENO,SECO,DESPEJADO,0,3,0,0,3
-8131655.58811542,-4415350.33369556,4228,1578381,-36.829374,-73.047905,2023/12/13 00:00:00+00,1899/12/30 00:00:00+00,8,REGION BIO BIO,CONCEPCION,ATROPELLO,ATROPELLO,URBANA,CRUCE CON SEMAFORO FUNCIONANDO,NO RESPETAR DERECHO PREFERENTE DE PASO A PEATON,IMPRUDENCIA DEL CONDUCTOR,ANIBAL PINTO,COCHRANE,ANIBAL PINTO - COCHRANE,0,UNIDIRECCIONAL,CONCRETO,BUENO,SECO,DESPEJADO,0,1,0,0,1
-8132652.34283599,-4414788.76114032,4229,1578352,-36.825336,-73.056859,2023/12/13 00:00:00+00,1899/12/30 00:00:00+00,8,REGION BIO BIO,CONCEPCION,ATROPELLO,ATROPELLO,URBANA,CRUCE CON SEMAFORO FUNCIONANDO,NO RESPETAR DERECHO PREFERENTE DE PASO A PEATON,IMPRUDENCIA DEL CONDUCTOR,LOS CARRERA,ANGOL,ANGOL - LOS CARRERA,0,BIDIRECCIONAL CON BANDEJON,CONCRETO,BUENO,SECO,DESPEJADO,0,2,0,0,2
-8129277.80379208,-4413650.2699874,4230,1578340,-36.817149,-73.026545,2023/12/13 00:00:00+00,1899/12/30 00:00:00+00,8,REGION BIO BIO,CONCEPCION,CHOQUE POSTERIOR,CHOQUE,URBANA,OTROS NO CONSIDERADOS,CONDUCCION NO ATENTO CONDICIONES TRANSITO MOMENTO,IMPRUDENCIA DEL CONDUCTOR,GENERAL NOVOA,LAS VIOLETAS,GENERAL NOVOA - LAS VIOLETAS,0,UNIDIRECCIONAL,CONCRETO,BUENO,SECO,DESPEJADO,0,0,0,0,0
-8139540.68160678,-4409431.80830045,4231,1577916,-36.786806,-73.118738,2023/12/13 00:00:00+00,1899/12/30 00:00:00+00,8,REGION BIO BIO,HUALPEN,COLISION,COLISION,URBANA,TRAMO DE VIA RECTA,SEÑALIZACION DESOBEDECER SEÑAL PARE,DESOBEDIENCIA A SEÑALIZACION,FINLANDIA,COSTANERA,COSTANERA - FINLANDIA,0,BIDIRECCIONAL,CONCRETO,BUENO,SECO,DESPEJADO,0,0,0,0,0
-8137748.21516603,-4417882.50677387,4232,1581530,-36.847579,-73.102636,2023/12/13 00:00:00+00,1899/12/30 00:00:00+00,8,REGION BIO BIO,SAN PEDRO DE LA PAZ,COLISION LATERAL,COLISION,URBANA,CRUCE SIN SEÑALIZACION,VIRAJES INDEBIDOS,IMPRUDENCIA DEL CONDUCTOR,LOS FRESNOS,LOS ROBLES,LOS FRESNOS - LOS ROBLES,0,BIDIRECCIONAL,ASFALTO,BUENO,SECO,DESPEJADO,0,1,0,0,1
-8135949.06955583,-4409146.17057107,4233,1577927,-36.784751,-73.086474,2023/12/13 00:00:00+00,1899/12/30 00:00:00+00,8,REGION BIO BIO,HUALPEN,COLISION,COLISION,URBANA,TRAMO DE VIA RECTA,SEÑALIZACION DESOBEDECER SEÑAL CEDA EL PASO,DESOBEDIENCIA A SEÑALIZACION,CRISTOBAL COLON, ,- CRISTOBAL COLON,7655,BIDIRECCIONAL,CONCRETO,BUENO,SECO,DESPEJADO,0,0,0,0,0
-8127331.04853708,-4433359.46356721,4234,1578444,-36.958756,-73.009057,2023/12/13 00:00:00+00,1899/12/30 00:00:00+00,8,REGION BIO BIO,CHIGUAYANTE,CAIDA,CAIDA,URBANA,CRUCE CON SEÑAL PARE,PASAJERO SUBE O DESCIENDE DE VEHICULO MOVIMIENTO,IMPRUDENCIA DEL PASAJERO,ESPERANZA,CRUCE LINEA FERREA,CRUCE LINEA FERREA - ESPERANZA,0,UNIDIRECCIONAL,CONCRETO,BUENO,SECO,DESPEJADO,0,1,1,0,0