X,Y,FID,Idaccident,Latitude,Longitude,Fecha,Hora,Cód_Regi,Región,Comuna,Tipo_Accid,Tipo__CONA,Zona,Ubicación,Causa,Causa__CON,Calle_Uno,Calle_Dos,Intersecci,Número,Calzada,Tipo_Calza,Estado_Cal,Condición,Estado_Atm,Fallecidos,Lesionados,Graves,Menos_Grav,Leves
-8054268.50450575,-4505239.22042168,4338,1578827,-37.472969,-72.352725,2023/12/18 00:00:00+00,1899/12/30 00:00:00+00,8,REGION BIO BIO,LOS ANGELES,COLISION LATERAL,COLISION,URBANA,CRUCE CON SEMAFORO FUNCIONANDO,CONDUCCION NO ATENTO CONDICIONES TRANSITO MOMENTO,IMPRUDENCIA DEL CONDUCTOR,RICARDO VICUÑA,VALDIVIA,RICARDO VICUÑA - VALDIVIA,0,UNIDIRECCIONAL,CONCRETO,BUENO,SECO,DESPEJADO,0,0,0,0,0
-8134991.72193501,-4415964.37029855,4339,1579118,-36.833789,-73.077874,2023/12/19 00:00:00+00,1899/12/30 00:00:00+00,8,REGION BIO BIO,SAN PEDRO DE LA PAZ,COLISION,COLISION,URBANA,ENLACE A NIVEL,CONDUCCION CAMBIAR SORPRESIVAMENTE PISTA CIRCULACION,IMPRUDENCIA DEL CONDUCTOR,PEDRO AGUIRRE CERDA,PUENTE LLACOLEN,PEDRO AGUIRRE CERDA - PUENTE LLACOLEN,0,BIDIRECCIONAL,CONCRETO,BUENO,SECO,DESPEJADO,0,0,0,0,0
-8134991.72193501,-4415964.37029855,4340,1581663,-36.833789,-73.077874,2023/12/19 00:00:00+00,1899/12/30 00:00:00+00,8,REGION BIO BIO,SAN PEDRO DE LA PAZ,COLISION LATERAL,COLISION,URBANA,TRAMO DE VIA RECTA,CONDUCCION CAMBIAR SORPRESIVAMENTE PISTA CIRCULACION,IMPRUDENCIA DEL CONDUCTOR,PEDRO AGUIRRE CERDA,PUENTE LLACOLEN,PEDRO AGUIRRE CERDA - PUENTE LLACOLEN,0,BIDIRECCIONAL,CONCRETO,BUENO,SECO,DESPEJADO,0,0,0,0,0
-8051975.21167592,-4504801.60467132,4341,1579078,-37.469849,-72.332124,2023/12/19 00:00:00+00,1899/12/30 00:00:00+00,8,REGION BIO BIO,LOS ANGELES,CHOQUE FRONTAL,CHOQUE,URBANA,TRAMO DE VIA RECTA,CONDUCCION EN ESTADO DE EBRIEDAD,ALCOHOL EN CONDUCTOR,RICARDO VICUÑA, ,- RICARDO VICUÑA,1610,BIDIRECCIONAL CON BANDEJON,CONCRETO,BUENO,SECO,DESPEJADO,0,1,0,0,1
-8051264.77068568,-4508289.43272097,4342,1579079,-37.494712,-72.325742,2023/12/19 00:00:00+00,1899/12/30 00:00:00+00,8,REGION BIO BIO,LOS ANGELES,COLISION LATERAL,COLISION,URBANA,TRAMO DE VIA RECTA,CONDUCCION NO ATENTO CONDICIONES TRANSITO MOMENTO,IMPRUDENCIA DEL CONDUCTOR,LAS INDUSTRIAS,LA FRONTERA,LA FRONTERA - LAS INDUSTRIAS,0,BIDIRECCIONAL,ASFALTO,BUENO,SECO,DESPEJADO,0,0,0,0,0
-8133085.59829415,-4415011.13365242,4343,1579955,-36.826935,-73.060751,2023/12/19 00:00:00+00,1899/12/30 00:00:00+00,8,REGION BIO BIO,CONCEPCION,COLISION LATERAL,COLISION,URBANA,CRUCE CON SEMAFORO FUNCIONANDO,VIRAJES INDEBIDOS,IMPRUDENCIA DEL CONDUCTOR,ARTURO PRAT,LOS CARRERA,ARTURO PRAT - LOS CARRERA,0,UNIDIRECCIONAL,CONCRETO,BUENO,SECO,DESPEJADO,0,0,0,0,0
-8138562.73988017,-4409413.73853343,4344,1579124,-36.786676,-73.109953,2023/12/19 00:00:00+00,1899/12/30 00:00:00+00,8,REGION BIO BIO,HUALPEN,COLISION,COLISION,URBANA,ENLACE A DESNIVEL,CONDUCCION CAMBIAR SORPRESIVAMENTE PISTA CIRCULACION,IMPRUDENCIA DEL CONDUCTOR,AUTOPISTA,JORGE ALESSANDRI RODRIGUEZ,AUTOPISTA - JORGE ALESSANDRI RODRIGUEZ,0,BIDIRECCIONAL,CONCRETO,BUENO,SECO,DESPEJADO,0,0,0,0,0
-8130406.47210923,-4413624.96229704,4345,1579948,-36.816967,-73.036684,2023/12/19 00:00:00+00,1899/12/30 00:00:00+00,8,REGION BIO BIO,CONCEPCION,COLISION PERPENDICULAR,COLISION,URBANA,CRUCE CON SEMAFORO FUNCIONANDO,SEÑALIZACION DESOBEDECER LUZ INTERMITENTE SEMAFORO,DESOBEDIENCIA A SEÑALIZACION,LOS CARRERA,PELANTARO,LOS CARRERA - PELANTARO,0,BIDIRECCIONAL CON BANDEJON,CONCRETO,BUENO,SECO,DESPEJADO,0,0,0,0,0
-8128767.62656577,-4413374.6696988,4346,1579981,-36.815167,-73.021962,2023/12/19 00:00:00+00,1899/12/30 00:00:00+00,8,REGION BIO BIO,CONCEPCION,COLISION,COLISION,URBANA,TRAMO DE VIA RECTA,CONDUCCION NO ATENTO CONDICIONES TRANSITO MOMENTO,IMPRUDENCIA DEL CONDUCTOR,TEGUALDA, ,- TEGUALDA,860,UNIDIRECCIONAL,CONCRETO,BUENO,SECO,DESPEJADO,0,0,0,0,0
-8129955.18289356,-4413354.78559475,4347,1583883,-36.815024,-73.03263,2023/12/19 00:00:00+00,1899/12/30 00:00:00+00,8,REGION BIO BIO,CONCEPCION,CHOQUE FRENTE/POSTERIOR,CHOQUE,URBANA,CRUCE CON SEMAFORO FUNCIONANDO,CONDUCCION NO ATENTO CONDICIONES TRANSITO MOMENTO,IMPRUDENCIA DEL CONDUCTOR,LOS CARRERA, ,- LOS CARRERA,2221,BIDIRECCIONAL CON BANDEJON,CONCRETO,BUENO,SECO,DESPEJADO,0,0,0,0,0
-8091834.49118834,-4508425.10873898,4348,1580654,-37.495679,-72.690186,2023/12/19 00:00:00+00,1899/12/30 00:00:00+00,8,REGION BIO BIO,NACIMIENTO,CHOQUE,CHOQUE,URBANA,CRUCE SIN SEÑALIZACION,CONDUCIR VEHICULO EN RETROCESO,IMPRUDENCIA DEL CONDUCTOR,ALONSO DE ERCILLA,JULIO HEMMELMANN,ALONSO DE ERCILLA - JULIO HEMMELMANN,0,BIDIRECCIONAL,TIERRA,BUENO, ,DESPEJADO,0,0,0,0,0
-8132296.34310443,-4414790.01275497,4349,1583879,-36.825345,-73.053661,2023/12/19 00:00:00+00,1899/12/30 00:00:00+00,8,REGION BIO BIO,CONCEPCION,CHOQUE FRENTE/POSTERIOR,CHOQUE,URBANA,CRUCE CON SEMAFORO FUNCIONANDO,CONDUCCION NO ATENTO CONDICIONES TRANSITO MOMENTO,IMPRUDENCIA DEL CONDUCTOR,RENGO,MAIPU,MAIPU - RENGO,0,UNIDIRECCIONAL,CONCRETO,BUENO,SECO,DESPEJADO,0,0,0,0,0
-8135522.82722558,-4411642.25006573,4350,1579163,-36.802707,-73.082645,2023/12/19 00:00:00+00,1899/12/30 00:00:00+00,8,REGION BIO BIO,HUALPEN,CHOQUE POSTERIOR/LADO,CHOQUE,URBANA,TRAMO DE VIA RECTA,CONDUCIR VEHICULO EN RETROCESO,IMPRUDENCIA DEL CONDUCTOR,CRISTOBAL COLON, ,- CRISTOBAL COLON,9275,BIDIRECCIONAL,CONCRETO,BUENO,SECO,DESPEJADO,0,0,0,0,0
-8138892.69085087,-4410840.64951308,4351,1579127,-36.796941,-73.112917,2023/12/19 00:00:00+00,1899/12/30 00:00:00+00,8,REGION BIO BIO,HUALPEN,COLISION,COLISION,URBANA,CRUCE CON SEMAFORO FUNCIONANDO,CONDUCCION CAMBIAR SORPRESIVAMENTE PISTA CIRCULACION,IMPRUDENCIA DEL CONDUCTOR,CRISTOBAL COLON,LOS COPIHUES,CRISTOBAL COLON - LOS COPIHUES,0,BIDIRECCIONAL,CONCRETO,BUENO,SECO,DESPEJADO,0,0,0,0,0
-8137088.53586359,-4408785.20771572,4352,1579165,-36.782154,-73.09671,2023/12/19 00:00:00+00,1899/12/30 00:00:00+00,8,REGION BIO BIO,HUALPEN,CAIDA,CAIDA,URBANA,CRUCE CON SEÑAL CEDA EL PASO,PASAJERO SUBE O DESCIENDE DE VEHICULO MOVIMIENTO,IMPRUDENCIA DEL PASAJERO,SUECIA,ESCOCIA,ESCOCIA - SUECIA,0,BIDIRECCIONAL,CONCRETO,BUENO,SECO,DESPEJADO,0,1,0,0,1
-8138346.78006802,-4409118.78867041,4353,1579166,-36.784554,-73.108013,2023/12/19 00:00:00+00,1899/12/30 00:00:00+00,8,REGION BIO BIO,HUALPEN,COLISION,COLISION,URBANA,CRUCE CON SEÑAL CEDA EL PASO,SEÑALIZACION DESOBEDECER SEÑAL CEDA EL PASO,DESOBEDIENCIA A SEÑALIZACION,FINLANDIA,SUIZA,FINLANDIA - SUIZA,0,BIDIRECCIONAL,CONCRETO,BUENO,SECO,DESPEJADO,0,1,1,0,0
-8170790.40038176,-4551193.30919003,4354,1580623,-37.799875,-73.399459,2023/12/19 00:00:00+00,1899/12/30 00:00:00+00,8,REGION BIO BIO,CAÑETE,COLISION,COLISION,URBANA,TRAMO DE VIA RECTA,CONDUCCION NO ATENTO CONDICIONES TRANSITO MOMENTO,IMPRUDENCIA DEL CONDUCTOR,SAAVEDRA,ARTURO PRAT,ARTURO PRAT - SAAVEDRA,0,BIDIRECCIONAL,ASFALTO,BUENO,SECO,DESPEJADO,0,0,0,0,0
-8131780.04330613,-4412333.23758057,4355,1582723,-36.807677,-73.049023,2023/12/19 00:00:00+00,1899/12/30 00:00:00+00,8,REGION BIO BIO,CONCEPCION,COLISION,COLISION,URBANA,CRUCE CON SEÑAL CEDA EL PASO,CONDUCCION CAMBIAR SORPRESIVAMENTE PISTA CIRCULACION,IMPRUDENCIA DEL CONDUCTOR,JUAN DE DIOS RIVERA,LAUTARO,JUAN DE DIOS RIVERA - LAUTARO,0,UNIDIRECCIONAL,CONCRETO,BUENO,SECO,DESPEJADO,0,0,0,0,0
-8169738.54251326,-4551088.77462879,4356,1581622,-37.799133,-73.39001,2023/12/19 00:00:00+00,1899/12/30 00:00:00+00,8,REGION BIO BIO,CAÑETE,COLISION,COLISION,URBANA,TRAMO DE VIA RECTA,CONDUCCION NO ATENTO CONDICIONES TRANSITO MOMENTO,IMPRUDENCIA DEL CONDUCTOR,COVADONGA,LUIS CRUZ MARTINEZ,COVADONGA - LUIS CRUZ MARTINEZ,0,BIDIRECCIONAL,ASFALTO,BUENO,SECO,DESPEJADO,0,0,0,0,0
-8129387.89876847,-4412258.29732975,4357,1583663,-36.807138,-73.027534,2023/12/19 00:00:00+00,1899/12/30 00:00:00+00,8,REGION BIO BIO,CONCEPCION,COLISION POR ALCANCE,COLISION,URBANA,OTROS NO CONSIDERADOS,CONDUCCION SIN MANTENER DISTANCIA RAZONABLE NI PRUDENTE,IMPRUDENCIA DEL CONDUCTOR,LOS ACACIOS,ANDALIEN,ANDALIEN - LOS ACACIOS,0,UNIDIRECCIONAL,CONCRETO,BUENO,SECO,DESPEJADO,0,0,0,0,0
-8127661.44478576,-4406955.84089903,4358,1584705,-36.768991,-73.012025,2023/12/19 00:00:00+00,1899/12/30 00:00:00+00,8,REGION BIO BIO,CONCEPCION,CHOQUE FRENTE/POSTERIOR,CHOQUE,URBANA,TRAMO DE VIA RECTA,CONDUCCION NO ATENTO CONDICIONES TRANSITO MOMENTO,IMPRUDENCIA DEL CONDUCTOR,SAN ANDRES, ,- SAN ANDRES,1235,BIDIRECCIONAL,CONCRETO,BUENO,SECO,DESPEJADO,0,1,0,0,1
-8129996.48242464,-4412914.1466955,4359,1582692,-36.811855,-73.033001,2023/12/19 00:00:00+00,1899/12/30 00:00:00+00,8,REGION BIO BIO,CONCEPCION,COLISION,COLISION,URBANA,CRUCE CON SEÑAL CEDA EL PASO,SEÑALIZACION DESOBEDECER SEÑAL CEDA EL PASO,DESOBEDIENCIA A SEÑALIZACION,BAQUEDANO,SANTA MARIA,BAQUEDANO - SANTA MARIA,0,BIDIRECCIONAL,CONCRETO,BUENO,SECO,DESPEJADO,0,1,0,0,1
-8119253.26100716,-4435252.73746924,4360,1583699,-36.972345,-72.936493,2023/12/19 00:00:00+00,1899/12/30 00:00:00+00,8,REGION BIO BIO,HUALQUI,COLISION LATERAL,COLISION,URBANA,TRAMO DE VIA RECTA,CONDUCCION CAMBIAR SORPRESIVAMENTE PISTA CIRCULACION,IMPRUDENCIA DEL CONDUCTOR,JOSE MIGUEL CARRERA,LA ARAUCANA,JOSE MIGUEL CARRERA - LA ARAUCANA,0,UNIDIRECCIONAL,CONCRETO,BUENO,SECO,DESPEJADO,0,0,0,0,0
-8055203.14295045,-4503315.39035153,4361,1580131,-37.459252,-72.361121,2023/12/19 00:00:00+00,1899/12/30 00:00:00+00,8,REGION BIO BIO,LOS ANGELES,VOLCADURA,VOLCADURA,URBANA,CRUCE CON SEÑAL CEDA EL PASO,FALLAS MECANICAS DIRECCION,FALLAS MECANICAS,LOS ANGELES,ALMIRANTE LATORRE,ALMIRANTE LATORRE - LOS ANGELES,0,UNIDIRECCIONAL,CONCRETO,BUENO,SECO,DESPEJADO,0,0,0,0,0
-8134220.3891833,-4419530.2382535,4362,1581678,-36.859423,-73.070945,2023/12/20 00:00:00+00,1899/12/30 00:00:00+00,8,REGION BIO BIO,SAN PEDRO DE LA PAZ,CHOQUE FRONTAL,CHOQUE,URBANA,TRAMO DE VIA RECTA,"CONDICIONES FISICAS DEFICIENTES (CANSANCIO, SUEÑO)",DROGAS Y/O FATIGA EN CONDUCTOR,ERNESTO PINTO LAGARRIGUE, ,- ERNESTO PINTO LAGARRIGUE,2100,BIDIRECCIONAL,CONCRETO,BUENO,SECO,DESPEJADO,0,1,0,1,0
-8135887.17591895,-4407979.23584565,4363,1579183,-36.776355,-73.085918,2023/12/20 00:00:00+00,1899/12/30 00:00:00+00,8,REGION BIO BIO,TALCAHUANO,COLISION,COLISION,URBANA,CRUCE SIN SEÑALIZACION,CONDUCCION NO ATENTO CONDICIONES TRANSITO MOMENTO,IMPRUDENCIA DEL CONDUCTOR,CRISTOBAL COLON,EJERCITO,CRISTOBAL COLON - EJERCITO,0,BIDIRECCIONAL,CONCRETO,BUENO,SECO,DESPEJADO,0,0,0,0,0
-8131906.05696971,-4412789.84227066,4364,1579997,-36.810961,-73.050155,2023/12/20 00:00:00+00,1899/12/30 00:00:00+00,8,REGION BIO BIO,TALCAHUANO,CHOQUE POSTERIOR,CHOQUE,URBANA,TRAMO DE VIA RECTA,CONDUCCION NO ATENTO CONDICIONES TRANSITO MOMENTO,IMPRUDENCIA DEL CONDUCTOR,JORGE ALESSANDRI,PAICAVI,JORGE ALESSANDRI - PAICAVI,0,BIDIRECCIONAL CON BANDEJON,CONCRETO,BUENO,SECO,DESPEJADO,0,0,0,0,0
-8119641.20943258,-4435100.86183623,4365,1583703,-36.971255,-72.939978,2023/12/20 00:00:00+00,1899/12/30 00:00:00+00,8,REGION BIO BIO,HUALQUI,COLISION PERPENDICULAR,COLISION,URBANA,TRAMO DE VIA RECTA,CONDUCCION NO ATENTO CONDICIONES TRANSITO MOMENTO,IMPRUDENCIA DEL CONDUCTOR,LA ARAUCANA,PATRICIO LYNCH,LA ARAUCANA - PATRICIO LYNCH,0,BIDIRECCIONAL,CONCRETO,BUENO,SECO,DESPEJADO,0,0,0,0,0
-8142350.05159593,-4443100.00430163,4366,1583700,-37.028643,-73.143975,2023/12/20 00:00:00+00,1899/12/30 00:00:00+00,8,REGION BIO BIO,CORONEL,COLISION,COLISION,URBANA,CRUCE CON SEMAFORO FUNCIONANDO,CONDUCCION NO ATENTO CONDICIONES TRANSITO MOMENTO,IMPRUDENCIA DEL CONDUCTOR,LAUTARO,CARVALLO,CARVALLO - LAUTARO,0,UNIDIRECCIONAL,ASFALTO,BUENO,SECO,DESPEJADO,0,1,0,0,1
-8052731.96157434,-4508101.84633212,4367,1579083,-37.493375,-72.338922,2023/12/20 00:00:00+00,1899/12/30 00:00:00+00,8,REGION BIO BIO,LOS ANGELES,CHOQUE FRENTE/POSTERIOR,CHOQUE,URBANA,CRUCE CON SEÑAL CEDA EL PASO,CONDUCCION NO ATENTO CONDICIONES TRANSITO MOMENTO,IMPRUDENCIA DEL CONDUCTOR,LOS CARRERA,LAUQUEN,LAUQUEN - LOS CARRERA,0,BIDIRECCIONAL,ASFALTO,BUENO,SECO,DESPEJADO,0,0,0,0,0
-8137597.04329753,-4416656.19487576,4368,1581682,-36.838763,-73.101278,2023/12/20 00:00:00+00,1899/12/30 00:00:00+00,8,REGION BIO BIO,SAN PEDRO DE LA PAZ,ATROPELLO,ATROPELLO,URBANA,TRAMO DE VIA RECTA,PEATON CRUZA CALZADA FORMA SORPRESIVA O DESCUIDADA,IMPRUDENCIA DEL PEATON,PEDRO AGUIRRE CERDA,LOS CANELOS,LOS CANELOS - PEDRO AGUIRRE CERDA,0,BIDIRECCIONAL,CONCRETO,BUENO,SECO,DESPEJADO,0,1,0,1,0
-8054334.73960278,-4505674.7503866,4369,1580136,-37.476074,-72.35332,2023/12/20 00:00:00+00,1899/12/30 00:00:00+00,8,REGION BIO BIO,LOS ANGELES,COLISION,COLISION,URBANA,TRAMO DE VIA RECTA,CONDUCCION NO ATENTO CONDICIONES TRANSITO MOMENTO,IMPRUDENCIA DEL CONDUCTOR,SAN MARTIN, ,- SAN MARTIN,341,UNIDIRECCIONAL,CONCRETO,BUENO,SECO,DESPEJADO,0,0,0,0,0
-8136925.00753161,-4402958.81593959,4370,1580898,-36.740223,-73.095241,2023/12/20 00:00:00+00,1899/12/30 00:00:00+00,8,REGION BIO BIO,TALCAHUANO,COLISION LATERAL,COLISION,URBANA,CRUCE SIN SEÑALIZACION,NO RESPETAR DERECHO PREFERENTE DE PASO A VEHICULO,IMPRUDENCIA DEL CONDUCTOR,BUENOS AIRES,MANUEL MONTT,BUENOS AIRES - MANUEL MONTT,0,BIDIRECCIONAL,CONCRETO,BUENO,SECO,DESPEJADO,0,1,0,0,1
-8135787.4336552,-4404546.02563706,4371,1580903,-36.751648,-73.085022,2023/12/20 00:00:00+00,1899/12/30 00:00:00+00,8,REGION BIO BIO,TALCAHUANO,COLISION LATERAL,COLISION,URBANA,TRAMO DE VIA RECTA,CONDUCCION NO ATENTO CONDICIONES TRANSITO MOMENTO,IMPRUDENCIA DEL CONDUCTOR,CLAUDIO GAY, ,- CLAUDIO GAY,323,BIDIRECCIONAL,CONCRETO,BUENO,SECO,DESPEJADO,0,1,0,0,1
-8128301.97713578,-4414097.47514637,4372,1580009,-36.820365,-73.017779,2023/12/21 00:00:00+00,1899/12/30 00:00:00+00,8,REGION BIO BIO,CONCEPCION,ATROPELLO,ATROPELLO,URBANA,TRAMO DE VIA RECTA,IMPRUDENCIA DEL PEATON,IMPRUDENCIA DEL PEATON,GENERAL NOVOA,LOS LIRIOS,GENERAL NOVOA - LOS LIRIOS,0,UNIDIRECCIONAL,CONCRETO,BUENO,SECO,DESPEJADO,0,2,0,0,2
-8138411.45669218,-4408854.84187725,4373,1580264,-36.782655,-73.108594,2023/12/21 00:00:00+00,1899/12/30 00:00:00+00,8,REGION BIO BIO,HUALPEN,COLISION,COLISION,URBANA,CRUCE CON SEÑAL CEDA EL PASO,SEÑALIZACION DESOBEDECER SEÑAL CEDA EL PASO,DESOBEDIENCIA A SEÑALIZACION,SUIZA,BELGICA,BELGICA - SUIZA,0,BIDIRECCIONAL,CONCRETO,BUENO,SECO,DESPEJADO,0,0,0,0,0
-8137889.59091934,-4416580.94599305,4374,1581684,-36.838222,-73.103906,2023/12/21 00:00:00+00,1899/12/30 00:00:00+00,8,REGION BIO BIO,SAN PEDRO DE LA PAZ,COLISION POR ALCANCE,COLISION,URBANA,TRAMO DE VIA RECTA,CONDUCCION SIN MANTENER DISTANCIA RAZONABLE NI PRUDENTE,IMPRUDENCIA DEL CONDUCTOR,JORGE ALESSANDRI,PEDRO AGUIRRE CERDA,JORGE ALESSANDRI - PEDRO AGUIRRE CERDA,0,BIDIRECCIONAL,CONCRETO,BUENO,SECO,DESPEJADO,0,0,0,0,0
-8130306.61852599,-4414177.43451671,4375,1580042,-36.82094,-73.035787,2023/12/21 00:00:00+00,1899/12/30 00:00:00+00,8,REGION BIO BIO,CONCEPCION,COLISION LATERAL,COLISION,URBANA,CRUCE CON SEMAFORO FUNCIONANDO,CONDUCCION NO ATENTO CONDICIONES TRANSITO MOMENTO,IMPRUDENCIA DEL CONDUCTOR,ROOSEVELT,LUIS URRUTIA MANZANO,LUIS URRUTIA MANZANO - ROOSEVELT,0,BIDIRECCIONAL,CONCRETO,BUENO,SECO,DESPEJADO,0,1,0,0,1
-8121386.25377025,-4385089.72647937,4376,1579801,-36.611481,-72.955654,2023/12/21 00:00:00+00,1899/12/30 00:00:00+00,8,REGION BIO BIO,TOME,CHOQUE LADO/LADO,CHOQUE,URBANA,TRAMO DE VIA RECTA,CONDUCCION NO ATENTO CONDICIONES TRANSITO MOMENTO,IMPRUDENCIA DEL CONDUCTOR,BAMBACH,DIEGO PORTALES,BAMBACH - DIEGO PORTALES,0,BIDIRECCIONAL,CONCRETO,BUENO,SECO,DESPEJADO,0,0,0,0,0
-8052296.36840686,-4503190.99940429,4377,1580144,-37.458365,-72.335009,2023/12/21 00:00:00+00,1899/12/30 00:00:00+00,8,REGION BIO BIO,LOS ANGELES,COLISION POR ALCANCE,COLISION,URBANA,TRAMO DE VIA RECTA,CONDUCCION NO ATENTO CONDICIONES TRANSITO MOMENTO,IMPRUDENCIA DEL CONDUCTOR,LAUCA, ,- LAUCA,680,BIDIRECCIONAL,CONCRETO,BUENO,SECO,DESPEJADO,0,0,0,0,0
-8129867.01785685,-4426695.07995282,4378,1581201,-36.910903,-73.031838,2023/12/21 00:00:00+00,1899/12/30 00:00:00+00,8,REGION BIO BIO,CHIGUAYANTE,CHOQUE FRENTE/POSTERIOR,CHOQUE,URBANA,CRUCE CON SEMAFORO FUNCIONANDO,"CONDICIONES FISICAS DEFICIENTES (CANSANCIO, SUEÑO)",DROGAS Y/O FATIGA EN CONDUCTOR,8 ORIENTE,BILBAO,8 ORIENTE - BILBAO,0,BIDIRECCIONAL CON BANDEJON,ASFALTO,BUENO,SECO,DESPEJADO,0,2,0,0,2
-8053050.55795699,-4507576.98707601,4379,1580151,-37.489634,-72.341784,2023/12/21 00:00:00+00,1899/12/30 00:00:00+00,8,REGION BIO BIO,LOS ANGELES,CHOQUE POSTERIOR/LADO,CHOQUE,URBANA,CRUCE CON SEÑAL CEDA EL PASO,CONDUCCION NO ATENTO CONDICIONES TRANSITO MOMENTO,IMPRUDENCIA DEL CONDUCTOR,LOS CARRERA,FERROCARRIL,FERROCARRIL - LOS CARRERA,0,BIDIRECCIONAL,ASFALTO,BUENO,SECO,DESPEJADO,0,0,0,0,0
-8074035.7291249,-4520841.92288757,4380,1581068,-37.584124,-72.530297,2023/12/21 00:00:00+00,1899/12/30 00:00:00+00,8,REGION BIO BIO,NEGRETE,CHOQUE,CHOQUE,URBANA,CRUCE CON SEÑAL PARE,CONDUCCION NO ATENTO CONDICIONES TRANSITO MOMENTO,IMPRUDENCIA DEL CONDUCTOR,EMILIO SERRANO,10 DE JULIO,10 DE JULIO - EMILIO SERRANO,0,BIDIRECCIONAL,ASFALTO,BUENO,SECO,DESPEJADO,0,0,0,0,0
-8138163.88214465,-4411112.15261923,4381,1580293,-36.798894,-73.10637,2023/12/21 00:00:00+00,1899/12/30 00:00:00+00,8,REGION BIO BIO,HUALPEN,COLISION,COLISION,URBANA,CRUCE SIN SEÑALIZACION,ADELANTAMIENTO SIN EL ESPACIO O TIEMPO SUFICIENTE,IMPRUDENCIA DEL CONDUCTOR,LETONIA,GRAN BRETAÑA,GRAN BRETAÑA - LETONIA,0,BIDIRECCIONAL,CONCRETO,BUENO,SECO,DESPEJADO,0,1,0,0,1
-8136686.44986284,-4410023.12359304,4382,1580310,-36.79106,-73.093098,2023/12/22 00:00:00+00,1899/12/30 00:00:00+00,8,REGION BIO BIO,HUALPEN,COLISION,COLISION,URBANA,CRUCE CON SEÑAL CEDA EL PASO,CONDUCCION EN ESTADO DE EBRIEDAD,ALCOHOL EN CONDUCTOR,RAMUNTCHO,CORRAL,CORRAL - RAMUNTCHO,0,BIDIRECCIONAL,CONCRETO,BUENO,SECO,DESPEJADO,0,0,0,0,0
-8131906.05696971,-4412789.84227066,4383,1584185,-36.810961,-73.050155,2023/12/22 00:00:00+00,1899/12/30 00:00:00+00,8,REGION BIO BIO,CONCEPCION,CHOQUE FRENTE/POSTERIOR,CHOQUE,URBANA,CRUCE CON SEMAFORO FUNCIONANDO,VELOCIDAD NO RAZONABLE NI PRUDENTE,VELOCIDAD IMPRUDENTE,PAICAVI,LOS CARRERA,LOS CARRERA - PAICAVI,0,BIDIRECCIONAL CON BANDEJON,CONCRETO,BUENO,SECO,DESPEJADO,0,0,0,0,0
-8136283.58462566,-4408438.01663342,4384,1580897,-36.779656,-73.089479,2023/12/22 00:00:00+00,1899/12/30 00:00:00+00,8,REGION BIO BIO,TALCAHUANO,CHOQUE POSTERIOR/FRENTE,CHOQUE,URBANA,TRAMO DE VIA RECTA,CONDUCCION NO ATENTO CONDICIONES TRANSITO MOMENTO,IMPRUDENCIA DEL CONDUCTOR,SAN MIGUEL, ,- SAN MIGUEL,340,BIDIRECCIONAL,CONCRETO,BUENO,SECO,DESPEJADO,0,0,0,0,0
-8051182.06030402,-4511109.38572763,4385,1580335,-37.514808,-72.324999,2023/12/22 00:00:00+00,1899/12/30 00:00:00+00,8,REGION BIO BIO,LOS ANGELES,COLISION LATERAL,COLISION,URBANA,CRUCE CON SEÑAL PARE,CONDUCCION NO ATENTO CONDICIONES TRANSITO MOMENTO,IMPRUDENCIA DEL CONDUCTOR,LAS INDUSTRIAS, ,- LAS INDUSTRIAS,503,BIDIRECCIONAL CON BANDEJON,CONCRETO,REGULAR,SECO,DESPEJADO,0,2,0,0,2
-8142413.05842772,-4417198.11382508,4386,1581721,-36.842659,-73.144541,2023/12/22 00:00:00+00,1899/12/30 00:00:00+00,8,REGION BIO BIO,SAN PEDRO DE LA PAZ,CAIDA,CAIDA,URBANA,CRUCE SIN SEÑALIZACION,NO RESPETAR DERECHO PREFERENTE DE PASO A VEHICULO,IMPRUDENCIA DEL CONDUCTOR,MANUEL RODRIGUEZ,LONGITUDINAL UNO,LONGITUDINAL UNO - MANUEL RODRIGUEZ,0,BIDIRECCIONAL,CONCRETO,BUENO,SECO,DESPEJADO,0,1,0,1,0
-8091834.49118834,-4508425.10873898,4387,1581069,-37.495679,-72.690186,2023/12/22 00:00:00+00,1899/12/30 00:00:00+00,8,REGION BIO BIO,NACIMIENTO,CHOQUE,CHOQUE,URBANA,CRUCE CON SEMAFORO FUNCIONANDO,CONDUCCION NO ATENTO CONDICIONES TRANSITO MOMENTO,IMPRUDENCIA DEL CONDUCTOR,JULIO HEMMELMANN, ,- JULIO HEMMELMANN,102,BIDIRECCIONAL,ASFALTO,BUENO,SECO,DESPEJADO,0,2,0,0,2
-8054199.15246299,-4504304.11946387,4388,1580341,-37.466302,-72.352102,2023/12/22 00:00:00+00,1899/12/30 00:00:00+00,8,REGION BIO BIO,LOS ANGELES,COLISION POR ALCANCE,COLISION,URBANA,TRAMO DE VIA RECTA,CONDUCCION NO ATENTO CONDICIONES TRANSITO MOMENTO,IMPRUDENCIA DEL CONDUCTOR,VALDIVIA,TUCAPEL,TUCAPEL - VALDIVIA,0,UNIDIRECCIONAL,ASFALTO,BUENO,SECO,DESPEJADO,0,0,0,0,0