X,Y,FID,Idaccident,Latitude,Longitude,Fecha,Hora,Cód_Regi,Región,Comuna,Tipo_Accid,Tipo__CONA,Zona,Ubicación,Causa,Causa__CON,Calle_Uno,Calle_Dos,Intersecci,Número,Calzada,Tipo_Calza,Estado_Cal,Condición,Estado_Atm,Fallecidos,Lesionados,Graves,Menos_Grav,Leves
-8138385.29661184,-4401078.64285745,4389,1580906,-36.726687,-73.108359,2023/12/22 00:00:00+00,1899/12/30 00:00:00+00,8,REGION BIO BIO,TALCAHUANO,CHOQUE FRENTE/POSTERIOR,CHOQUE,URBANA,TRAMO DE VIA RECTA,CONDUCCION SIN MANTENER DISTANCIA RAZONABLE NI PRUDENTE,IMPRUDENCIA DEL CONDUCTOR,PEREZ GACITUA, ,- PEREZ GACITUA,204,BIDIRECCIONAL CON BANDEJON,CONCRETO,BUENO,SECO,DESPEJADO,0,0,0,0,0
-8139013.80645686,-4416721.98592469,4390,1581694,-36.839236,-73.114005,2023/12/22 00:00:00+00,1899/12/30 00:00:00+00,8,REGION BIO BIO,SAN PEDRO DE LA PAZ,COLISION PERPENDICULAR,COLISION,URBANA,CRUCE SIN SEÑALIZACION,NO RESPETAR DERECHO PREFERENTE DE PASO A VEHICULO,IMPRUDENCIA DEL CONDUCTOR,JUAN GOMEZ DE VIDAURRE,ANTONIO DE LAS PEÑAS,ANTONIO DE LAS PEÑAS - JUAN GOMEZ DE VIDAURRE,0,UNIDIRECCIONAL,CONCRETO,BUENO,SECO,DESPEJADO,0,0,0,0,0
-8135573.25495491,-4411001.07601094,4391,1582718,-36.798095,-73.083098,2023/12/22 00:00:00+00,1899/12/30 00:00:00+00,8,REGION BIO BIO,HUALPEN,COLISION FRONTAL,COLISION,URBANA,CRUCE SIN SEÑALIZACION,CONDUCCION CAMBIAR SORPRESIVAMENTE PISTA CIRCULACION,IMPRUDENCIA DEL CONDUCTOR,NUEVA IMPERIAL,CHOL CHOL,CHOL CHOL - NUEVA IMPERIAL,0,BIDIRECCIONAL,CONCRETO,BUENO,SECO,DESPEJADO,0,1,0,0,1
-8133129.34685403,-4410207.30819318,4392,1584173,-36.792385,-73.061144,2023/12/22 00:00:00+00,1899/12/30 00:00:00+00,8,REGION BIO BIO,CONCEPCION,CHOQUE FRENTE/POSTERIOR,CHOQUE,URBANA,TRAMO DE VIA RECTA,CONDUCCION NO ATENTO CONDICIONES TRANSITO MOMENTO,IMPRUDENCIA DEL CONDUCTOR,SAN ANDRES, ,- SAN ANDRES,143,BIDIRECCIONAL,CONCRETO,BUENO,SECO,DESPEJADO,0,0,0,0,0
-8138562.73988017,-4409413.73853343,4393,1580296,-36.786676,-73.109953,2023/12/22 00:00:00+00,1899/12/30 00:00:00+00,8,REGION BIO BIO,HUALPEN,COLISION,COLISION,URBANA,CRUCE SIN SEÑALIZACION,CONDUCCION SIN MANTENER DISTANCIA RAZONABLE NI PRUDENTE,IMPRUDENCIA DEL CONDUCTOR,JORGE ALESSANDRI RODRIGUEZ,CRISTOBAL COLON,CRISTOBAL COLON - JORGE ALESSANDRI RODRIGUEZ,0,BIDIRECCIONAL CON BANDEJON,CONCRETO,BUENO,SECO,DESPEJADO,0,0,0,0,0
-8053449.19305352,-4504433.71299849,4394,1581517,-37.467226,-72.345365,2023/12/22 00:00:00+00,1899/12/30 00:00:00+00,8,REGION BIO BIO,LOS ANGELES,CHOQUE LADO/LADO,CHOQUE,URBANA,CRUCE CON SEÑAL CEDA EL PASO,CONDUCCION NO ATENTO CONDICIONES TRANSITO MOMENTO,IMPRUDENCIA DEL CONDUCTOR,COSTANERA,VOLCAN CALBUCO,COSTANERA - VOLCAN CALBUCO,0,BIDIRECCIONAL,ASFALTO,REGULAR,SECO,DESPEJADO,0,2,0,0,2
-8197807.19551933,-4523527.27930768,4395,1582227,-37.603238,-73.642155,2023/12/22 00:00:00+00,1899/12/30 00:00:00+00,8,REGION BIO BIO,LEBU,CHOQUE POSTERIOR/LADO,CHOQUE,URBANA,CRUCE CON SEÑAL CEDA EL PASO,CONDUCCION NO ATENTO CONDICIONES TRANSITO MOMENTO,IMPRUDENCIA DEL CONDUCTOR,LOS AROMOS,MAX JARA,LOS AROMOS - MAX JARA,0,BIDIRECCIONAL,ASFALTO,BUENO,SECO,DESPEJADO,0,0,0,0,0
-8132600.24531429,-4413873.453049,4396,1584174,-36.818754,-73.056391,2023/12/22 00:00:00+00,1899/12/30 00:00:00+00,8,REGION BIO BIO,CONCEPCION,COLISION,COLISION,URBANA,CRUCE SIN SEÑALIZACION,CONDUCCION NO ATENTO CONDICIONES TRANSITO MOMENTO,IMPRUDENCIA DEL CONDUCTOR,JOAQUIN PRIETO,CAUPOLICAN,CAUPOLICAN - JOAQUIN PRIETO,0,UNIDIRECCIONAL,CONCRETO,BUENO,SECO,DESPEJADO,0,0,0,0,0
-8131740.85884537,-4414850.22950007,4397,1580027,-36.825778,-73.048671,2023/12/22 00:00:00+00,1899/12/30 00:00:00+00,8,REGION BIO BIO,CONCEPCION,ATROPELLO,ATROPELLO,URBANA,CRUCE CON SEMAFORO FUNCIONANDO,IMPRUDENCIA DEL PEATON,IMPRUDENCIA DEL PEATON,BARROS ARANA,COLO COLO,BARROS ARANA - COLO COLO,0,UNIDIRECCIONAL,CONCRETO,BUENO,SECO,DESPEJADO,0,1,0,0,1
-8198578.19431256,-4524294.49012197,4398,1582233,-37.608698,-73.649081,2023/12/22 00:00:00+00,1899/12/30 00:00:00+00,8,REGION BIO BIO,LEBU,COLISION LATERAL,COLISION,URBANA,CRUCE CON SEÑAL PARE,CONDUCCION EN ESTADO DE EBRIEDAD,ALCOHOL EN CONDUCTOR,BAQUEDANO,ARTURO PRAT,ARTURO PRAT - BAQUEDANO,0,BIDIRECCIONAL,ASFALTO,BUENO,SECO,DESPEJADO,0,1,0,0,1
-8131948.58101519,-4414784.17188789,4399,1580058,-36.825303,-73.050537,2023/12/22 00:00:00+00,1899/12/30 00:00:00+00,8,REGION BIO BIO,CONCEPCION,ATROPELLO,ATROPELLO,URBANA,CRUCE CON SEMAFORO FUNCIONANDO,IMPRUDENCIA DEL PEATON,IMPRUDENCIA DEL PEATON,FREIRE,ANIBAL PINTO,ANIBAL PINTO - FREIRE,0,UNIDIRECCIONAL,CONCRETO,BUENO,SECO,DESPEJADO,0,1,0,0,1
-8138375.72313563,-4400103.54472534,4400,1580905,-36.719666,-73.108273,2023/12/22 00:00:00+00,1899/12/30 00:00:00+00,8,REGION BIO BIO,TALCAHUANO,COLISION LATERAL,COLISION,URBANA,CRUCE CON SEMAFORO APAGADO,CONDUCCION EN ESTADO DE EBRIEDAD,ALCOHOL EN CONDUCTOR,ARTURO PRAT,BLANCO ENCALADA,ARTURO PRAT - BLANCO ENCALADA,0,BIDIRECCIONAL CON BANDEJON,CONCRETO,BUENO,SECO,DESPEJADO,0,0,0,0,0
-8138926.75461506,-4409968.91137413,4401,1580318,-36.79067,-73.113223,2023/12/23 00:00:00+00,1899/12/30 00:00:00+00,8,REGION BIO BIO,HUALPEN,CHOQUE FRENTE/LADO,CHOQUE,URBANA,TRAMO DE VIA RECTA,CONDUCCION NO ATENTO CONDICIONES TRANSITO MOMENTO,IMPRUDENCIA DEL CONDUCTOR,MONACO, ,- MONACO,2369,BIDIRECCIONAL,CONCRETO,BUENO,SECO,DESPEJADO,0,0,0,0,0
-8051264.77068568,-4508289.43272097,4402,1581942,-37.494712,-72.325742,2023/12/23 00:00:00+00,1899/12/30 00:00:00+00,8,REGION BIO BIO,LOS ANGELES,COLISION LATERAL,COLISION,URBANA,CRUCE CON SEÑAL CEDA EL PASO,CONDUCCION NO ATENTO CONDICIONES TRANSITO MOMENTO,IMPRUDENCIA DEL CONDUCTOR,LAS INDUSTRIAS,LA FRONTERA,LA FRONTERA - LAS INDUSTRIAS,0,BIDIRECCIONAL,ASFALTO,BUENO,SECO,DESPEJADO,0,2,0,0,2
-8077553.31371448,-4452303.95362603,4403,1581731,-37.094621,-72.561896,2023/12/23 00:00:00+00,1899/12/30 00:00:00+00,8,REGION BIO BIO,YUMBEL,CHOQUE FRONTAL,CHOQUE,URBANA,TRAMO DE VIA RECTA,CONDUCCION EN ESTADO DE EBRIEDAD,ALCOHOL EN CONDUCTOR,O'HIGGINS, ,- O'HIGGINS,99,BIDIRECCIONAL,CONCRETO,BUENO,SECO,DESPEJADO,0,1,0,1,0
-8133285.52809962,-4409959.45901549,4404,1566565,-36.790602,-73.062547,2023/10/09 00:00:00+00,1899/12/30 00:00:00+00,8,REGION BIO BIO,TALCAHUANO,COLISION LATERAL,COLISION,URBANA,OTROS NO CONSIDERADOS,VIRAJES INDEBIDOS,IMPRUDENCIA DEL CONDUCTOR,JORGE ALESSANDRI, ,- JORGE ALESSANDRI,3177,BIDIRECCIONAL,CONCRETO,BUENO,SECO,DESPEJADO,0,0,0,0,0
-8135724.31550392,-4405637.41283078,4405,1571115,-36.759503,-73.084455,2023/11/02 00:00:00+00,1899/12/30 00:00:00+00,8,REGION BIO BIO,TALCAHUANO,COLISION LATERAL,COLISION,URBANA,CRUCE CON SEÑAL PARE,SEÑALIZACION DESOBEDECER SEÑAL PARE,DESOBEDIENCIA A SEÑALIZACION,MONSEÑOR ALARCON,CLAUDIO GAY,CLAUDIO GAY - MONSEÑOR ALARCON,0,BIDIRECCIONAL,CONCRETO,BUENO,SECO,DESPEJADO,0,1,0,0,1
-8136392.56640715,-4412282.3504511,4406,1558749,-36.807311,-73.090458,2023/09/14 00:00:00+00,1899/12/30 00:00:00+00,8,REGION BIO BIO,HUALPEN,COLISION,COLISION,URBANA,TRAMO DE VIA RECTA,CONDUCCION SIN MANTENER DISTANCIA RAZONABLE NI PRUDENTE,IMPRUDENCIA DEL CONDUCTOR,COSTANERA, ,- COSTANERA,9781,BIDIRECCIONAL,CONCRETO,BUENO,HUMEDO,DESPEJADO,0,0,0,0,0
-8054578.64060711,-4504976.36825775,4407,1559497,-37.471095,-72.355511,2023/09/14 00:00:00+00,1899/12/30 00:00:00+00,8,REGION BIO BIO,LOS ANGELES,COLISION LATERAL,COLISION,URBANA,TRAMO DE VIA RECTA,CONDUCCION NO ATENTO CONDICIONES TRANSITO MOMENTO,IMPRUDENCIA DEL CONDUCTOR,ERCILLA,CAUPOLICAN,CAUPOLICAN - ERCILLA,0,BIDIRECCIONAL,CONCRETO,BUENO,SECO,DESPEJADO,0,0,0,0,0
-8055978.03792587,-4504759.24668046,4408,1566995,-37.469547,-72.368082,2023/10/09 00:00:00+00,1899/12/30 00:00:00+00,8,REGION BIO BIO,LOS ANGELES,CHOQUE LADO/POSTERIOR,CHOQUE,URBANA,TRAMO DE VIA RECTA,CONDUCCION EN ESTADO DE EBRIEDAD,ALCOHOL EN CONDUCTOR,TALCAHUANO, ,- TALCAHUANO,422,BIDIRECCIONAL,CONCRETO,BUENO,SECO,DESPEJADO,0,0,0,0,0
-8136599.06406257,-4404781.38345597,4409,1571117,-36.753342,-73.092313,2023/11/02 00:00:00+00,1899/12/30 00:00:00+00,8,REGION BIO BIO,TALCAHUANO,COLISION LATERAL,COLISION,URBANA,CRUCE CON SEMAFORO FUNCIONANDO,SEÑALIZACION DESOBEDECER LUZ ROJA DE SEMAFORO,DESOBEDIENCIA A SEÑALIZACION,CRISTOBAL COLON,JUAN GUILLERMO SOSA,CRISTOBAL COLON - JUAN GUILLERMO SOSA,0,BIDIRECCIONAL,CONCRETO,BUENO,SECO,DESPEJADO,0,0,0,0,0
-8051730.30879618,-4501124.25006071,4410,1567080,-37.443626,-72.329924,2023/10/10 00:00:00+00,1899/12/30 00:00:00+00,8,REGION BIO BIO,LOS ANGELES,CHOQUE FRENTE/LADO,CHOQUE,URBANA,TRAMO DE VIA RECTA,CONDUCCION NO ATENTO CONDICIONES TRANSITO MOMENTO,IMPRUDENCIA DEL CONDUCTOR,SOR VICENTA, ,- SOR VICENTA,2743,BIDIRECCIONAL CON BANDEJON,CONCRETO,BUENO,SECO,DESPEJADO,0,1,0,0,1
-8053584.22359585,-4506856.87412752,4411,1570302,-37.484501,-72.346578,2023/11/02 00:00:00+00,1899/12/30 00:00:00+00,8,REGION BIO BIO,LOS ANGELES,CHOQUE FRENTE/POSTERIOR,CHOQUE,URBANA,CRUCE CON SEÑAL CEDA EL PASO,CONDUCCION NO ATENTO CONDICIONES TRANSITO MOMENTO,IMPRUDENCIA DEL CONDUCTOR,LOS CARRERA,COSTANERA PAILLIHUE,COSTANERA PAILLIHUE - LOS CARRERA,0,BIDIRECCIONAL,CONCRETO,BUENO,SECO,DESPEJADO,0,0,0,0,0
-8094092.27310061,-4478888.02622133,4412,1565198,-37.284865,-72.710468,2023/10/10 00:00:00+00,1899/12/30 00:00:00+00,8,REGION BIO BIO,LAJA,CHOQUE FRONTAL,CHOQUE,URBANA,CRUCE CON SEÑAL CEDA EL PASO,FALLAS MECANICAS FRENOS,FALLAS MECANICAS,SAN MARTIN,EL PINO,EL PINO - SAN MARTIN,0,BIDIRECCIONAL,ASFALTO,BUENO,SECO,DESPEJADO,0,0,0,0,0
-8136073.85870501,-4407380.25158803,4413,1560506,-36.772045,-73.087595,2023/09/14 00:00:00+00,1899/12/30 00:00:00+00,8,REGION BIO BIO,TALCAHUANO,COLISION LATERAL,COLISION,URBANA,CRUCE CON SEÑAL CEDA EL PASO,SEÑALIZACION DESOBEDECER SEÑAL CEDA EL PASO,DESOBEDIENCIA A SEÑALIZACION,LA MARINA,LOS PINOS,LA MARINA - LOS PINOS,0,BIDIRECCIONAL,CONCRETO,BUENO,SECO,DESPEJADO,0,0,0,0,0
-8177949.91343213,-4526517.33069715,4414,1569327,-37.624515,-73.463774,2023/11/02 00:00:00+00,1899/12/30 00:00:00+00,8,REGION BIO BIO,LOS ALAMOS,COLISION LATERAL,COLISION,URBANA,CRUCE CON SEÑAL CEDA EL PASO,SEÑALIZACION DESOBEDECER SEÑAL CEDA EL PASO,DESOBEDIENCIA A SEÑALIZACION,LAUTARO,O'HIGGINS,LAUTARO - O'HIGGINS,0,UNIDIRECCIONAL,ASFALTO,BUENO,SECO,DESPEJADO,0,2,0,0,2
-8160982.48532593,-4473280.26646625,4415,1566737,-37.244774,-73.311353,2023/10/10 00:00:00+00,1899/12/30 00:00:00+00,8,REGION BIO BIO,ARAUCO,CHOQUE,CHOQUE,URBANA,OTROS NO CONSIDERADOS,CONDUCCION NO ATENTO CONDICIONES TRANSITO MOMENTO,IMPRUDENCIA DEL CONDUCTOR,CARLOS CONDELL,KORNER,CARLOS CONDELL - KORNER,0,UNIDIRECCIONAL,ASFALTO,BUENO,SECO,DESPEJADO,0,0,0,0,0
-8093839.689176,-4478457.24284135,4416,1561024,-37.281786,-72.708199,2023/09/14 00:00:00+00,1899/12/30 00:00:00+00,8,REGION BIO BIO,LAJA,CHOQUE FRENTE/POSTERIOR,CHOQUE,URBANA,TRAMO DE VIA RECTA,CONDUCCION NO ATENTO CONDICIONES TRANSITO MOMENTO,IMPRUDENCIA DEL CONDUCTOR,CAUPOLICAN, ,- CAUPOLICAN,186,BIDIRECCIONAL,ASFALTO,BUENO,SECO,NUBLADO,0,0,0,0,0
-8197503.18198997,-4522436.13835993,4417,1569338,-37.595472,-73.639424,2023/11/02 00:00:00+00,1899/12/30 00:00:00+00,8,REGION BIO BIO,LEBU,VOLCADURA,VOLCADURA,URBANA,TRAMO DE VIA RECTA,VELOCIDAD NO RAZONABLE NI PRUDENTE,VELOCIDAD IMPRUDENTE,IGNACIO CARRERA PINTO,FRANZ BENNER,FRANZ BENNER - IGNACIO CARRERA PINTO,0,BIDIRECCIONAL,ASFALTO,BUENO,SECO,DESPEJADO,0,1,0,0,1
-8141571.48307732,-4422009.41165989,4418,1565446,-36.87724,-73.136981,2023/10/10 00:00:00+00,1899/12/30 00:00:00+00,8,REGION BIO BIO,SAN PEDRO DE LA PAZ,COLISION PERPENDICULAR,COLISION,URBANA,CRUCE CON SEMAFORO FUNCIONANDO,CONDUCCION NO ATENTO CONDICIONES TRANSITO MOMENTO,IMPRUDENCIA DEL CONDUCTOR,PEDRO AGUIRRE CERDA,PEUMO,PEDRO AGUIRRE CERDA - PEUMO,0,UNIDIRECCIONAL,CONCRETO,BUENO,SECO,DESPEJADO,0,1,0,0,1
-8088995.28757566,-4414417.17716896,4419,1564385,-36.822664,-72.664681,2023/09/14 00:00:00+00,1899/12/30 00:00:00+00,8,REGION BIO BIO,FLORIDA,COLISION POR ALCANCE,COLISION,URBANA,TRAMO DE VIA RECTA,CONDUCCION NO ATENTO CONDICIONES TRANSITO MOMENTO,IMPRUDENCIA DEL CONDUCTOR,SARGENTO ALDEA, ,- SARGENTO ALDEA,400,UNIDIRECCIONAL,ASFALTO,BUENO,SECO,DESPEJADO,0,1,0,0,1
-8051266.10651957,-4505910.54726706,4420,1570309,-37.477755,-72.325754,2023/11/03 00:00:00+00,1899/12/30 00:00:00+00,8,REGION BIO BIO,LOS ANGELES,COLISION FRONTAL,COLISION,URBANA,TRAMO DE VIA RECTA,CONDUCCION EN ESTADO DE EBRIEDAD,ALCOHOL EN CONDUCTOR,LAS INDUSTRIAS, ,- LAS INDUSTRIAS,10445,BIDIRECCIONAL CON BANDEJON,ASFALTO,BUENO,SECO,DESPEJADO,0,1,0,0,1
-8142413.05842772,-4417198.11382508,4421,1567292,-36.842659,-73.144541,2023/10/10 00:00:00+00,1899/12/30 00:00:00+00,8,REGION BIO BIO,SAN PEDRO DE LA PAZ,ATROPELLO,ATROPELLO,URBANA,ACCESO NO HABILITADO,PEATON CRUZA CALZADA FUERA PASO PEATONES,IMPRUDENCIA DEL PEATON,LONGITUDINAL UNO,12 DE FEBRERO,12 DE FEBRERO - LONGITUDINAL UNO,0,BIDIRECCIONAL,ASFALTO,BUENO,SECO,DESPEJADO,0,1,1,0,0
-8131948.58101519,-4414784.17188789,4422,1558778,-36.825303,-73.050537,2023/09/14 00:00:00+00,1899/12/30 00:00:00+00,8,REGION BIO BIO,CONCEPCION,CHOQUE,CHOQUE,URBANA,CRUCE CON SEMAFORO FUNCIONANDO,CONDUCCION NO ATENTO CONDICIONES TRANSITO MOMENTO,IMPRUDENCIA DEL CONDUCTOR,FREIRE,ANIBAL PINTO,ANIBAL PINTO - FREIRE,0,BIDIRECCIONAL,CONCRETO,BUENO,MOJADO,LLOVIZNA,0,0,0,0,0
-8164520.10742385,-4505608.963863,4423,1569352,-37.475605,-73.343132,2023/11/03 00:00:00+00,1899/12/30 00:00:00+00,8,REGION BIO BIO,CURANILAHUE,CHOQUE FRENTE/LADO,CHOQUE,URBANA,TRAMO DE VIA RECTA,ADELANTAMIENTO SIN EL ESPACIO O TIEMPO SUFICIENTE,IMPRUDENCIA DEL CONDUCTOR,CAUPOLICAN,COLO COLO,CAUPOLICAN - COLO COLO,0,UNIDIRECCIONAL,CONCRETO,BUENO,SECO,DESPEJADO,0,0,0,0,0
-8135948.1789999,-4402978.26390639,4424,1560507,-36.740363,-73.086466,2023/09/14 00:00:00+00,1899/12/30 00:00:00+00,8,REGION BIO BIO,TALCAHUANO,COLISION LATERAL,COLISION,URBANA,CRUCE CON SEÑAL PARE,SEÑALIZACION DESOBEDECER SEÑAL PARE,DESOBEDIENCIA A SEÑALIZACION,VASCO NUÑEZ DE BALBOA, ,- VASCO NUÑEZ DE BALBOA,9111,BIDIRECCIONAL,CONCRETO,BUENO,SECO,DESPEJADO,0,2,0,0,2
-8161642.60990633,-4473932.49367627,4425,1559982,-37.249438,-73.317283,2023/09/14 00:00:00+00,1899/12/30 00:00:00+00,8,REGION BIO BIO,ARAUCO,COLISION,COLISION,URBANA,OTROS NO CONSIDERADOS,CONDUCCION NO ATENTO CONDICIONES TRANSITO MOMENTO,IMPRUDENCIA DEL CONDUCTOR,CAUPOLICAN, ,- CAUPOLICAN,621,UNIDIRECCIONAL,CONCRETO,BUENO,MOJADO,LLUVIA,0,0,0,0,0
-8133434.58489779,-4414486.1528536,4426,1570044,-36.82316,-73.063886,2023/11/03 00:00:00+00,1899/12/30 00:00:00+00,8,REGION BIO BIO,CONCEPCION,COLISION,COLISION,URBANA,CRUCE CON SEÑAL CEDA EL PASO,CONDUCCION NO ATENTO CONDICIONES TRANSITO MOMENTO,IMPRUDENCIA DEL CONDUCTOR,PADRE HURTADO,GENERAL CRUZ,GENERAL CRUZ - PADRE HURTADO,0,UNIDIRECCIONAL,CONCRETO,BUENO,SECO,DESPEJADO,0,1,0,0,1
-8132940.10371969,-4416858.29848373,4427,1559678,-36.840216,-73.059444,2023/09/14 00:00:00+00,1899/12/30 00:00:00+00,8,REGION BIO BIO,CONCEPCION,COLISION LATERAL,COLISION,URBANA,CRUCE CON SEMAFORO FUNCIONANDO,CONDUCCION NO ATENTO CONDICIONES TRANSITO MOMENTO,IMPRUDENCIA DEL CONDUCTOR,COSTANERA,ESMERALDA,COSTANERA - ESMERALDA,0,BIDIRECCIONAL CON BANDEJON,CONCRETO,BUENO,MOJADO,LLOVIZNA,0,0,0,0,0
-8139540.68160678,-4409431.80830045,4428,1569576,-36.786806,-73.118738,2023/11/03 00:00:00+00,1899/12/30 00:00:00+00,8,REGION BIO BIO,HUALPEN,COLISION,COLISION,URBANA,CRUCE CON SEÑAL PARE,SEÑALIZACION DESOBEDECER SEÑAL PARE,DESOBEDIENCIA A SEÑALIZACION,COSTANERA,FINLANDIA,COSTANERA - FINLANDIA,0,BIDIRECCIONAL CON BANDEJON,CONCRETO,BUENO,SECO,DESPEJADO,0,1,1,0,0
-8053017.38474873,-4503250.60029411,4429,1559489,-37.45879,-72.341486,2023/09/14 00:00:00+00,1899/12/30 00:00:00+00,8,REGION BIO BIO,LOS ANGELES,CHOQUE POSTERIOR/POSTERIOR,CHOQUE,URBANA,TRAMO DE VIA RECTA,CONDUCCION NO ATENTO CONDICIONES TRANSITO MOMENTO,IMPRUDENCIA DEL CONDUCTOR,ALMIRANTE LATORRE,MARCONI,ALMIRANTE LATORRE - MARCONI,0,BIDIRECCIONAL,CONCRETO,REGULAR,SECO,DESPEJADO,0,0,0,0,0
-8129095.68510514,-4412993.40195237,4430,1569547,-36.812425,-73.024909,2023/11/03 00:00:00+00,1899/12/30 00:00:00+00,8,REGION BIO BIO,CONCEPCION,COLISION,COLISION,URBANA,ROTONDA,CONDUCCION CAMBIAR SORPRESIVAMENTE PISTA CIRCULACION,IMPRUDENCIA DEL CONDUCTOR,ALONSO DE RIBERA,GENERAL BONILLA,ALONSO DE RIBERA - GENERAL BONILLA,0,BIDIRECCIONAL CON BANDEJON,CONCRETO,BUENO,SECO,DESPEJADO,0,0,0,0,0
-8133077.8059298,-4415026.5705659,4431,1558760,-36.827046,-73.060681,2023/09/14 00:00:00+00,1899/12/30 00:00:00+00,8,REGION BIO BIO,CHIGUAYANTE,CHOQUE,CHOQUE,URBANA,TRAMO DE VIA RECTA,CONDUCCION NO ATENTO CONDICIONES TRANSITO MOMENTO,IMPRUDENCIA DEL CONDUCTOR,LOS CARRERA,ARTURO PRAT,ARTURO PRAT - LOS CARRERA,0,BIDIRECCIONAL CON BANDEJON,CONCRETO,BUENO,MOJADO,LLUVIA,0,0,0,0,0
-8137997.34818642,-4403721.2027992,4432,1560517,-36.745711,-73.104874,2023/09/14 00:00:00+00,1899/12/30 00:00:00+00,8,REGION BIO BIO,TALCAHUANO,COLISION LATERAL,COLISION,URBANA,TRAMO DE VIA RECTA,VIRAJES INDEBIDOS,IMPRUDENCIA DEL CONDUCTOR,ALTO HORNO, ,- ALTO HORNO,264,BIDIRECCIONAL CON BANDEJON,CONCRETO,BUENO,SECO,DESPEJADO,0,1,0,0,1
-8133285.7507386,-4410617.94706411,4433,1570066,-36.795339,-73.062549,2023/11/03 00:00:00+00,1899/12/30 00:00:00+00,8,REGION BIO BIO,CONCEPCION,COLISION,COLISION,URBANA,TRAMO DE VIA RECTA,CONDUCCION NO ATENTO CONDICIONES TRANSITO MOMENTO,IMPRUDENCIA DEL CONDUCTOR,PAICAVI, ,- PAICAVI,3280,BIDIRECCIONAL,CONCRETO,BUENO,SECO,DESPEJADO,0,0,0,0,0
-8130956.83567171,-4414626.19155631,4434,1570061,-36.824167,-73.041628,2023/10/10 00:00:00+00,1899/12/30 00:00:00+00,8,REGION BIO BIO,CONCEPCION,CHOQUE POSTERIOR,CHOQUE,URBANA,CRUCE CON SEMAFORO FUNCIONANDO,CONDUCCION NO ATENTO CONDICIONES TRANSITO MOMENTO,IMPRUDENCIA DEL CONDUCTOR,PAICAVI,O'HIGGINS,O'HIGGINS - PAICAVI,0,BIDIRECCIONAL CON BANDEJON,CONCRETO,BUENO,SECO,DESPEJADO,0,0,0,0,0
-8132238.45696922,-4415762.0055099,4435,1570059,-36.832334,-73.053141,2023/11/03 00:00:00+00,1899/12/30 00:00:00+00,8,REGION BIO BIO,CONCEPCION,COLISION,COLISION,URBANA,CRUCE CON SEMAFORO FUNCIONANDO,CONDUCCION NO ATENTO CONDICIONES TRANSITO MOMENTO,IMPRUDENCIA DEL CONDUCTOR,CHACABUCO,VICTOR LAMAS,CHACABUCO - VICTOR LAMAS,0,BIDIRECCIONAL,CONCRETO,BUENO,SECO,DESPEJADO,0,0,0,0,0
-8077005.51050028,-4452613.2252613,4436,1565190,-37.096837,-72.556975,2023/10/10 00:00:00+00,1899/12/30 00:00:00+00,8,REGION BIO BIO,YUMBEL,CHOQUE POSTERIOR/LADO,CHOQUE,URBANA,TRAMO DE VIA RECTA,CONDUCCION NO ATENTO CONDICIONES TRANSITO MOMENTO,IMPRUDENCIA DEL CONDUCTOR,CASTELLON, ,- CASTELLON,220,UNIDIRECCIONAL,CONCRETO,BUENO,SECO,DESPEJADO,0,0,0,0,0
-8132405.21356642,-4415434.0575513,4437,1574808,-36.829976,-73.054639,2023/11/03 00:00:00+00,1899/12/30 00:00:00+00,8,REGION BIO BIO,CONCEPCION,CHOQUE,CHOQUE,URBANA,OTROS NO CONSIDERADOS,CONDUCCION NO ATENTO CONDICIONES TRANSITO MOMENTO,IMPRUDENCIA DEL CONDUCTOR,O'HIGGINS, ,- O'HIGGINS,258,UNIDIRECCIONAL,CONCRETO,BUENO,SECO,DESPEJADO,0,0,0,0,0
-8053262.84422593,-4505143.13975765,4438,1569216,-37.472284,-72.343691,2023/10/10 00:00:00+00,1899/12/30 00:00:00+00,8,REGION BIO BIO,LOS ANGELES,COLISION,COLISION,URBANA,CRUCE CON SEÑAL CEDA EL PASO,CONDUCCION NO ATENTO CONDICIONES TRANSITO MOMENTO,IMPRUDENCIA DEL CONDUCTOR,RICARDO VICUÑA,BARRUETO,BARRUETO - RICARDO VICUÑA,0,UNIDIRECCIONAL,CONCRETO,BUENO,SECO,DESPEJADO,0,0,0,0,0
-8138835.24999363,-4401450.17855998,4439,1572038,-36.729362,-73.112401,2023/11/03 00:00:00+00,1899/12/30 00:00:00+00,8,REGION BIO BIO,TALCAHUANO,CHOQUE POSTERIOR/FRENTE,CHOQUE,URBANA,TRAMO DE VIA RECTA,CONDUCCION NO ATENTO CONDICIONES TRANSITO MOMENTO,IMPRUDENCIA DEL CONDUCTOR,GENERAL CRUZ, ,- GENERAL CRUZ,385,BIDIRECCIONAL,CONCRETO,BUENO,SECO,DESPEJADO,0,0,0,0,0
-8134239.42481623,-4410182.42571016,4440,1569538,-36.792206,-73.071116,2023/11/03 00:00:00+00,1899/12/30 00:00:00+00,8,REGION BIO BIO,TALCAHUANO,COLISION,COLISION,URBANA,TRAMO DE VIA RECTA,CONDUCCION NO ATENTO CONDICIONES TRANSITO MOMENTO,IMPRUDENCIA DEL CONDUCTOR,JORGE ALESSANDRI RODRIGUEZ, ,- JORGE ALESSANDRI RODRIGUEZ,8590,BIDIRECCIONAL CON BANDEJON,CONCRETO,BUENO,SECO,DESPEJADO,0,0,0,0,0