X,Y,FID,Idaccident,Latitude,Longitude,Fecha,Hora,Cód_Regi,Región,Comuna,Tipo_Accid,Tipo__CONA,Zona,Ubicación,Causa,Causa__CON,Calle_Uno,Calle_Dos,Intersecci,Número,Calzada,Tipo_Calza,Estado_Cal,Condición,Estado_Atm,Fallecidos,Lesionados,Graves,Menos_Grav,Leves
-8128854.67840757,-4429587.01966338,5010,1577240,-36.931672,-73.022744,2023/11/17 00:00:00+00,1899/12/30 00:00:00+00,8,REGION BIO BIO,CHIGUAYANTE,ATROPELLO,ATROPELLO,URBANA,CRUCE CON SEMAFORO FUNCIONANDO,IMPRUDENCIA DEL PEATON,IMPRUDENCIA DEL PEATON,MANUEL RODRIGUEZ,PINARES,MANUEL RODRIGUEZ - PINARES,0,BIDIRECCIONAL CON BANDEJON,CONCRETO,BUENO,SECO,NUBLADO,0,1,0,0,1
-8120783.68136659,-4384064.50209255,5011,1566528,-36.604088,-72.950241,2023/10/21 00:00:00+00,1899/12/30 00:00:00+00,8,REGION BIO BIO,TOME,CHOQUE POSTERIOR/POSTERIOR,CHOQUE,URBANA,TRAMO DE VIA RECTA,CONDUCIR VEHICULO EN RETROCESO,IMPRUDENCIA DEL CONDUCTOR,EL ESPINO, ,- EL ESPINO,2488,BIDIRECCIONAL,CONCRETO,BUENO,SECO,DESPEJADO,0,0,0,0,0
-8128501.3503438,-4430598.1103385,5012,1562585,-36.938932,-73.01957,2023/09/25 00:00:00+00,1899/12/30 00:00:00+00,8,REGION BIO BIO,CHIGUAYANTE,COLISION PERPENDICULAR,COLISION,URBANA,CRUCE CON SEMAFORO FUNCIONANDO,CONDUCCION NO ATENTO CONDICIONES TRANSITO MOMENTO,IMPRUDENCIA DEL CONDUCTOR,MANUEL RODRIGUEZ,LOS CASTAÑOS,LOS CASTAÑOS - MANUEL RODRIGUEZ,0,BIDIRECCIONAL CON BANDEJON,CONCRETO,BUENO,MOJADO,LLUVIA,0,2,0,0,2
-8123093.78343953,-4398904.27264152,5013,1572876,-36.71103,-72.970993,2023/11/17 00:00:00+00,1899/12/30 00:00:00+00,8,REGION BIO BIO,PENCO,CHOQUE FRENTE/POSTERIOR,CHOQUE,URBANA,TRAMO DE VIA RECTA,CONDUCCION NO ATENTO CONDICIONES TRANSITO MOMENTO,IMPRUDENCIA DEL CONDUCTOR,BALMACEDA, ,- BALMACEDA,460,UNIDIRECCIONAL,ASFALTO,BUENO,SECO,DESPEJADO,0,0,0,0,0
-8131873.5516784,-4418970.39270793,5014,1566885,-36.855399,-73.049863,2023/10/21 00:00:00+00,1899/12/30 00:00:00+00,8,REGION BIO BIO,CONCEPCION,CHOQUE,CHOQUE,URBANA,OTROS NO CONSIDERADOS,CONDUCCION CAMBIAR SORPRESIVAMENTE PISTA CIRCULACION,IMPRUDENCIA DEL CONDUCTOR,PEDRO DE VALDIVIA,SANDERS,PEDRO DE VALDIVIA - SANDERS,0,BIDIRECCIONAL CON BANDEJON,CONCRETO,BUENO,SECO,DESPEJADO,0,0,0,0,0
-8042593.76158932,-4540176.0417683,5015,1562662,-37.721632,-72.247849,2023/09/26 00:00:00+00,1899/12/30 00:00:00+00,8,REGION BIO BIO,MULCHEN,CHOQUE,CHOQUE,URBANA,CRUCE SIN SEÑALIZACION,CONDUCCION NO ATENTO CONDICIONES TRANSITO MOMENTO,IMPRUDENCIA DEL CONDUCTOR,UNZUETA,SOTO,SOTO - UNZUETA,0,UNIDIRECCIONAL,CONCRETO,BUENO,SECO,DESPEJADO,0,0,0,0,0
-8139120.78448751,-4402348.72344911,5016,1572419,-36.735831,-73.114966,2023/11/17 00:00:00+00,1899/12/30 00:00:00+00,8,REGION BIO BIO,TALCAHUANO,COLISION,COLISION,URBANA,CRUCE SIN SEÑALIZACION,CONDUCCION NO ATENTO CONDICIONES TRANSITO MOMENTO,IMPRUDENCIA DEL CONDUCTOR,ISLA SAN AMBROSIO,ISLA SANTA MARIA,ISLA SAN AMBROSIO - ISLA SANTA MARIA,0,BIDIRECCIONAL,CONCRETO,BUENO,SECO,DESPEJADO,0,0,0,0,0
-8125095.1965645,-4400686.42631212,5017,1567942,-36.723863,-72.988972,2023/10/21 00:00:00+00,1899/12/30 00:00:00+00,8,REGION BIO BIO,PENCO,COLISION FRONTAL,COLISION,URBANA,TRAMO DE VIA RECTA,CONDUCCION NO ATENTO CONDICIONES TRANSITO MOMENTO,IMPRUDENCIA DEL CONDUCTOR,LINEA FERREA, ,- LINEA FERREA,178,UNIDIRECCIONAL,ASFALTO,BUENO,SECO,DESPEJADO,0,0,0,0,0
-8138043.5457751,-4410639.77225431,5018,1561242,-36.795496,-73.105289,2023/09/26 00:00:00+00,1899/12/30 00:00:00+00,8,REGION BIO BIO,HUALPEN,COLISION,COLISION,URBANA,CRUCE SIN SEÑALIZACION,NO RESPETAR DERECHO PREFERENTE DE PASO A VEHICULO,IMPRUDENCIA DEL CONDUCTOR,BERLIN,SAJONIA,BERLIN - SAJONIA,0,BIDIRECCIONAL,CONCRETO,BUENO,SECO,DESPEJADO,0,0,0,0,0
-8053664.03967075,-4504729.65229172,5019,1575493,-37.469336,-72.347295,2023/11/17 00:00:00+00,1899/12/30 00:00:00+00,8,REGION BIO BIO,LOS ANGELES,COLISION POR ALCANCE,COLISION,URBANA,TRAMO DE VIA RECTA,CONDUCCION NO ATENTO CONDICIONES TRANSITO MOMENTO,IMPRUDENCIA DEL CONDUCTOR,COLO COLO,JOSE MANSO DE VELASCO,COLO COLO - JOSE MANSO DE VELASCO,0,UNIDIRECCIONAL,CONCRETO,BUENO,SECO,DESPEJADO,0,0,0,0,0
-8051439.31964724,-4501415.46894271,5020,1567862,-37.445703,-72.32731,2023/10/21 00:00:00+00,1899/12/30 00:00:00+00,8,REGION BIO BIO,LOS ANGELES,COLISION LATERAL,COLISION,URBANA,TRAMO DE VIA RECTA,CONDUCCION NO ATENTO CONDICIONES TRANSITO MOMENTO,IMPRUDENCIA DEL CONDUCTOR,LAS INDUSTRIAS, ,- LAS INDUSTRIAS,6800,BIDIRECCIONAL,CONCRETO,BUENO,SECO,DESPEJADO,0,1,0,0,1
-8139112.88080367,-4407057.84244869,5021,1561249,-36.769725,-73.114895,2023/09/26 00:00:00+00,1899/12/30 00:00:00+00,8,REGION BIO BIO,HUALPEN,COLISION,COLISION,URBANA,CRUCE SIN SEÑALIZACION,CONDUCCION SIN MANTENER DISTANCIA RAZONABLE NI PRUDENTE,IMPRUDENCIA DEL CONDUCTOR,GRAN BRETAÑA,CALLE UNO,CALLE UNO - GRAN BRETAÑA,0,BIDIRECCIONAL,CONCRETO,BUENO,SECO,DESPEJADO,0,0,0,0,0
-8131682.08215423,-4413217.26647939,5022,1573354,-36.814035,-73.048143,2023/11/17 00:00:00+00,1899/12/30 00:00:00+00,8,REGION BIO BIO,CONCEPCION,COLISION POR ALCANCE,COLISION,URBANA,TRAMO DE VIA RECTA,CONDUCCION SIN MANTENER DISTANCIA RAZONABLE NI PRUDENTE,IMPRUDENCIA DEL CONDUCTOR,JORGE ALESSANDRI RODRIGUEZ,PAICAVI,JORGE ALESSANDRI RODRIGUEZ - PAICAVI,0,BIDIRECCIONAL CON BANDEJON,CONCRETO,BUENO,SECO,NUBLADO,0,0,0,0,0
-8139315.92755487,-4415497.1985693,5023,1562152,-36.83043,-73.116719,2023/09/26 00:00:00+00,1899/12/30 00:00:00+00,8,REGION BIO BIO,SAN PEDRO DE LA PAZ,COLISION,COLISION,URBANA,TRAMO DE VIA RECTA,CONDUCCION NO ATENTO CONDICIONES TRANSITO MOMENTO,IMPRUDENCIA DEL CONDUCTOR,ROQUE ESTEBAN, ,- ROQUE ESTEBAN,455,UNIDIRECCIONAL,CONCRETO,BUENO,SECO,DESPEJADO,0,0,0,0,0
-8132718.02133555,-4417218.97881295,5024,1566893,-36.842809,-73.057449,2023/10/21 00:00:00+00,1899/12/30 00:00:00+00,8,REGION BIO BIO,CONCEPCION,CHOQUE POSTERIOR,CHOQUE,URBANA,TRAMO DE VIA RECTA,CONDUCCION NO ATENTO CONDICIONES TRANSITO MOMENTO,IMPRUDENCIA DEL CONDUCTOR,COSTANERA,LAS CANCHAS,COSTANERA - LAS CANCHAS,0,UNIDIRECCIONAL,CONCRETO,BUENO,SECO,DESPEJADO,0,0,0,0,0
-8131492.6163809,-4413379.39739334,5025,1572428,-36.815201,-73.046441,2023/11/17 00:00:00+00,1899/12/30 00:00:00+00,8,REGION BIO BIO,CONCEPCION,CHOQUE LADO/LADO,CHOQUE,URBANA,OTROS NO CONSIDERADOS,"CONDICIONES FISICAS DEFICIENTES (CANSANCIO, SUEÑO)",DROGAS Y/O FATIGA EN CONDUCTOR,PAICAVI, ,- PAICAVI,1248,UNIDIRECCIONAL,CONCRETO,BUENO,SECO,NUBLADO,0,0,0,0,0
-8138835.13867413,-4400438.38179148,5026,1562941,-36.722077,-73.1124,2023/09/26 00:00:00+00,1899/12/30 00:00:00+00,8,REGION BIO BIO,TALCAHUANO,COLISION LATERAL,COLISION,URBANA,CRUCE CON SEÑAL CEDA EL PASO,SEÑALIZACION DESOBEDECER SEÑAL CEDA EL PASO,DESOBEDIENCIA A SEÑALIZACION,THOMPSON,DAVID FUENTES,DAVID FUENTES - THOMPSON,0,BIDIRECCIONAL,CONCRETO,BUENO,SECO,DESPEJADO,0,2,1,0,1
-8133111.86969398,-4415210.98083168,5027,1566897,-36.828372,-73.060987,2023/10/21 00:00:00+00,1899/12/30 00:00:00+00,8,REGION BIO BIO,CONCEPCION,COLISION PERPENDICULAR,COLISION,URBANA,CRUCE CON SEMAFORO FUNCIONANDO,SEÑALIZACION DESOBEDECER LUZ ROJA DE SEMAFORO,DESOBEDIENCIA A SEÑALIZACION,MAIPU,CICLOVIA JUAN BOSCO,CICLOVIA JUAN BOSCO - MAIPU,0,UNIDIRECCIONAL,CONCRETO,BUENO,SECO,DESPEJADO,0,1,0,0,1
-8131196.06125743,-4415197.90790216,5028,1573359,-36.828278,-73.043777,2023/11/17 00:00:00+00,1899/12/30 00:00:00+00,8,REGION BIO BIO,CONCEPCION,COLISION,COLISION,URBANA,TRAMO DE VIA RECTA,ADELANTAMIENTO SIN EL ESPACIO O TIEMPO SUFICIENTE,IMPRUDENCIA DEL CONDUCTOR,TUCAPEL, ,- TUCAPEL,156,UNIDIRECCIONAL,CONCRETO,BUENO,SECO,DESPEJADO,0,0,0,0,0
-8135051.61182105,-4408451.08126509,5029,1562962,-36.77975,-73.078412,2023/09/26 00:00:00+00,1899/12/30 00:00:00+00,8,REGION BIO BIO,TALCAHUANO,ATROPELLO,ATROPELLO,URBANA,OTROS NO CONSIDERADOS,CONDUCCION NO ATENTO CONDICIONES TRANSITO MOMENTO,IMPRUDENCIA DEL CONDUCTOR,AMERICO VESPUCIO, ,- AMERICO VESPUCIO,434,BIDIRECCIONAL,CONCRETO,BUENO,SECO,DESPEJADO,0,1,0,0,1
-8042519.51148896,-4539027.43476575,5030,1567295,-37.71347,-72.247182,2023/10/22 00:00:00+00,1899/12/30 00:00:00+00,8,REGION BIO BIO,MULCHEN,COLISION,COLISION,URBANA,CRUCE CON SEÑAL CEDA EL PASO,SEÑALIZACION DESOBEDECER SEÑAL CEDA EL PASO,DESOBEDIENCIA A SEÑALIZACION,MATTA,LASTARRIA,LASTARRIA - MATTA,0,UNIDIRECCIONAL,ASFALTO,BUENO,SECO,DESPEJADO,0,1,0,0,1
-8052548.28441453,-4504402.29623695,5031,1575486,-37.467002,-72.337272,2023/11/17 00:00:00+00,1899/12/30 00:00:00+00,8,REGION BIO BIO,LOS ANGELES,CHOQUE FRENTE/FRENTE,CHOQUE,URBANA,TRAMO DE VIA RECTA,CONDUCCION NO ATENTO CONDICIONES TRANSITO MOMENTO,IMPRUDENCIA DEL CONDUCTOR,COLO COLO,GERANO REYES,COLO COLO - GERANO REYES,0,BIDIRECCIONAL,CONCRETO,BUENO,HUMEDO,DESPEJADO,0,0,0,0,0
-8142777.07316262,-4449548.26258385,5032,1566678,-37.074873,-73.147811,2023/10/22 00:00:00+00,1899/12/30 00:00:00+00,8,REGION BIO BIO,LOTA,COLISION LATERAL,COLISION,URBANA,TRAMO DE VIA RECTA,ADELANTAMIENTO SIN EFECTUAR LA SEÑAL RESPECTIVA,IMPRUDENCIA DEL CONDUCTOR,ALONSO DE ERCILLA,DIEGO PORTALES,ALONSO DE ERCILLA - DIEGO PORTALES,0,BIDIRECCIONAL,CONCRETO,BUENO,SECO,DESPEJADO,0,0,0,0,0
-8130545.06487527,-4413698.38257569,5033,1561546,-36.817495,-73.037929,2023/09/26 00:00:00+00,1899/12/30 00:00:00+00,8,REGION BIO BIO,CONCEPCION,COLISION POR ALCANCE,COLISION,URBANA,TRAMO DE VIA RECTA,CONDUCCION SIN MANTENER DISTANCIA RAZONABLE NI PRUDENTE,IMPRUDENCIA DEL CONDUCTOR,LIENTUR,LOS CARRERA,LIENTUR - LOS CARRERA,0,BIDIRECCIONAL CON BANDEJON,CONCRETO,BUENO,SECO,DESPEJADO,0,1,0,0,1
-8126960.24331325,-4404735.39518557,5034,1572871,-36.753011,-73.005726,2023/11/17 00:00:00+00,1899/12/30 00:00:00+00,8,REGION BIO BIO,PENCO,ATROPELLO,ATROPELLO,URBANA,TRAMO DE VIA RECTA,NO RESPETAR DERECHO PREFERENTE DE PASO A PEATON,IMPRUDENCIA DEL CONDUCTOR,LOS AVELLANOS, ,- LOS AVELLANOS,241,UNIDIRECCIONAL,ASFALTO,BUENO,SECO,DESPEJADO,0,1,1,0,0
-8140022.02708497,-4404573.25685439,5035,1562966,-36.751844,-73.123062,2023/09/26 00:00:00+00,1899/12/30 00:00:00+00,8,REGION BIO BIO,TALCAHUANO,CHOQUE FRENTE/LADO,CHOQUE,URBANA,TRAMO DE VIA CURVA HORIZONTAL,VELOCIDAD NO RAZONABLE NI PRUDENTE,VELOCIDAD IMPRUDENTE,GRAN BRETAÑA, ,- GRAN BRETAÑA,2675,BIDIRECCIONAL,CONCRETO,BUENO,SECO,DESPEJADO,0,1,1,0,0
-8041778.45763875,-4540553.35624373,5036,1567350,-37.724313,-72.240525,2023/10/22 00:00:00+00,1899/12/30 00:00:00+00,8,REGION BIO BIO,MULCHEN,COLISION,COLISION,URBANA,CRUCE SIN SEÑALIZACION,CONDUCCION NO ATENTO CONDICIONES TRANSITO MOMENTO,IMPRUDENCIA DEL CONDUCTOR,LOS CARRERA,ECKERS,ECKERS - LOS CARRERA,0,UNIDIRECCIONAL,ASFALTO,BUENO,SECO,DESPEJADO,0,0,0,0,0
-8136989.46151678,-4404298.86384046,5037,1574436,-36.749869,-73.09582,2023/11/17 00:00:00+00,1899/12/30 00:00:00+00,8,REGION BIO BIO,TALCAHUANO,COLISION LATERAL,COLISION,URBANA,TRAMO DE VIA RECTA,VIRAJES INDEBIDOS,IMPRUDENCIA DEL CONDUCTOR,LAS HORTENSIAS, ,- LAS HORTENSIAS,883,BIDIRECCIONAL,CONCRETO,BUENO,SECO,DESPEJADO,0,2,0,0,2
-8141380.6814701,-4416395.39926643,5038,1561273,-36.836888,-73.135267,2023/09/26 00:00:00+00,1899/12/30 00:00:00+00,8,REGION BIO BIO,SAN PEDRO DE LA PAZ,COLISION,COLISION,URBANA,CRUCE CON SEMAFORO FUNCIONANDO,CONDUCCION NO ATENTO CONDICIONES TRANSITO MOMENTO,IMPRUDENCIA DEL CONDUCTOR,PEDRO AGUIRRE CERDA,DANIEL BELMAR,DANIEL BELMAR - PEDRO AGUIRRE CERDA,0,BIDIRECCIONAL CON BANDEJON,CONCRETO,BUENO,SECO,DESPEJADO,0,0,0,0,0
-8129762.3775355,-4413306.67455961,5039,1566911,-36.814678,-73.030898,2023/10/22 00:00:00+00,1899/12/30 00:00:00+00,8,REGION BIO BIO,CONCEPCION,COLISION LATERAL,COLISION,URBANA,TRAMO DE VIA RECTA,ADELANTAMIENTO SIN EL ESPACIO O TIEMPO SUFICIENTE,IMPRUDENCIA DEL CONDUCTOR,LOS CARRERA,JUAN BOSCO,JUAN BOSCO - LOS CARRERA,0,BIDIRECCIONAL CON BANDEJON,CONCRETO,BUENO,SECO,DESPEJADO,0,0,0,0,0
-8128654.97124109,-4430084.0575749,5040,1577735,-36.935241,-73.02095,2023/11/17 00:00:00+00,1899/12/30 00:00:00+00,8,REGION BIO BIO,CHIGUAYANTE,COLISION PERPENDICULAR,COLISION,URBANA,CRUCE CON SEMAFORO FUNCIONANDO,CONDUCCION NO ATENTO CONDICIONES TRANSITO MOMENTO,IMPRUDENCIA DEL CONDUCTOR,MANUEL RODRIGUEZ,PROGRESO,MANUEL RODRIGUEZ - PROGRESO,0,BIDIRECCIONAL CON BANDEJON,CONCRETO,BUENO,SECO,DESPEJADO,0,3,1,0,2
-8132383.39494623,-4413583.10740272,5041,1561563,-36.816666,-73.054443,2023/09/26 00:00:00+00,1899/12/30 00:00:00+00,8,REGION BIO BIO,CONCEPCION,COLISION LATERAL,COLISION,URBANA,CRUCE CON SEÑAL CEDA EL PASO,SEÑALIZACION DESOBEDECER SEÑAL CEDA EL PASO,DESOBEDIENCIA A SEÑALIZACION,MANUEL RODRIGUEZ,COLO COLO,COLO COLO - MANUEL RODRIGUEZ,0,BIDIRECCIONAL CON BANDEJON,CONCRETO,BUENO,SECO,DESPEJADO,0,0,0,0,0
-8095867.26238131,-4476011.10795978,5042,1567490,-37.2643,-72.726413,2023/10/22 00:00:00+00,1899/12/30 00:00:00+00,8,REGION BIO BIO,SAN ROSENDO,VOLCADURA,VOLCADURA,URBANA,CRUCE CON SEÑAL PARE,CONDUCCION NO ATENTO CONDICIONES TRANSITO MOMENTO,IMPRUDENCIA DEL CONDUCTOR,IBIETA,VALLEJOS,IBIETA - VALLEJOS,0,BIDIRECCIONAL,CONCRETO,BUENO,SECO,DESPEJADO,0,1,0,0,1
-8139345.09326146,-4400814.20065655,5043,1574440,-36.724783,-73.116981,2023/11/17 00:00:00+00,1899/12/30 00:00:00+00,8,REGION BIO BIO,TALCAHUANO,CHOQUE FRENTE/POSTERIOR,CHOQUE,URBANA,TRAMO DE VIA RECTA,CONDUCCION SIN MANTENER DISTANCIA RAZONABLE NI PRUDENTE,IMPRUDENCIA DEL CONDUCTOR,CRISTOBAL COLON, ,- CRISTOBAL COLON,2194,BIDIRECCIONAL,CONCRETO,BUENO,SECO,DESPEJADO,0,0,0,0,0
-8139531.9986865,-4416444.08062818,5044,1566957,-36.837238,-73.11866,2023/09/26 00:00:00+00,1899/12/30 00:00:00+00,8,REGION BIO BIO,SAN PEDRO DE LA PAZ,ATROPELLO,ATROPELLO,URBANA,TRAMO DE VIA RECTA,IMPRUDENCIA DEL PEATON,IMPRUDENCIA DEL PEATON,PEDRO AGUIRRE CERDA,DIAGONAL BIO BIO,DIAGONAL BIO BIO - PEDRO AGUIRRE CERDA,0,BIDIRECCIONAL,ASFALTO,BUENO,SECO,DESPEJADO,0,1,0,1,0
-8131874.7761928,-4415282.04778272,5045,1566903,-36.828883,-73.049874,2023/10/22 00:00:00+00,1899/12/30 00:00:00+00,8,REGION BIO BIO,CONCEPCION,CAIDA,CAIDA,URBANA,TRAMO DE VIA RECTA,PASAJERO SUBE O DESCIENDE DE VEHICULO MOVIMIENTO,IMPRUDENCIA DEL PASAJERO,SAN MARTIN,CAUPOLICAN,CAUPOLICAN - SAN MARTIN,0,UNIDIRECCIONAL,CONCRETO,BUENO,SECO,DESPEJADO,0,1,0,0,1
-8119124.13039784,-4376236.07006334,5046,1572547,-36.547613,-72.935333,2023/11/17 00:00:00+00,1899/12/30 00:00:00+00,8,REGION BIO BIO,TOME,CHOQUE LADO/LADO,CHOQUE,URBANA,TRAMO DE VIA RECTA,CONDUCCION NO ATENTO CONDICIONES TRANSITO MOMENTO,IMPRUDENCIA DEL CONDUCTOR,DANIEL VERA, ,- DANIEL VERA,815,BIDIRECCIONAL,CONCRETO,BUENO,SECO,DESPEJADO,0,0,0,0,0
-8042121.54430937,-4539920.7535581,5047,1566827,-37.719818,-72.243607,2023/10/22 00:00:00+00,1899/12/30 00:00:00+00,8,REGION BIO BIO,MULCHEN,CHOQUE,CHOQUE,URBANA,CRUCE SIN SEÑALIZACION,CONDUCCION NO ATENTO CONDICIONES TRANSITO MOMENTO,IMPRUDENCIA DEL CONDUCTOR,PEDRO LAGOS,SOTOMAYOR,PEDRO LAGOS - SOTOMAYOR,0,UNIDIRECCIONAL,ASFALTO,BUENO,SECO,DESPEJADO,0,0,0,0,0
-8054562.16532247,-4504695.42950082,5048,1575505,-37.469092,-72.355363,2023/11/17 00:00:00+00,1899/12/30 00:00:00+00,8,REGION BIO BIO,LOS ANGELES,CHOQUE FRENTE/LADO,CHOQUE,URBANA,TRAMO DE VIA RECTA,CONDUCCION NO ATENTO CONDICIONES TRANSITO MOMENTO,IMPRUDENCIA DEL CONDUCTOR,MARCONI,COLO COLO,COLO COLO - MARCONI,0,BIDIRECCIONAL CON BANDEJON,CONCRETO,BUENO,SECO,DESPEJADO,0,2,0,1,1
-8052273.10263329,-4508429.17764359,5049,1567873,-37.495708,-72.3348,2023/10/22 00:00:00+00,1899/12/30 00:00:00+00,8,REGION BIO BIO,LOS ANGELES,COLISION LATERAL,COLISION,URBANA,CRUCE CON SEÑAL PARE,CONDUCCION BAJO LA INFLUENCIA DEL ALCOHOL,ALCOHOL EN CONDUCTOR,PETROHUE,FRONTERA,FRONTERA - PETROHUE,0,BIDIRECCIONAL,CONCRETO,BUENO,SECO,DESPEJADO,0,0,0,0,0
-8139321.93880737,-4401070.03171612,5050,1562949,-36.726625,-73.116773,2023/09/26 00:00:00+00,1899/12/30 00:00:00+00,8,REGION BIO BIO,TALCAHUANO,CHOQUE LADO/FRENTE,CHOQUE,URBANA,CRUCE CON SEÑAL PARE,VIRAJES INDEBIDOS,IMPRUDENCIA DEL CONDUCTOR,IGNACIO DIAZ, ,- IGNACIO DIAZ,188,BIDIRECCIONAL,CONCRETO,BUENO,SECO,DESPEJADO,0,0,0,0,0
-8051424.62547446,-4500771.2088336,5051,1575526,-37.441108,-72.327178,2023/11/18 00:00:00+00,1899/12/30 00:00:00+00,8,REGION BIO BIO,LOS ANGELES,COLISION POR ALCANCE,COLISION,URBANA,CRUCE CON SEMAFORO FUNCIONANDO,CONDUCCION BAJO LA INFLUENCIA DEL ALCOHOL,ALCOHOL EN CONDUCTOR,LAS INDUSTRIAS,SOR VICENTA,LAS INDUSTRIAS - SOR VICENTA,0,BIDIRECCIONAL CON BANDEJON,CONCRETO,BUENO,SECO,DESPEJADO,0,0,0,0,0
-8129660.40888194,-4411743.0452494,5052,1573257,-36.803432,-73.029982,2023/10/22 00:00:00+00,1899/12/30 00:00:00+00,8,REGION BIO BIO,CONCEPCION,COLISION,COLISION,URBANA,TRAMO DE VIA RECTA,CONDUCCION SIN MANTENER DISTANCIA RAZONABLE NI PRUDENTE,IMPRUDENCIA DEL CONDUCTOR,CAMILO HENRIQUEZ,ANDALIEN,ANDALIEN - CAMILO HENRIQUEZ,0,BIDIRECCIONAL,CONCRETO,BUENO,SECO,DESPEJADO,0,0,0,0,0
-8057054.16344336,-4504415.90080517,5053,1563346,-37.467099,-72.377749,2023/09/26 00:00:00+00,1899/12/30 00:00:00+00,8,REGION BIO BIO,LOS ANGELES,COLISION,COLISION,URBANA,TRAMO DE VIA RECTA,CONDUCCION NO ATENTO CONDICIONES TRANSITO MOMENTO,IMPRUDENCIA DEL CONDUCTOR,GALVARINO,LOS PEDERNALES,GALVARINO - LOS PEDERNALES,0,BIDIRECCIONAL,CONCRETO,BUENO,SECO,DESPEJADO,0,0,0,0,0
-8041251.58248882,-4539293.53669164,5054,1573403,-37.715361,-72.235792,2023/11/18 00:00:00+00,1899/12/30 00:00:00+00,8,REGION BIO BIO,MULCHEN,COLISION,COLISION,URBANA,TRAMO DE VIA RECTA,CONDUCCION EN ESTADO DE EBRIEDAD,ALCOHOL EN CONDUCTOR,SALVO, ,- SALVO,1023,UNIDIRECCIONAL,CONCRETO,BUENO,SECO,DESPEJADO,0,2,0,0,2
-8128998.2805507,-4429172.58387762,5055,1570563,-36.928696,-73.024034,2023/10/22 00:00:00+00,1899/12/30 00:00:00+00,8,REGION BIO BIO,CHIGUAYANTE,COLISION POR ALCANCE,COLISION,URBANA,TRAMO DE VIA RECTA,CONDUCCION NO ATENTO CONDICIONES TRANSITO MOMENTO,IMPRUDENCIA DEL CONDUCTOR,MANUEL RODRIGUEZ,CORBETA CHACABUCO,CORBETA CHACABUCO - MANUEL RODRIGUEZ,0,BIDIRECCIONAL CON BANDEJON,ASFALTO,BUENO,SECO,DESPEJADO,0,1,0,0,1
-8054231.54643481,-4504877.34455174,5056,1575531,-37.470389,-72.352393,2023/11/18 00:00:00+00,1899/12/30 00:00:00+00,8,REGION BIO BIO,LOS ANGELES,CHOQUE FRONTAL,CHOQUE,URBANA,TRAMO DE VIA RECTA,CONDUCCION EN ESTADO DE EBRIEDAD,ALCOHOL EN CONDUCTOR,VALDIVIA,LAUTARO,LAUTARO - VALDIVIA,0,UNIDIRECCIONAL,CONCRETO,MALO,SECO,NUBLADO,0,0,0,0,0
-8103218.02231686,-4388215.92940991,5057,1567106,-36.63402,-72.792446,2023/10/22 00:00:00+00,1899/12/30 00:00:00+00,8,REGION BIO BIO,TOME,COLISION FRONTAL,COLISION,URBANA,TRAMO DE VIA RECTA,CONDUCCION EN ESTADO DE EBRIEDAD,ALCOHOL EN CONDUCTOR,COCHRANE,MANUEL RODRIGUEZ,COCHRANE - MANUEL RODRIGUEZ,0,BIDIRECCIONAL,CONCRETO,BUENO,SECO,DESPEJADO,0,0,0,0,0
-8051439.20832775,-4506818.01496829,5058,1563351,-37.484224,-72.327309,2023/09/26 00:00:00+00,1899/12/30 00:00:00+00,8,REGION BIO BIO,LOS ANGELES,COLISION LATERAL,COLISION,URBANA,TRAMO DE VIA RECTA,CONDUCCION NO ATENTO CONDICIONES TRANSITO MOMENTO,IMPRUDENCIA DEL CONDUCTOR,FRANCISCO ENCINA, ,- FRANCISCO ENCINA,1451,BIDIRECCIONAL,ASFALTO,BUENO,SECO,DESPEJADO,0,1,0,0,1
-8130406.47210923,-4413624.96229704,5059,1572434,-36.816967,-73.036684,2023/11/18 00:00:00+00,1899/12/30 00:00:00+00,8,REGION BIO BIO,CONCEPCION,COLISION,COLISION,URBANA,CRUCE CON SEMAFORO FUNCIONANDO,CONDUCCION CAMBIAR SORPRESIVAMENTE PISTA CIRCULACION,IMPRUDENCIA DEL CONDUCTOR,LOS CARRERA,PELANTARO,LOS CARRERA - PELANTARO,0,BIDIRECCIONAL CON BANDEJON,CONCRETO,BUENO,SECO,NUBLADO,0,1,0,0,1
-8132788.04129526,-4417111.31591477,5060,1561472,-36.842035,-73.058078,2023/09/27 00:00:00+00,1899/12/30 00:00:00+00,8,REGION BIO BIO,HUALPEN,CHOQUE,CHOQUE,URBANA,CRUCE SIN SEÑALIZACION,FALLAS MECANICAS CARROCERIA,FALLAS MECANICAS,COSTANERA,BLANCO SUR,BLANCO SUR - COSTANERA,0,BIDIRECCIONAL CON BANDEJON,CONCRETO,BUENO,SECO,DESPEJADO,0,0,0,0,0
-8063708.84260299,-4450671.07675922,5061,1567489,-37.08292,-72.437529,2023/10/22 00:00:00+00,1899/12/30 00:00:00+00,8,REGION BIO BIO,CABRERO,COLISION,COLISION,URBANA,TRAMO DE VIA RECTA,CONDUCCION EN ESTADO DE EBRIEDAD,ALCOHOL EN CONDUCTOR,JOSE MARIA ECHEVERRIA, ,- JOSE MARIA ECHEVERRIA,150,BIDIRECCIONAL,ASFALTO,BUENO,SECO,DESPEJADO,0,2,0,0,2