X,Y,FID,Idaccident,Latitude,Longitude,Fecha,Hora,Cód_Regi,Región,Comuna,Tipo_Accid,Tipo__CONA,Zona,Ubicación,Causa,Causa__CON,Calle_Uno,Calle_Dos,Intersecci,Número,Calzada,Tipo_Calza,Estado_Cal,Condición,Estado_Atm,Fallecidos,Lesionados,Graves,Menos_Grav,Leves
-8053238.46525744,-4507203.38635825,5216,1567985,-37.486971,-72.343472,2023/10/25 00:00:00+00,1899/12/30 00:00:00+00,8,REGION BIO BIO,LOS ANGELES,COLISION,COLISION,URBANA,CRUCE CON SEMAFORO FUNCIONANDO,CONDUCCION NO ATENTO CONDICIONES TRANSITO MOMENTO,IMPRUDENCIA DEL CONDUCTOR,LOS CARRERA,CARTIER,CARTIER - LOS CARRERA,0,BIDIRECCIONAL,ASFALTO,BUENO,SECO,DESPEJADO,0,0,0,0,0
-8054160.07932172,-4506687.40996913,5217,1575803,-37.483293,-72.351751,2023/11/22 00:00:00+00,1899/12/30 00:00:00+00,8,REGION BIO BIO,LOS ANGELES,CHOQUE FRENTE/LADO,CHOQUE,URBANA,TRAMO DE VIA RECTA,CONDUCCION NO ATENTO CONDICIONES TRANSITO MOMENTO,IMPRUDENCIA DEL CONDUCTOR,O'HIGGINS, ,- O'HIGGINS,385,BIDIRECCIONAL,ASFALTO,BUENO,SECO,DESPEJADO,0,0,0,0,0
-8131319.29193374,-4414635.92619204,5218,1567919,-36.824237,-73.044884,2023/10/25 00:00:00+00,1899/12/30 00:00:00+00,8,REGION BIO BIO,CONCEPCION,COLISION,COLISION,URBANA,TRAMO DE VIA RECTA,CONDUCCION NO ATENTO CONDICIONES TRANSITO MOMENTO,IMPRUDENCIA DEL CONDUCTOR,OROMPELLO,BARROS ARANA,BARROS ARANA - OROMPELLO,0,UNIDIRECCIONAL,CONCRETO,BUENO,SECO,DESPEJADO,0,0,0,0,0
-8130559.2024506,-4422248.2176041,5219,1570620,-36.878956,-73.038056,2023/10/25 00:00:00+00,1899/12/30 00:00:00+00,8,REGION BIO BIO,CHIGUAYANTE,ATROPELLO,ATROPELLO,URBANA,CRUCE CON SEÑAL PARE,NO RESPETAR DERECHO PREFERENTE DE PASO A PEATON,IMPRUDENCIA DEL CONDUCTOR,VIA DEL RIO,CAMINO A CHIGUAYANTE,CAMINO A CHIGUAYANTE - VIA DEL RIO,0,BIDIRECCIONAL,CONCRETO,BUENO,SECO,DESPEJADO,0,2,0,0,2
-8042168.52113449,-4539638.4520443,5220,1573555,-37.717812,-72.244029,2023/11/22 00:00:00+00,1899/12/30 00:00:00+00,8,REGION BIO BIO,MULCHEN,COLISION,COLISION,URBANA,CRUCE CON SEÑAL CEDA EL PASO,CONDUCCION CONTRA SENTIDO DEL TRANSITO,IMPRUDENCIA DEL CONDUCTOR,FIERRO,GANA,FIERRO - GANA,0,UNIDIRECCIONAL,CONCRETO,BUENO,SECO,DESPEJADO,0,0,0,0,0
-8055191.00912596,-4504707.35136202,5221,1567989,-37.469177,-72.361012,2023/10/25 00:00:00+00,1899/12/30 00:00:00+00,8,REGION BIO BIO,LOS ANGELES,COLISION LATERAL,COLISION,URBANA,TRAMO DE VIA RECTA,CONDUCCION NO ATENTO CONDICIONES TRANSITO MOMENTO,IMPRUDENCIA DEL CONDUCTOR,ALEMANIA,MONTE CEA,ALEMANIA - MONTE CEA,0,BIDIRECCIONAL,CONCRETO,BUENO,SECO,DESPEJADO,0,0,0,0,0
-8137597.04329753,-4416656.19487576,5222,1562346,-36.838763,-73.101278,2023/09/29 00:00:00+00,1899/12/30 00:00:00+00,8,REGION BIO BIO,SAN PEDRO DE LA PAZ,ATROPELLO,ATROPELLO,URBANA,TRAMO DE VIA RECTA,NO RESPETAR DERECHO PREFERENTE DE PASO A PEATON,IMPRUDENCIA DEL CONDUCTOR,PEDRO AGUIRRE CERDA,LOS CANELOS,LOS CANELOS - PEDRO AGUIRRE CERDA,0,BIDIRECCIONAL,CONCRETO,BUENO,SECO,NUBLADO,0,1,1,0,0
-8121377.34821099,-4386257.35113226,5223,1573353,-36.6199,-72.955574,2023/11/22 00:00:00+00,1899/12/30 00:00:00+00,8,REGION BIO BIO,TOME,CAIDA,CAIDA,URBANA,TRAMO DE VIA RECTA,IMPRUDENCIA DEL PASAJERO,IMPRUDENCIA DEL PASAJERO,MARIANO EGAÑA, ,- MARIANO EGAÑA,820,UNIDIRECCIONAL,CONCRETO,BUENO,SECO,DESPEJADO,0,1,0,0,1
-8131818.33721096,-4418939.09008705,5224,1567907,-36.855174,-73.049367,2023/10/25 00:00:00+00,1899/12/30 00:00:00+00,8,REGION BIO BIO,CONCEPCION,CHOQUE FRENTE/FRENTE,CHOQUE,URBANA,OTROS NO CONSIDERADOS,CONDUCCION NO ATENTO CONDICIONES TRANSITO MOMENTO,IMPRUDENCIA DEL CONDUCTOR,PEDRO DE VALDIVIA, ,- PEDRO DE VALDIVIA,1839,BIDIRECCIONAL CON BANDEJON,CONCRETO,BUENO,SECO,DESPEJADO,0,1,0,0,1
-8055279.84207961,-4504170.3200275,5225,1575781,-37.465348,-72.36181,2023/11/22 00:00:00+00,1899/12/30 00:00:00+00,8,REGION BIO BIO,LOS ANGELES,COLISION LATERAL,COLISION,URBANA,CRUCE SIN SEÑALIZACION,CONDUCCION EN ESTADO DE EBRIEDAD,ALCOHOL EN CONDUCTOR,LAS ROSAS,HERORES DE LA CONCEPCION,HERORES DE LA CONCEPCION - LAS ROSAS,0,BIDIRECCIONAL,ASFALTO,BUENO,SECO,DESPEJADO,0,0,0,0,0
-8132273.07733085,-4412584.20088908,5226,1562421,-36.809482,-73.053452,2023/09/30 00:00:00+00,1899/12/30 00:00:00+00,8,REGION BIO BIO,CONCEPCION,COLISION,COLISION,URBANA,CRUCE SIN SEÑALIZACION,CONDUCCION NO ATENTO CONDICIONES TRANSITO MOMENTO,IMPRUDENCIA DEL CONDUCTOR,JUAN DE DIOS RIVERA,OROMPELLO,JUAN DE DIOS RIVERA - OROMPELLO,0,UNIDIRECCIONAL,CONCRETO,BUENO,SECO,DESPEJADO,0,1,0,0,1
-8056008.53946634,-4506250.85598308,5227,1575809,-37.480181,-72.368356,2023/11/22 00:00:00+00,1899/12/30 00:00:00+00,8,REGION BIO BIO,LOS ANGELES,COLISION,COLISION,URBANA,CRUCE CON SEMAFORO FUNCIONANDO,CONDUCCION NO ATENTO CONDICIONES TRANSITO MOMENTO,IMPRUDENCIA DEL CONDUCTOR,VICUÑA MACKENNA,PADRE HURTADO,PADRE HURTADO - VICUÑA MACKENNA,0,UNIDIRECCIONAL,ASFALTO,BUENO,SECO,DESPEJADO,0,0,0,0,0
-8162248.41057523,-4474723.91876791,5228,1562294,-37.255097,-73.322725,2023/09/30 00:00:00+00,1899/12/30 00:00:00+00,8,REGION BIO BIO,ARAUCO,CHOQUE FRONTAL,CHOQUE,URBANA,TRAMO DE VIA RECTA,CONDUCCION BAJO LA INFLUENCIA DEL ALCOHOL,ALCOHOL EN CONDUCTOR,PADRE HURTADO,LOS JESUITAS,LOS JESUITAS - PADRE HURTADO,0,UNIDIRECCIONAL,CONCRETO,BUENO,SECO,DESPEJADO,0,0,0,0,0
-8112764.00261086,-4419111.60345424,5229,1574520,-36.856414,-72.878199,2023/11/22 00:00:00+00,1899/12/30 00:00:00+00,8,REGION BIO BIO,CONCEPCION,CHOQUE,CHOQUE,URBANA,TRAMO DE VIA RECTA,CONDUCCION NO ATENTO CONDICIONES TRANSITO MOMENTO,IMPRUDENCIA DEL CONDUCTOR,CHAIMAVIDA, ,- CHAIMAVIDA,170,BIDIRECCIONAL,CONCRETO,BUENO,SECO,DESPEJADO,0,0,0,0,0
-8054112.10062119,-4505611.20817257,5230,1563419,-37.475621,-72.35132,2023/09/30 00:00:00+00,1899/12/30 00:00:00+00,8,REGION BIO BIO,LOS ANGELES,COLISION,COLISION,URBANA,CRUCE CON SEÑAL CEDA EL PASO,CONDUCCION NO ATENTO CONDICIONES TRANSITO MOMENTO,IMPRUDENCIA DEL CONDUCTOR,O'HIGGINS,BAQUEDANO,BAQUEDANO - O'HIGGINS,0,UNIDIRECCIONAL,CONCRETO,BUENO,SECO,DESPEJADO,0,2,0,0,2
-8131913.62669508,-4415338.37319852,5231,1567927,-36.829288,-73.050223,2023/10/25 00:00:00+00,1899/12/30 00:00:00+00,8,REGION BIO BIO,CONCEPCION,CHOQUE,CHOQUE,URBANA,TRAMO DE VIA RECTA,CONDUCCION NO ATENTO CONDICIONES TRANSITO MOMENTO,IMPRUDENCIA DEL CONDUCTOR,EXETER, ,- EXETER,564,UNIDIRECCIONAL,CONCRETO,BUENO,SECO,DESPEJADO,0,0,0,0,0
-8178875.98027604,-4526447.75875143,5232,1574825,-37.62402,-73.472093,2023/11/22 00:00:00+00,1899/12/30 00:00:00+00,8,REGION BIO BIO,LOS ALAMOS,CHOQUE FRENTE/FRENTE,CHOQUE,URBANA,TRAMO DE VIA RECTA,CONDUCCION NO ATENTO CONDICIONES TRANSITO MOMENTO,IMPRUDENCIA DEL CONDUCTOR,SAUCE,BELEN,BELEN - SAUCE,0,BIDIRECCIONAL,ASFALTO,REGULAR,SECO,DESPEJADO,0,0,0,0,0
-8129582.03996042,-4413362.43332268,5233,1567924,-36.815079,-73.029278,2023/10/25 00:00:00+00,1899/12/30 00:00:00+00,8,REGION BIO BIO,CONCEPCION,COLISION LATERAL,COLISION,URBANA,CRUCE CON SEMAFORO FUNCIONANDO,CONDUCCION NO ATENTO CONDICIONES TRANSITO MOMENTO,IMPRUDENCIA DEL CONDUCTOR,MAIPU,COLLAO,COLLAO - MAIPU,0,UNIDIRECCIONAL,CONCRETO,BUENO,SECO,DESPEJADO,0,0,0,0,0
-8127883.74980887,-4414093.16431042,5234,1575592,-36.820334,-73.014022,2023/11/23 00:00:00+00,1899/12/30 00:00:00+00,8,REGION BIO BIO,CONCEPCION,VOLCADURA,VOLCADURA,URBANA,ROTONDA,"VELOCIDAD NO REDUCIR CRUCE DE CALLES, CUMBRE, CURVA, ETC.",VELOCIDAD IMPRUDENTE,COLLAO,21 DE MAYO,21 DE MAYO - COLLAO,0,UNIDIRECCIONAL,CONCRETO,BUENO,SECO,DESPEJADO,0,1,0,1,0
-8056958.65132026,-4504026.98541858,5235,1567967,-37.464326,-72.376891,2023/10/25 00:00:00+00,1899/12/30 00:00:00+00,8,REGION BIO BIO,LOS ANGELES,ATROPELLO,ATROPELLO,URBANA,CRUCE CON SEÑAL PARE,CONDUCCION NO ATENTO CONDICIONES TRANSITO MOMENTO,IMPRUDENCIA DEL CONDUCTOR,BOMBERO FRANCISCO RIOSECO,ESTANISLAO ANGUITA,BOMBERO FRANCISCO RIOSECO - ESTANISLAO ANGUITA,0,BIDIRECCIONAL,CONCRETO,BUENO,SECO,DESPEJADO,0,1,1,0,0
-8053345.77724657,-4502859.06370369,5236,1575814,-37.455998,-72.344436,2023/11/23 00:00:00+00,1899/12/30 00:00:00+00,8,REGION BIO BIO,LOS ANGELES,COLISION,COLISION,URBANA,TRAMO DE VIA RECTA,CONDUCCION NO ATENTO CONDICIONES TRANSITO MOMENTO,IMPRUDENCIA DEL CONDUCTOR,SOR VICENTA,GUACOLDA,GUACOLDA - SOR VICENTA,0,UNIDIRECCIONAL,CONCRETO,BUENO,SECO,DESPEJADO,0,0,0,0,0
-8054944.88173181,-4506344.70233341,5237,1563422,-37.48085,-72.358801,2023/09/30 00:00:00+00,1899/12/30 00:00:00+00,8,REGION BIO BIO,LOS ANGELES,ATROPELLO,ATROPELLO,URBANA,TRAMO DE VIA RECTA,CONDUCCION NO ATENTO CONDICIONES TRANSITO MOMENTO,IMPRUDENCIA DEL CONDUCTOR,VICUÑA MACKENNA, ,- VICUÑA MACKENNA,1020,BIDIRECCIONAL CON BANDEJON,ASFALTO,BUENO,SECO,DESPEJADO,0,1,0,0,1
-8130128.61866021,-4413815.74483057,5238,1575838,-36.818339,-73.034188,2023/11/23 00:00:00+00,1899/12/30 00:00:00+00,8,REGION BIO BIO,CONCEPCION,COLISION LATERAL,COLISION,URBANA,TRAMO DE VIA RECTA,CONDUCCION NO ATENTO CONDICIONES TRANSITO MOMENTO,IMPRUDENCIA DEL CONDUCTOR,JUAN BOSCO, ,- JUAN BOSCO,200,BIDIRECCIONAL,ASFALTO,BUENO,SECO,DESPEJADO,0,0,0,0,0
-8139235.88884099,-4400648.23319108,5239,1562967,-36.723588,-73.116,2023/09/30 00:00:00+00,1899/12/30 00:00:00+00,8,REGION BIO BIO,TALCAHUANO,CHOQUE LADO/LADO,CHOQUE,URBANA,TRAMO DE VIA RECTA,CONDUCCION NO ATENTO CONDICIONES TRANSITO MOMENTO,IMPRUDENCIA DEL CONDUCTOR,MIRANDA, ,- MIRANDA,472,BIDIRECCIONAL,CONCRETO,BUENO,SECO,DESPEJADO,0,0,0,0,0
-8094092.27310061,-4478888.02622133,5240,1562381,-37.284865,-72.710468,2023/09/30 00:00:00+00,1899/12/30 00:00:00+00,8,REGION BIO BIO,LAJA,COLISION,COLISION,URBANA,CRUCE SIN SEÑALIZACION,"ADELANTAMIENTO EN CRUCE, CURVA, CUESTA, PUENTE",IMPRUDENCIA DEL CONDUCTOR,SAN MARTIN,LA COLONIA,LA COLONIA - SAN MARTIN,0,BIDIRECCIONAL,CONCRETO,BUENO,SECO,DESPEJADO,0,0,0,0,0
-8132792.16011642,-4414858.0173719,5241,1574528,-36.825834,-73.058115,2023/11/23 00:00:00+00,1899/12/30 00:00:00+00,8,REGION BIO BIO,CONCEPCION,ATROPELLO,ATROPELLO,URBANA,CRUCE CON SEMAFORO FUNCIONANDO,NO RESPETAR DERECHO PREFERENTE DE PASO A PEATON,IMPRUDENCIA DEL CONDUCTOR,SALAS,LOS CARRERA,LOS CARRERA - SALAS,0,UNIDIRECCIONAL,CONCRETO,BUENO,SECO,DESPEJADO,0,1,0,0,1
-8139204.27410561,-4399252.81976047,5242,1569149,-36.71354,-73.115716,2023/10/25 00:00:00+00,1899/12/30 00:00:00+00,8,REGION BIO BIO,TALCAHUANO,ATROPELLO,ATROPELLO,URBANA,TRAMO DE VIA RECTA,PEATON CRUZA CALZADA FUERA PASO PEATONES,IMPRUDENCIA DEL PEATON,VALDIVIA, ,- VALDIVIA,270,BIDIRECCIONAL,CONCRETO,BUENO,SECO,DESPEJADO,0,1,0,0,1
-8042693.61517256,-4541075.79256599,5243,1573566,-37.728025,-72.248746,2023/11/23 00:00:00+00,1899/12/30 00:00:00+00,8,REGION BIO BIO,MULCHEN,CHOQUE,CHOQUE,URBANA,TRAMO DE VIA RECTA,CONDUCCION NO ATENTO CONDICIONES TRANSITO MOMENTO,IMPRUDENCIA DEL CONDUCTOR,REHUEN, ,- REHUEN,35,BIDIRECCIONAL,CONCRETO,BUENO,SECO,DESPEJADO,0,2,0,0,2
-8134969.23539787,-4412383.56880583,5244,1567255,-36.808039,-73.077672,2023/10/25 00:00:00+00,1899/12/30 00:00:00+00,8,REGION BIO BIO,CHIGUAYANTE,COLISION,COLISION,URBANA,CRUCE CON SEMAFORO FUNCIONANDO,CONDUCCION NO ATENTO CONDICIONES TRANSITO MOMENTO,IMPRUDENCIA DEL CONDUCTOR,21 DE MAYO,PEDRO DE OÑA,21 DE MAYO - PEDRO DE OÑA,0,BIDIRECCIONAL CON BANDEJON,CONCRETO,BUENO,SECO,DESPEJADO,0,1,0,0,1
-8166519.29415901,-4504636.1009108,5245,1562125,-37.468669,-73.361091,2023/09/30 00:00:00+00,1899/12/30 00:00:00+00,8,REGION BIO BIO,CURANILAHUE,COLISION LATERAL,COLISION,URBANA,TRAMO DE VIA RECTA,CONDUCCION NO ATENTO CONDICIONES TRANSITO MOMENTO,IMPRUDENCIA DEL CONDUCTOR,LOS PINOS,LOS ROBLES,LOS PINOS - LOS ROBLES,0,BIDIRECCIONAL,CONCRETO,BUENO,SECO,DESPEJADO,0,0,0,0,0
-8042204.36601052,-4539759.19622282,5246,1573573,-37.71867,-72.244351,2023/11/23 00:00:00+00,1899/12/30 00:00:00+00,8,REGION BIO BIO,MULCHEN,COLISION,COLISION,URBANA,CRUCE CON SEÑAL CEDA EL PASO,SEÑALIZACION DESOBEDECER SEÑAL CEDA EL PASO,DESOBEDIENCIA A SEÑALIZACION,GANA,VILLALON,GANA - VILLALON,0,UNIDIRECCIONAL,CONCRETO,BUENO,SECO,DESPEJADO,0,0,0,0,0
-8121629.70949662,-4385252.95604107,5247,1562829,-36.612658,-72.957841,2023/09/30 00:00:00+00,1899/12/30 00:00:00+00,8,REGION BIO BIO,TOME,VOLCADURA,VOLCADURA,URBANA,TRAMO DE VIA RECTA,"CONDICIONES FISICAS DEFICIENTES (CANSANCIO, SUEÑO)",DROGAS Y/O FATIGA EN CONDUCTOR,LEON LUCO, ,- LEON LUCO,360,BIDIRECCIONAL,CONCRETO,BUENO,SECO,DESPEJADO,0,1,0,0,1
-8130718.16668345,-4415022.25935357,5248,1563830,-36.827015,-73.039484,2023/09/30 00:00:00+00,1899/12/30 00:00:00+00,8,REGION BIO BIO,CONCEPCION,CHOQUE POSTERIOR,CHOQUE,URBANA,CRUCE CON SEÑAL CEDA EL PASO,CONDUCCION NO ATENTO CONDICIONES TRANSITO MOMENTO,IMPRUDENCIA DEL CONDUCTOR,PLAZA PERU,CHACABUCO,CHACABUCO - PLAZA PERU,0,UNIDIRECCIONAL,CONCRETO,BUENO,SECO,DESPEJADO,0,1,0,0,1
-8089021.78161447,-4414403.96615134,5249,1575860,-36.822569,-72.664919,2023/11/23 00:00:00+00,1899/12/30 00:00:00+00,8,REGION BIO BIO,FLORIDA,CHOQUE,CHOQUE,URBANA,TRAMO DE VIA RECTA,CONDUCCION NO ATENTO CONDICIONES TRANSITO MOMENTO,IMPRUDENCIA DEL CONDUCTOR,SARGENTO ALDEA, ,- SARGENTO ALDEA,1345,UNIDIRECCIONAL,ASFALTO,BUENO,SECO,DESPEJADO,0,1,0,0,1
-8199700.62873823,-4523316.7979797,5250,1562599,-37.60174,-73.659164,2023/09/30 00:00:00+00,1899/12/30 00:00:00+00,8,REGION BIO BIO,LEBU,CHOQUE FRENTE/POSTERIOR,CHOQUE,URBANA,TRAMO DE VIA RECTA,CONDUCCION NO ATENTO CONDICIONES TRANSITO MOMENTO,IMPRUDENCIA DEL CONDUCTOR,COVADONGA, ,- COVADONGA,342,BIDIRECCIONAL,ASFALTO,BUENO,SECO,DESPEJADO,0,0,0,0,0
-8153323.1477619,-4475011.47015622,5251,1575410,-37.257153,-73.242548,2023/11/23 00:00:00+00,1899/12/30 00:00:00+00,8,REGION BIO BIO,ARAUCO,COLISION,COLISION,URBANA,TRAMO DE VIA RECTA,CONDUCCION NO ATENTO CONDICIONES TRANSITO MOMENTO,IMPRUDENCIA DEL CONDUCTOR,VICENTE MILLAN, ,- VICENTE MILLAN,116,BIDIRECCIONAL,CONCRETO,BUENO,SECO,DESPEJADO,0,0,0,0,0
-8122582.49301832,-4398939.96001055,5252,1567921,-36.711287,-72.9664,2023/09/30 00:00:00+00,1899/12/30 00:00:00+00,8,REGION BIO BIO,PENCO,COLISION LATERAL,COLISION,URBANA,TRAMO DE VIA RECTA,CONDUCCION NO ATENTO CONDICIONES TRANSITO MOMENTO,IMPRUDENCIA DEL CONDUCTOR,LA TOSCA, ,- LA TOSCA,200,UNIDIRECCIONAL,ASFALTO,BUENO,SECO,DESPEJADO,0,0,0,0,0
-8132079.38141687,-4415215.98748979,5253,1567939,-36.828408,-73.051712,2023/10/25 00:00:00+00,1899/12/30 00:00:00+00,8,REGION BIO BIO,CONCEPCION,CHOQUE,CHOQUE,URBANA,TRAMO DE VIA RECTA,FALLAS MECANICAS DIRECCION,FALLAS MECANICAS,O'HIGGINS,RENGO,O'HIGGINS - RENGO,0,UNIDIRECCIONAL,CONCRETO,BUENO,SECO,DESPEJADO,0,0,0,0,0
-8139128.1315739,-4406844.80762457,5254,1575349,-36.768192,-73.115032,2023/11/23 00:00:00+00,1899/12/30 00:00:00+00,8,REGION BIO BIO,TALCAHUANO,COLISION LATERAL,COLISION,URBANA,TRAMO DE VIA RECTA,CONDUCCION CAMBIAR SORPRESIVAMENTE PISTA CIRCULACION,IMPRUDENCIA DEL CONDUCTOR,GRAN BRETAÑA, ,- GRAN BRETAÑA,4845,BIDIRECCIONAL CON BANDEJON,CONCRETO,BUENO,SECO,DESPEJADO,0,0,0,0,0
-8136037.12327305,-4409562.18952809,5255,1567249,-36.787744,-73.087265,2023/10/25 00:00:00+00,1899/12/30 00:00:00+00,8,REGION BIO BIO,HUALPEN,CHOQUE LADO/LADO,CHOQUE,URBANA,CRUCE SIN SEÑALIZACION,ADELANTAMIENTO SIN EL ESPACIO O TIEMPO SUFICIENTE,IMPRUDENCIA DEL CONDUCTOR,CRISTOBAL COLON, ,- CRISTOBAL COLON,8023,BIDIRECCIONAL CON BANDEJON,CONCRETO,BUENO,SECO,DESPEJADO,0,0,0,0,0
-8051339.02078604,-4504387.70991538,5256,1563415,-37.466898,-72.326409,2023/09/30 00:00:00+00,1899/12/30 00:00:00+00,8,REGION BIO BIO,LOS ANGELES,COLISION LATERAL,COLISION,URBANA,TRAMO DE VIA RECTA,CONDUCCION EN ESTADO DE EBRIEDAD,ALCOHOL EN CONDUCTOR,LAS INDUSTRIAS, ,- LAS INDUSTRIAS,24,BIDIRECCIONAL,ASFALTO,BUENO,SECO,DESPEJADO,0,3,0,0,3
-8120700.85966544,-4389328.81697234,5257,1579833,-36.642042,-72.949497,2023/11/23 00:00:00+00,1899/12/30 00:00:00+00,8,REGION BIO BIO,TOME,COLISION LATERAL,COLISION,URBANA,TRAMO DE VIA RECTA,VELOCIDAD NO RAZONABLE NI PRUDENTE,VELOCIDAD IMPRUDENTE,LOS TILOS,ARBOLEDA,ARBOLEDA - LOS TILOS,0,BIDIRECCIONAL,CONCRETO,BUENO,SECO,DESPEJADO,0,0,0,0,0
-8141359.30812787,-4399197.82909994,5258,1563622,-36.713144,-73.135075,2023/09/30 00:00:00+00,1899/12/30 00:00:00+00,8,REGION BIO BIO,TALCAHUANO,CHOQUE POSTERIOR/LADO,CHOQUE,URBANA,TRAMO DE VIA RECTA,CONDUCCION NO ATENTO CONDICIONES TRANSITO MOMENTO,IMPRUDENCIA DEL CONDUCTOR,ENSENADA HAUQUIÑIRRE, ,- ENSENADA HAUQUIÑIRRE,1379,BIDIRECCIONAL,CONCRETO,BUENO,SECO,DESPEJADO,0,0,0,0,0
-8131943.01504065,-4415144.92097996,5259,1567915,-36.827897,-73.050487,2023/10/25 00:00:00+00,1899/12/30 00:00:00+00,8,REGION BIO BIO,CONCEPCION,COLISION,COLISION,URBANA,TRAMO DE VIA RECTA,ADELANTAMIENTO SIN EL ESPACIO O TIEMPO SUFICIENTE,IMPRUDENCIA DEL CONDUCTOR,O'HIGGINS,CAUPOLICAN,CAUPOLICAN - O'HIGGINS,0,UNIDIRECCIONAL,CONCRETO,BUENO,SECO,DESPEJADO,0,0,0,0,0
-8121925.70802264,-4385853.75104608,5260,1573796,-36.61699,-72.9605,2023/11/23 00:00:00+00,1899/12/30 00:00:00+00,8,REGION BIO BIO,TOME,CHOQUE,CHOQUE,URBANA,TRAMO DE VIA RECTA,CONDUCIR VEHICULO EN RETROCESO,IMPRUDENCIA DEL CONDUCTOR,RIQUELME, ,- RIQUELME,1248,BIDIRECCIONAL,CONCRETO,BUENO,SECO,DESPEJADO,0,0,0,0,0
-8054519.75259648,-4506307.52841701,5261,1567984,-37.480585,-72.354982,2023/10/25 00:00:00+00,1899/12/30 00:00:00+00,8,REGION BIO BIO,LOS ANGELES,COLISION LATERAL,COLISION,URBANA,CRUCE CON SEMAFORO FUNCIONANDO,CONDUCCION NO ATENTO CONDICIONES TRANSITO MOMENTO,IMPRUDENCIA DEL CONDUCTOR,SAN MARTIN,VICUÑA MACKENNA,SAN MARTIN - VICUÑA MACKENNA,0,BIDIRECCIONAL,ASFALTO,BUENO,SECO,DESPEJADO,0,0,0,0,0
-8141633.3767142,-4416117.7806724,5262,1563917,-36.834892,-73.137537,2023/10/01 00:00:00+00,1899/12/30 00:00:00+00,8,REGION BIO BIO,SAN PEDRO DE LA PAZ,ATROPELLO,ATROPELLO,URBANA,TRAMO DE VIA RECTA,PEATON CRUZA CALZADA FUERA PASO PEATONES,IMPRUDENCIA DEL PEATON,DANIEL BELMAR, ,- DANIEL BELMAR,900,BIDIRECCIONAL,CONCRETO,BUENO,SECO,DESPEJADO,0,1,0,0,1
-8127683.04076697,-4433298.72389586,5263,1570745,-36.95832,-73.012219,2023/10/25 00:00:00+00,1899/12/30 00:00:00+00,8,REGION BIO BIO,CHIGUAYANTE,COLISION,COLISION,URBANA,TRAMO DE VIA RECTA,SEÑALIZACION DESOBEDECER SEÑAL PARE,DESOBEDIENCIA A SEÑALIZACION,12 DE OCTUBRE,MANUEL RODRIGUEZ,12 DE OCTUBRE - MANUEL RODRIGUEZ,0,BIDIRECCIONAL,CONCRETO,BUENO,SECO,DESPEJADO,0,1,1,0,0
-8119261.94392744,-4434022.18941491,5264,1577770,-36.963513,-72.936571,2023/11/23 00:00:00+00,1899/12/30 00:00:00+00,8,REGION BIO BIO,HUALQUI,CHOQUE FRENTE/POSTERIOR,CHOQUE,URBANA,TRAMO DE VIA RECTA,CONDUCCION NO ATENTO CONDICIONES TRANSITO MOMENTO,IMPRUDENCIA DEL CONDUCTOR,EL AGUILA, ,- EL AGUILA,165,BIDIRECCIONAL,CONCRETO,BUENO,SECO,DESPEJADO,0,1,1,0,0
-8164256.72550863,-4505295.46659129,5265,1562329,-37.47337,-73.340766,2023/10/01 00:00:00+00,1899/12/30 00:00:00+00,8,REGION BIO BIO,CURANILAHUE,CHOQUE POSTERIOR/FRENTE,CHOQUE,URBANA,TRAMO DE VIA RECTA,CONDUCCION EN ESTADO DE EBRIEDAD,ALCOHOL EN CONDUCTOR,CAMILO HENRIQUEZ, ,- CAMILO HENRIQUEZ,118,BIDIRECCIONAL,CONCRETO,BUENO,SECO,DESPEJADO,0,1,1,0,0
-8059589.01956822,-4444324.49465461,5266,1569159,-37.037424,-72.40052,2023/10/25 00:00:00+00,1899/12/30 00:00:00+00,8,REGION BIO BIO,CABRERO,CHOQUE FRENTE/POSTERIOR,CHOQUE,URBANA,CRUCE CON SEÑAL PARE,CONDUCCION NO ATENTO CONDICIONES TRANSITO MOMENTO,IMPRUDENCIA DEL CONDUCTOR,GENERAL CRUZ,LAS DELICIAS,GENERAL CRUZ - LAS DELICIAS,0,BIDIRECCIONAL,ASFALTO,BUENO,SECO,DESPEJADO,0,0,0,0,0
-8135989.14457251,-4410247.62071925,5267,1573793,-36.792675,-73.086834,2023/11/23 00:00:00+00,1899/12/30 00:00:00+00,8,REGION BIO BIO,HUALPEN,COLISION,COLISION,URBANA,CRUCE CON SEÑAL PARE,SEÑALIZACION DESOBEDECER SEÑAL PARE,DESOBEDIENCIA A SEÑALIZACION,CRISTOBAL COLON,CARAMPANGUE,CARAMPANGUE - CRISTOBAL COLON,0,BIDIRECCIONAL,CONCRETO,BUENO,SECO,DESPEJADO,0,1,0,0,1
-8130952.49421157,-4414950.35971516,5268,1567933,-36.826498,-73.041589,2023/10/25 00:00:00+00,1899/12/30 00:00:00+00,8,REGION BIO BIO,CONCEPCION,COLISION PERPENDICULAR,COLISION,URBANA,OTROS NO CONSIDERADOS,CONDUCCION NO ATENTO CONDICIONES TRANSITO MOMENTO,IMPRUDENCIA DEL CONDUCTOR,DIAGONAL PEDRO AGUIRRE CERDA,ONGOLMO,DIAGONAL PEDRO AGUIRRE CERDA - ONGOLMO,0,UNIDIRECCIONAL,CONCRETO,BUENO,SECO,DESPEJADO,0,1,0,0,1