X,Y,FID,Idaccident,Latitude,Longitude,Fecha,Hora,Cód_Regi,Región,Comuna,Tipo_Accid,Tipo__CONA,Zona,Ubicación,Causa,Causa__CON,Calle_Uno,Calle_Dos,Intersecci,Número,Calzada,Tipo_Calza,Estado_Cal,Condición,Estado_Atm,Fallecidos,Lesionados,Graves,Menos_Grav,Leves
-8060079.04796669,-4444038.47472536,5994,1561019,-37.035373,-72.404922,2023/09/14 00:00:00+00,1899/12/30 00:00:00+00,8,REGION BIO BIO,CABRERO,COLISION,COLISION,URBANA,CRUCE CON SEÑAL PARE,SEÑALIZACION DESOBEDECER SEÑAL PARE,DESOBEDIENCIA A SEÑALIZACION,MEMBRILLAR,MANUEL PALACIOS,MANUEL PALACIOS - MEMBRILLAR,0,UNIDIRECCIONAL,ASFALTO,BUENO,MOJADO,LLUVIA,0,2,0,0,2
-8133285.7507386,-4410617.94706411,5995,1558705,-36.795339,-73.062549,2023/09/14 00:00:00+00,1899/12/30 00:00:00+00,8,REGION BIO BIO,CONCEPCION,COLISION,COLISION,URBANA,TRAMO DE VIA RECTA,CONDUCCION NO ATENTO CONDICIONES TRANSITO MOMENTO,IMPRUDENCIA DEL CONDUCTOR,PAICAVI, ,- PAICAVI,3280,BIDIRECCIONAL,CONCRETO,BUENO,HUMEDO,LLUVIA,0,0,0,0,0
-8053904.71240984,-4504138.76380548,5996,1559471,-37.465123,-72.349457,2023/09/14 00:00:00+00,1899/12/30 00:00:00+00,8,REGION BIO BIO,LOS ANGELES,ATROPELLO,ATROPELLO,URBANA,TRAMO DE VIA RECTA,CONDUCCION NO ATENTO CONDICIONES TRANSITO MOMENTO,IMPRUDENCIA DEL CONDUCTOR,ALMAGRO,MARCONI,ALMAGRO - MARCONI,0,BIDIRECCIONAL,CONCRETO,BUENO,MOJADO,LLUVIA,0,1,0,0,1
-8057172.49606208,-4505988.53955009,5997,1559467,-37.478311,-72.378812,2023/09/14 00:00:00+00,1899/12/30 00:00:00+00,8,REGION BIO BIO,LOS ANGELES,COLISION LATERAL,COLISION,URBANA,TRAMO DE VIA RECTA,CONDUCCION NO ATENTO CONDICIONES TRANSITO MOMENTO,IMPRUDENCIA DEL CONDUCTOR,BAQUEDANO,VALLE DEL MONASTERIO,BAQUEDANO - VALLE DEL MONASTERIO,0,BIDIRECCIONAL,ASFALTO,BUENO,MOJADO,LLUVIA,0,0,0,0,0
-8138401.88321597,-4410308.367814,5998,1558759,-36.793112,-73.108508,2023/09/14 00:00:00+00,1899/12/30 00:00:00+00,8,REGION BIO BIO,HUALPEN,COLISION,COLISION,URBANA,CRUCE SIN SEÑALIZACION,NO RESPETAR DERECHO PREFERENTE DE PASO A VEHICULO,IMPRUDENCIA DEL CONDUCTOR,GRAN BRETAÑA,PASAJE VEINTIUNO,GRAN BRETAÑA - PASAJE VEINTIUNO,0,BIDIRECCIONAL,CONCRETO,BUENO,HUMEDO,DESPEJADO,0,0,0,0,0
-8129116.83580839,-4410130.01977685,5999,1558687,-36.791829,-73.025099,2023/09/14 00:00:00+00,1899/12/30 00:00:00+00,8,REGION BIO BIO,CONCEPCION,CHOQUE POSTERIOR/POSTERIOR,CHOQUE,URBANA,CRUCE CON SEMAFORO FUNCIONANDO,VELOCIDAD NO RAZONABLE NI PRUDENTE,VELOCIDAD IMPRUDENTE,RUTA 150,CALLE DOS,CALLE DOS - RUTA 150,0,BIDIRECCIONAL,CONCRETO,BUENO,MOJADO,LLUVIA,0,0,0,0,0
-8128156.7052003,-4431592.72201713,6000,1561518,-36.946073,-73.016474,2023/09/14 00:00:00+00,1899/12/30 00:00:00+00,8,REGION BIO BIO,CHIGUAYANTE,COLISION PERPENDICULAR,COLISION,URBANA,CRUCE CON SEMAFORO APAGADO,CONDUCCION NO ATENTO CONDICIONES TRANSITO MOMENTO,IMPRUDENCIA DEL CONDUCTOR,MANUEL RODRIGUEZ,ESPERANZA,ESPERANZA - MANUEL RODRIGUEZ,0,BIDIRECCIONAL CON BANDEJON,ASFALTO,REGULAR,MOJADO,LLUVIA,0,2,0,0,2
-8133072.68523322,-4415309.30646524,6001,1580118,-36.829079,-73.060635,2023/12/23 00:00:00+00,1899/12/30 00:00:00+00,8,REGION BIO BIO,CONCEPCION,COLISION LATERAL,COLISION,URBANA,OTROS NO CONSIDERADOS,ADELANTAMIENTO SIN EL ESPACIO O TIEMPO SUFICIENTE,IMPRUDENCIA DEL CONDUCTOR,ARTURO PRAT, ,- ARTURO PRAT,651,BIDIRECCIONAL,CONCRETO,BUENO,SECO,DESPEJADO,0,0,0,0,0
-8177949.91343213,-4526517.33069715,6002,1582237,-37.624515,-73.463774,2023/12/23 00:00:00+00,1899/12/30 00:00:00+00,8,REGION BIO BIO,LOS ALAMOS,COLISION LATERAL,COLISION,URBANA,CRUCE CON SEÑAL CEDA EL PASO,SEÑALIZACION DESOBEDECER SEÑAL CEDA EL PASO,DESOBEDIENCIA A SEÑALIZACION,LAUTARO,O'HIGGINS,LAUTARO - O'HIGGINS,0,UNIDIRECCIONAL,ASFALTO,BUENO,SECO,DESPEJADO,0,0,0,0,0
-8054625.39479324,-4503529.95768528,6003,1581847,-37.460782,-72.355931,2023/12/23 00:00:00+00,1899/12/30 00:00:00+00,8,REGION BIO BIO,LOS ANGELES,COLISION LATERAL,COLISION,URBANA,CRUCE CON SEMAFORO FUNCIONANDO,SEÑALIZACION DESOBEDECER LUZ ROJA DE SEMAFORO,DESOBEDIENCIA A SEÑALIZACION,OROMPELLO,CRISTOBAL COLON,CRISTOBAL COLON - OROMPELLO,0,UNIDIRECCIONAL,ASFALTO,REGULAR,SECO,DESPEJADO,0,2,0,0,2
-8131704.01209392,-4410621.70043758,6004,1580127,-36.795366,-73.04834,2023/12/23 00:00:00+00,1899/12/30 00:00:00+00,8,REGION BIO BIO,CONCEPCION,COLISION,COLISION,URBANA,TRAMO DE VIA RECTA,CONDUCCION NO ATENTO CONDICIONES TRANSITO MOMENTO,IMPRUDENCIA DEL CONDUCTOR,ALBERTO BLEST GANA, ,- ALBERTO BLEST GANA,2317,UNIDIRECCIONAL,CONCRETO,BUENO,SECO,DESPEJADO,0,0,0,0,0
-8141759.39037778,-4399023.83274076,6005,1580894,-36.711891,-73.138669,2023/12/23 00:00:00+00,1899/12/30 00:00:00+00,8,REGION BIO BIO,TALCAHUANO,CHOQUE FRENTE/POSTERIOR,CHOQUE,URBANA,TRAMO DE VIA RECTA,CONDUCCION SIN MANTENER DISTANCIA RAZONABLE NI PRUDENTE,IMPRUDENCIA DEL CONDUCTOR,SAN VICENTE, ,- SAN VICENTE,1353,BIDIRECCIONAL,CONCRETO,BUENO,SECO,DESPEJADO,0,2,0,0,2
-8138562.73988017,-4409413.73853343,6006,1580258,-36.786676,-73.109953,2023/12/23 00:00:00+00,1899/12/30 00:00:00+00,8,REGION BIO BIO,HUALPEN,COLISION LATERAL,COLISION,URBANA,TRAMO DE VIA RECTA,CONDUCCION NO ATENTO CONDICIONES TRANSITO MOMENTO,IMPRUDENCIA DEL CONDUCTOR,CRISTOBAL COLON, ,- CRISTOBAL COLON,187,BIDIRECCIONAL,ASFALTO,BUENO,SECO,DESPEJADO,0,0,0,0,0
-8054269.06110321,-4504618.0078615,6007,1581863,-37.46854,-72.35273,2023/12/23 00:00:00+00,1899/12/30 00:00:00+00,8,REGION BIO BIO,LOS ANGELES,COLISION LATERAL,COLISION,URBANA,TRAMO DE VIA RECTA,CONDUCCION SIN MANTENER DISTANCIA RAZONABLE NI PRUDENTE,IMPRUDENCIA DEL CONDUCTOR,VALDIVIA, ,- VALDIVIA,440,BIDIRECCIONAL,CONCRETO,BUENO,SECO,DESPEJADO,0,0,0,0,0
-8042641.74028985,-4541026.67230301,6008,1580923,-37.727676,-72.24828,2023/12/23 00:00:00+00,1899/12/30 00:00:00+00,8,REGION BIO BIO,MULCHEN,CHOQUE,CHOQUE,URBANA,CRUCE SIN SEÑALIZACION,CONDUCCION SIN MANTENER DISTANCIA RAZONABLE NI PRUDENTE,IMPRUDENCIA DEL CONDUCTOR,JOSE JOAQUIN PEREZ,CARLOS CONDELL,CARLOS CONDELL - JOSE JOAQUIN PEREZ,0,UNIDIRECCIONAL,ASFALTO,BUENO,SECO,DESPEJADO,0,0,0,0,0
-8136543.0703587,-4405348.68106942,6009,1580896,-36.757425,-73.09181,2023/12/23 00:00:00+00,1899/12/30 00:00:00+00,8,REGION BIO BIO,TALCAHUANO,COLISION LATERAL,COLISION,URBANA,CRUCE CON SEMAFORO FUNCIONANDO,SEÑALIZACION DESOBEDECER LUZ ROJA DE SEMAFORO,DESOBEDIENCIA A SEÑALIZACION,LAS AMAPOLAS,LAS HORTENSIAS,LAS AMAPOLAS - LAS HORTENSIAS,0,BIDIRECCIONAL,CONCRETO,BUENO,SECO,DESPEJADO,0,1,0,0,1
-8128676.34458332,-4430094.36345455,6010,1584188,-36.935315,-73.021142,2023/12/24 00:00:00+00,1899/12/30 00:00:00+00,8,REGION BIO BIO,CHIGUAYANTE,COLISION,COLISION,URBANA,TRAMO DE VIA RECTA,CONDUCCION SIN MANTENER DISTANCIA RAZONABLE NI PRUDENTE,IMPRUDENCIA DEL CONDUCTOR,JORGE ALESSANDRI, ,- JORGE ALESSANDRI,2937,UNIDIRECCIONAL,CONCRETO,BUENO,SECO,DESPEJADO,0,0,0,0,0
-8118816.44332529,-4375873.44639768,6011,1579891,-36.544996,-72.932569,2023/12/24 00:00:00+00,1899/12/30 00:00:00+00,8,REGION BIO BIO,TOME,CHOQUE FRONTAL,CHOQUE,URBANA,TRAMO DE VIA RECTA,CONDUCCION EN ESTADO DE EBRIEDAD,ALCOHOL EN CONDUCTOR,LAS LILAS,DANIEL VERA,DANIEL VERA - LAS LILAS,0,BIDIRECCIONAL,CONCRETO,BUENO,SECO,DESPEJADO,0,3,1,1,1
-8089656.30271199,-4509231.48425944,6012,1581070,-37.501426,-72.670619,2023/12/24 00:00:00+00,1899/12/30 00:00:00+00,8,REGION BIO BIO,NACIMIENTO,CHOQUE,CHOQUE,URBANA,TRAMO DE VIA RECTA,CONDUCCION EN ESTADO DE EBRIEDAD,ALCOHOL EN CONDUCTOR,SAN MARTIN, ,- SAN MARTIN,417,UNIDIRECCIONAL,CONCRETO,BUENO,SECO,DESPEJADO,0,0,0,0,0
-8122438.44559723,-4384594.36705515,6013,1579848,-36.607909,-72.965106,2023/12/24 00:00:00+00,1899/12/30 00:00:00+00,8,REGION BIO BIO,TOME,ATROPELLO,ATROPELLO,URBANA,CRUCE CON SEÑAL CEDA EL PASO,NO RESPETAR DERECHO PREFERENTE DE PASO A PEATON,IMPRUDENCIA DEL CONDUCTOR,ENRIQUE MOLINA,ANDES,ANDES - ENRIQUE MOLINA,0,BIDIRECCIONAL,CONCRETO,BUENO,SECO,DESPEJADO,0,1,0,0,1
-8051699.58461672,-4506813.52583283,6014,1582019,-37.484192,-72.329648,2023/12/24 00:00:00+00,1899/12/30 00:00:00+00,8,REGION BIO BIO,LOS ANGELES,ATROPELLO,ATROPELLO,URBANA,TRAMO DE VIA RECTA,CONDUCCION NO ATENTO CONDICIONES TRANSITO MOMENTO,IMPRUDENCIA DEL CONDUCTOR,FRANCISCO ENCINA, ,- FRANCISCO ENCINA,1156,BIDIRECCIONAL CON BANDEJON,ASFALTO,BUENO,SECO,DESPEJADO,0,1,0,1,0
-8128676.34458332,-4430094.36345455,6015,1582689,-36.935315,-73.021142,2023/12/24 00:00:00+00,1899/12/30 00:00:00+00,8,REGION BIO BIO,CHIGUAYANTE,ATROPELLO,ATROPELLO,URBANA,TRAMO DE VIA RECTA,PEATON CRUZA CALZADA FORMA SORPRESIVA O DESCUIDADA,IMPRUDENCIA DEL PEATON,SAN JOSE, ,- SAN JOSE,2012,BIDIRECCIONAL,CONCRETO,BUENO,SECO,DESPEJADO,0,1,0,0,1
-8128676.34458332,-4430094.36345455,6016,1584203,-36.935315,-73.021142,2023/12/24 00:00:00+00,1899/12/30 00:00:00+00,8,REGION BIO BIO,CHIGUAYANTE,CHOQUE FRENTE/LADO,CHOQUE,URBANA,ACERA O BERMA,VELOCIDAD NO RAZONABLE NI PRUDENTE,VELOCIDAD IMPRUDENTE,DIEGO DE ALMAGRO, ,- DIEGO DE ALMAGRO,197,UNIDIRECCIONAL,CONCRETO,BUENO,SECO,DESPEJADO,0,0,0,0,0
-8177308.93580414,-4526978.34438725,6017,1582241,-37.627795,-73.458016,2023/12/24 00:00:00+00,1899/12/30 00:00:00+00,8,REGION BIO BIO,LOS ALAMOS,ATROPELLO,ATROPELLO,URBANA,TRAMO DE VIA RECTA,PEATON CRUZA CALZADA FORMA SORPRESIVA O DESCUIDADA,IMPRUDENCIA DEL PEATON,PEDRO DE VALDIVIA, ,- PEDRO DE VALDIVIA,406,UNIDIRECCIONAL,ASFALTO,BUENO,SECO,DESPEJADO,0,1,1,0,0
-8131337.43701073,-4415635.02530889,6018,1580139,-36.831421,-73.045047,2023/12/24 00:00:00+00,1899/12/30 00:00:00+00,8,REGION BIO BIO,CONCEPCION,COLISION POR ALCANCE,COLISION,URBANA,CRUCE CON SEÑAL CEDA EL PASO,"VELOCIDAD NO REDUCIR CRUCE DE CALLES, CUMBRE, CURVA, ETC.",VELOCIDAD IMPRUDENTE,VICTOR LAMAS,COLO COLO,COLO COLO - VICTOR LAMAS,0,UNIDIRECCIONAL,CONCRETO,BUENO,SECO,DESPEJADO,0,0,0,0,0
-8161579.26911607,-4473553.51454775,6019,1579935,-37.246728,-73.316714,2023/12/24 00:00:00+00,1899/12/30 00:00:00+00,8,REGION BIO BIO,ARAUCO,COLISION,COLISION,URBANA,TRAMO DE VIA RECTA,CONDUCCION NO ATENTO CONDICIONES TRANSITO MOMENTO,IMPRUDENCIA DEL CONDUCTOR,ARTURO PRAT,BIO BIO,ARTURO PRAT - BIO BIO,0,BIDIRECCIONAL,ASFALTO,BUENO,SECO,DESPEJADO,0,0,0,0,0
-8138394.2021711,-4410190.21016787,6020,1580327,-36.792262,-73.108439,2023/12/25 00:00:00+00,1899/12/30 00:00:00+00,8,REGION BIO BIO,HUALPEN,CHOQUE FRONTAL,CHOQUE,URBANA,CRUCE SIN SEÑALIZACION,VELOCIDAD MAYOR QUE MAXIMA PERMITIDA,VELOCIDAD IMPRUDENTE,CROACIA,GRAN BRETAÑA,CROACIA - GRAN BRETAÑA,0,BIDIRECCIONAL,CONCRETO,BUENO,SECO,DESPEJADO,0,1,0,0,1
-8163503.42651443,-4506666.78827592,6021,1580871,-37.483146,-73.333999,2023/12/25 00:00:00+00,1899/12/30 00:00:00+00,8,REGION BIO BIO,CURANILAHUE,ATROPELLO,ATROPELLO,URBANA,CRUCE CON SEÑAL CEDA EL PASO,EBRIEDAD DEL PEATON,ALCOHOL EN PEATON,ONGOLMO,TUCAPEL,ONGOLMO - TUCAPEL,0,BIDIRECCIONAL,CONCRETO,BUENO,SECO,DESPEJADO,0,1,0,0,1
-8126892.11578489,-4413664.03628381,6022,1581180,-36.817248,-73.005114,2023/12/25 00:00:00+00,1899/12/30 00:00:00+00,8,REGION BIO BIO,CONCEPCION,COLISION FRONTAL,COLISION,URBANA,ROTONDA,CONDUCCION CONTRA SENTIDO DEL TRANSITO,IMPRUDENCIA DEL CONDUCTOR,VALLE NOBLE,COLLAO,COLLAO - VALLE NOBLE,0,UNIDIRECCIONAL,CONCRETO,BUENO,SECO,DESPEJADO,0,0,0,0,0
-8136064.73050676,-4403573.52776363,6023,1580900,-36.744648,-73.087513,2023/12/26 00:00:00+00,1899/12/30 00:00:00+00,8,REGION BIO BIO,TALCAHUANO,CHOQUE FRENTE/POSTERIOR,CHOQUE,URBANA,TRAMO DE VIA RECTA,CONDUCCION EN ESTADO DE EBRIEDAD,ALCOHOL EN CONDUCTOR,MANUEL BARROS BORGOÑO, ,- MANUEL BARROS BORGOÑO,3549,BIDIRECCIONAL,CONCRETO,BUENO,SECO,DESPEJADO,0,1,0,0,1
-8133574.84745619,-4415732.52037742,6024,1580154,-36.832122,-73.065146,2023/12/26 00:00:00+00,1899/12/30 00:00:00+00,8,REGION BIO BIO,CONCEPCION,COLISION PERPENDICULAR,COLISION,URBANA,CRUCE CON SEÑAL CEDA EL PASO,SEÑALIZACION DESOBEDECER SEÑAL CEDA EL PASO,DESOBEDIENCIA A SEÑALIZACION,COSTANERA,CENTRAL NORTE,CENTRAL NORTE - COSTANERA,0,UNIDIRECCIONAL,CONCRETO,BUENO,SECO,DESPEJADO,0,1,0,0,1
-8139757.42065536,-4402553.19500314,6025,1580899,-36.737303,-73.120685,2023/12/26 00:00:00+00,1899/12/30 00:00:00+00,8,REGION BIO BIO,TALCAHUANO,CHOQUE FRENTE/POSTERIOR,CHOQUE,URBANA,TRAMO DE VIA RECTA,CONDUCCION SIN MANTENER DISTANCIA RAZONABLE NI PRUDENTE,IMPRUDENCIA DEL CONDUCTOR,JUAN ANTONIO RIOS, ,- JUAN ANTONIO RIOS,1204,BIDIRECCIONAL,CONCRETO,BUENO,SECO,DESPEJADO,0,0,0,0,0
-8133574.84745619,-4415732.52037742,6026,1581202,-36.832122,-73.065146,2023/12/26 00:00:00+00,1899/12/30 00:00:00+00,8,REGION BIO BIO,CONCEPCION,COLISION PERPENDICULAR,COLISION,URBANA,CRUCE CON SEÑAL CEDA EL PASO,SEÑALIZACION DESOBEDECER SEÑAL CEDA EL PASO,DESOBEDIENCIA A SEÑALIZACION,COSTANERA,CENTRAL NORTE,CENTRAL NORTE - COSTANERA,0,UNIDIRECCIONAL,CONCRETO,BUENO,SECO,DESPEJADO,0,1,0,0,1
-8131906.05696971,-4412789.84227066,6027,1584915,-36.810961,-73.050155,2023/12/26 00:00:00+00,1899/12/30 00:00:00+00,8,REGION BIO BIO,CONCEPCION,COLISION POR ALCANCE,COLISION,URBANA,TRAMO DE VIA RECTA,CONDUCCION NO ATENTO CONDICIONES TRANSITO MOMENTO,IMPRUDENCIA DEL CONDUCTOR,PAICAVI,JORGE ALESSANDRI,JORGE ALESSANDRI - PAICAVI,0,BIDIRECCIONAL CON BANDEJON,CONCRETO,BUENO,SECO,DESPEJADO,0,1,0,0,1
-8132786.26018341,-4414874.01034084,6028,1584902,-36.825949,-73.058062,2023/12/26 00:00:00+00,1899/12/30 00:00:00+00,8,REGION BIO BIO,CONCEPCION,CHOQUE FRENTE/POSTERIOR,CHOQUE,URBANA,TRAMO DE VIA RECTA,SEÑALIZACION DESOBEDECER SEÑAL CEDA EL PASO,DESOBEDIENCIA A SEÑALIZACION,SALAS,CRUZ,CRUZ - SALAS,0,UNIDIRECCIONAL,CONCRETO,BUENO,SECO,DESPEJADO,0,0,0,0,0
-8122376.55196035,-4393925.59637032,6029,1580679,-36.675168,-72.96455,2023/12/26 00:00:00+00,1899/12/30 00:00:00+00,8,REGION BIO BIO,TOME,CHOQUE,CHOQUE,URBANA,TRAMO DE VIA RECTA,CONDUCCION NO ATENTO CONDICIONES TRANSITO MOMENTO,IMPRUDENCIA DEL CONDUCTOR,SANTA BARBARA, ,- SANTA BARBARA,335,BIDIRECCIONAL,CONCRETO,BUENO,SECO,DESPEJADO,0,1,0,0,1
-8089443.45984559,-4510308.05794261,6030,1582208,-37.509098,-72.668707,2023/12/26 00:00:00+00,1899/12/30 00:00:00+00,8,REGION BIO BIO,LOS ANGELES,COLISION LATERAL,COLISION,URBANA,CRUCE CON SEÑAL CEDA EL PASO,CONDUCCION NO ATENTO CONDICIONES TRANSITO MOMENTO,IMPRUDENCIA DEL CONDUCTOR,JULIO HEMMELMANN, ,- JULIO HEMMELMANN,180,BIDIRECCIONAL,ASFALTO,BUENO,SECO,DESPEJADO,0,0,0,0,0
-8126110.20768156,-4403062.02948307,6031,1581498,-36.740966,-72.99809,2023/12/26 00:00:00+00,1899/12/30 00:00:00+00,8,REGION BIO BIO,PENCO,ATROPELLO,ATROPELLO,URBANA,TRAMO DE VIA RECTA,PEATON CRUZA CALZADA FORMA SORPRESIVA O DESCUIDADA,IMPRUDENCIA DEL PEATON,TALCAHUANO, ,- TALCAHUANO,300,UNIDIRECCIONAL,ASFALTO,BUENO,SECO,DESPEJADO,0,1,1,0,0
-8140893.10210043,-4400670.87127904,6032,1581958,-36.723751,-73.130887,2023/12/26 00:00:00+00,1899/12/30 00:00:00+00,8,REGION BIO BIO,TALCAHUANO,COLISION LATERAL,COLISION,URBANA,TRAMO DE VIA RECTA,ADELANTAMIENTO SIN EL ESPACIO O TIEMPO SUFICIENTE,IMPRUDENCIA DEL CONDUCTOR,LA MARINA, ,- LA MARINA,1260,BIDIRECCIONAL,CONCRETO,BUENO,SECO,DESPEJADO,0,0,0,0,0
-8138430.4923251,-4410042.72346319,6033,1581992,-36.791201,-73.108765,2023/12/26 00:00:00+00,1899/12/30 00:00:00+00,8,REGION BIO BIO,TALCAHUANO,COLISION LATERAL,COLISION,URBANA,TRAMO DE VIA RECTA,ADELANTAMIENTO SIN EL ESPACIO O TIEMPO SUFICIENTE,IMPRUDENCIA DEL CONDUCTOR,GRAN BRETAÑA, ,- GRAN BRETAÑA,3795,BIDIRECCIONAL,CONCRETO,BUENO,SECO,DESPEJADO,0,0,0,0,0
-8136417.16801461,-4409893.29273994,6034,1580336,-36.790126,-73.090679,2023/12/26 00:00:00+00,1899/12/30 00:00:00+00,8,REGION BIO BIO,HUALPEN,ATROPELLO,ATROPELLO,URBANA,CRUCE SIN SEÑALIZACION,PEATON CRUZA CALZADA FUERA PASO PEATONES,IMPRUDENCIA DEL PEATON,COSTANERA,CURANILAHUE,COSTANERA - CURANILAHUE,0,BIDIRECCIONAL CON BANDEJON,CONCRETO,BUENO,SECO,DESPEJADO,1,0,0,0,0
-8056202.23538032,-4504248.0188634,6035,1582117,-37.465902,-72.370096,2023/12/26 00:00:00+00,1899/12/30 00:00:00+00,8,REGION BIO BIO,LOS ANGELES,CHOQUE LADO/POSTERIOR,CHOQUE,URBANA,OTROS NO CONSIDERADOS,CONDUCCION NO ATENTO CONDICIONES TRANSITO MOMENTO,IMPRUDENCIA DEL CONDUCTOR,GALVARINO, ,- GALVARINO,1400,BIDIRECCIONAL,RIPIO,REGULAR, ,DESPEJADO,0,0,0,0,0
-8137341.1197882,-4417382.56173621,6036,1583184,-36.843985,-73.098979,2023/12/27 00:00:00+00,1899/12/30 00:00:00+00,8,REGION BIO BIO,SAN PEDRO DE LA PAZ,COLISION LATERAL,COLISION,URBANA,CRUCE SIN SEÑALIZACION,"ADELANTAMIENTO EN CRUCE, CURVA, CUESTA, PUENTE",IMPRUDENCIA DEL CONDUCTOR,LOS CANELOS,LOS CIPRESES,LOS CANELOS - LOS CIPRESES,0,BIDIRECCIONAL,CONCRETO,BUENO,SECO,NUBLADO,0,0,0,0,0
-8128946.85094595,-4413660.00373049,6037,1581223,-36.817219,-73.023572,2023/12/27 00:00:00+00,1899/12/30 00:00:00+00,8,REGION BIO BIO,CONCEPCION,COLISION LATERAL,COLISION,URBANA,CRUCE SIN SEÑALIZACION,CONDUCCION SIN MANTENER DISTANCIA RAZONABLE NI PRUDENTE,IMPRUDENCIA DEL CONDUCTOR,CALETERA GENERAL BONILLA,TEGUALDA,CALETERA GENERAL BONILLA - TEGUALDA,0,UNIDIRECCIONAL,CONCRETO,BUENO,SECO,DESPEJADO,0,0,0,0,0
-8054511.40363467,-4506122.64274595,6038,1582238,-37.479267,-72.354907,2023/12/27 00:00:00+00,1899/12/30 00:00:00+00,8,REGION BIO BIO,LOS ANGELES,COLISION,COLISION,URBANA,TRAMO DE VIA RECTA,CONDUCCION NO ATENTO CONDICIONES TRANSITO MOMENTO,IMPRUDENCIA DEL CONDUCTOR,MANUEL RODRIGUEZ,ELEUTERIO RAMIREZ,ELEUTERIO RAMIREZ - MANUEL RODRIGUEZ,0,BIDIRECCIONAL,CONCRETO,BUENO,SECO,DESPEJADO,0,2,0,0,2
-8055191.00912596,-4504707.35136202,6039,1582216,-37.469177,-72.361012,2023/12/27 00:00:00+00,1899/12/30 00:00:00+00,8,REGION BIO BIO,LOS ANGELES,COLISION LATERAL,COLISION,URBANA,CRUCE CON SEÑAL CEDA EL PASO,CONDUCCION NO ATENTO CONDICIONES TRANSITO MOMENTO,IMPRUDENCIA DEL CONDUCTOR,SAN MARTIN,ELEUTERIO RAMIREZ,ELEUTERIO RAMIREZ - SAN MARTIN,0,UNIDIRECCIONAL,CONCRETO,BUENO,SECO,NUBLADO,0,3,0,0,3
-8136088.33023881,-4404359.02129926,6040,1581988,-36.750302,-73.087725,2023/12/27 00:00:00+00,1899/12/30 00:00:00+00,8,REGION BIO BIO,TALCAHUANO,OTRO TIPO,OTRO TIPO,URBANA,TRAMO DE VIA RECTA,CONDUCCION NO ATENTO CONDICIONES TRANSITO MOMENTO,IMPRUDENCIA DEL CONDUCTOR,VOLCAN OSORNO, ,- VOLCAN OSORNO,574,BIDIRECCIONAL,CONCRETO,BUENO,SECO,DESPEJADO,0,0,0,0,0
-8054945.99492672,-4506513.88038802,6041,1582229,-37.482056,-72.358811,2023/12/27 00:00:00+00,1899/12/30 00:00:00+00,8,REGION BIO BIO,LOS ANGELES,CHOQUE FRENTE/POSTERIOR,CHOQUE,URBANA,CRUCE CON SEMAFORO FUNCIONANDO,CONDUCCION NO ATENTO CONDICIONES TRANSITO MOMENTO,IMPRUDENCIA DEL CONDUCTOR,VICUÑA MACKENNA, ,- VICUÑA MACKENNA,780,BIDIRECCIONAL CON BANDEJON,ASFALTO,REGULAR,SECO,DESPEJADO,0,0,0,0,0
-8055340.28856311,-4504292.89931976,6042,1582243,-37.466222,-72.362353,2023/12/27 00:00:00+00,1899/12/30 00:00:00+00,8,REGION BIO BIO,LOS ANGELES,ATROPELLO,ATROPELLO,URBANA,TRAMO DE VIA RECTA,CONDUCCION SIN MANTENER DISTANCIA RAZONABLE NI PRUDENTE,IMPRUDENCIA DEL CONDUCTOR,FRANCISCO ENCINA,LAS DALIAS,FRANCISCO ENCINA - LAS DALIAS,0,BIDIRECCIONAL CON BANDEJON,ASFALTO,BUENO,SECO,DESPEJADO,0,2,0,1,1
-8132399.53627239,-4409308.23950562,6043,1584935,-36.785917,-73.054588,2023/12/27 00:00:00+00,1899/12/30 00:00:00+00,8,REGION BIO BIO,CONCEPCION,COLISION POR ALCANCE,COLISION,URBANA,TRAMO DE VIA RECTA,CONDUCCION SIN MANTENER DISTANCIA RAZONABLE NI PRUDENTE,IMPRUDENCIA DEL CONDUCTOR,RAMON CARRASCO,PRINCIPAL,PRINCIPAL - RAMON CARRASCO,0,BIDIRECCIONAL,CONCRETO,BUENO,SECO,DESPEJADO,0,0,0,0,0
-8136297.27692303,-4416847.588148,6044,1583197,-36.840139,-73.089602,2023/12/27 00:00:00+00,1899/12/30 00:00:00+00,8,REGION BIO BIO,SAN PEDRO DE LA PAZ,ATROPELLO,ATROPELLO,URBANA,TRAMO DE VIA RECTA,CONDUCCION NO ATENTO CONDICIONES TRANSITO MOMENTO,IMPRUDENCIA DEL CONDUCTOR,LUIS ACEVEDO, ,- LUIS ACEVEDO,197,UNIDIRECCIONAL,CONCRETO,BUENO,SECO,DESPEJADO,0,1,0,0,1
-8057254.20456832,-4504422.07195533,6045,1582221,-37.467143,-72.379546,2023/12/27 00:00:00+00,1899/12/30 00:00:00+00,8,REGION BIO BIO,LOS ANGELES,COLISION POR ALCANCE,COLISION,URBANA,OTROS NO CONSIDERADOS,CONDUCCION NO ATENTO CONDICIONES TRANSITO MOMENTO,IMPRUDENCIA DEL CONDUCTOR,EL AVENAL, ,- EL AVENAL,620,BIDIRECCIONAL,ASFALTO,REGULAR,SECO,NUBLADO,0,0,0,0,0